Workbook

Sheet KORPORAT KANWIL
D1: PT JAMKRINDO KANWIL SURABAYA
D2: LABA RUGI RKA TAHUN 2026
O4: =#REF! -> #REF!
D5: URAIAN | F5: KORPORAT WILAYAH SURABAYA | L5: REALISASI KORPORAT KANWIL SURABAYA | P5: %
F6: KUR | G6: PEN | H6: KBG/SURETYSHIP | I6: KONSUMTIF | J6: PRODUKTIF | K6: TOTAL | L6: KUR | M6: PEN | N6: NON KUR | O6: TOTAL | P6: %
C8: X1 | D8: VOLUME | F8: =KANWIL!F8+SURABAYA!F8+KEDIRI!F8+MALANG!F8+MADIUN!F8+BANYUWANGI!F8 -> 29155734228583 | G8: =KANWIL!G8+SURABAYA!G8+KEDIRI!G8+MALANG!G8+MADIUN!G8+BANYUWANGI!G8 -> 0 | H8: =KANWIL!H8+SURABAYA!H8+KEDIRI!H8+MALANG!H8+MADIUN!H8+BANYUWANGI!H8 -> 6633105465239 | I8: =KANWIL!I8+SURABAYA!I8+KEDIRI!I8+MALANG!I8+MADIUN!I8+BANYUWANGI!I8 -> 2866310409375 | J8: =KANWIL!J8+SURABAYA!J8+KEDIRI!J8+MALANG!J8+MADIUN!J8+BANYUWANGI!J8 -> 5889752816264 | K8: =SUM(F8:J8) -> 44544902919461 | L8: =KANWIL!L8+SURABAYA!L8+KEDIRI!L8+MALANG!L8+MADIUN!L8+BANYUWANGI!L8 -> 2.1418335e+13 | M8: =KANWIL!M8+SURABAYA!M8+KEDIRI!M8+MALANG!M8+MADIUN!M8+BANYUWANGI!M8 -> 0 | N8: =KANWIL!N8+SURABAYA!N8+KEDIRI!N8+MALANG!N8+MADIUN!N8+BANYUWANGI!N8 -> 5.3925176e+12 | O8: =SUM(L8:N8) -> 2.6810852e+13 | P8: =O8/K8 -> 0.60188373
C10: X2 | D10: PENDAPATAN PENJAMINAN
A11: 7 | B11: 8 | E11: Imbal Jasa Penjaminan Bruto | F11: =KANWIL!F11+SURABAYA!F11+KEDIRI!F11+MALANG!F11+MADIUN!F11+BANYUWANGI!F11 -> 1054205218156 | G11: =KANWIL!G11+SURABAYA!G11+KEDIRI!G11+MALANG!G11+MADIUN!G11+BANYUWANGI!G11 -> 0 | H11: =KANWIL!H11+SURABAYA!H11+KEDIRI!H11+MALANG!H11+MADIUN!H11+BANYUWANGI!H11 -> 21616987266 | I11: =KANWIL!I11+SURABAYA!I11+KEDIRI!I11+MALANG!I11+MADIUN!I11+BANYUWANGI!I11 -> 27821631504 | J11: =KANWIL!J11+SURABAYA!J11+KEDIRI!J11+MALANG!J11+MADIUN!J11+BANYUWANGI!J11 -> 122415438555 | K11: =SUM(F11:J11) -> 1226059275481 | L11: =KANWIL!L11+SURABAYA!L11+KEDIRI!L11+MALANG!L11+MADIUN!L11+BANYUWANGI!L11 -> 5.455123e+11 | M11: =KANWIL!M11+SURABAYA!M11+KEDIRI!M11+MALANG!M11+MADIUN!M11+BANYUWANGI!M11 -> 400000 | N11: =KANWIL!N11+SURABAYA!N11+KEDIRI!N11+MALANG!N11+MADIUN!N11+BANYUWANGI!N11 -> 2.0832822e+11 | O11: =SUM(L11:N11) -> 7.5384092e+11 | P11: =O11/K11 -> 0.61484867
A12: 12 | B12: 10 | E12: Restitusi penjaminan kredit | F12: =KANWIL!F12+SURABAYA!F12+KEDIRI!F12+MALANG!F12+MADIUN!F12+BANYUWANGI!F12 -> 0 | G12: =KANWIL!G12+SURABAYA!G12+KEDIRI!G12+MALANG!G12+MADIUN!G12+BANYUWANGI!G12 -> 0 | H12: =KANWIL!H12+SURABAYA!H12+KEDIRI!H12+MALANG!H12+MADIUN!H12+BANYUWANGI!H12 -> 0 | I12: =KANWIL!I12+SURABAYA!I12+KEDIRI!I12+MALANG!I12+MADIUN!I12+BANYUWANGI!I12 -> 0 | J12: =KANWIL!J12+SURABAYA!J12+KEDIRI!J12+MALANG!J12+MADIUN!J12+BANYUWANGI!J12 -> 0 | K12: =SUM(F12:J12) -> 0 | L12: =KANWIL!L12+SURABAYA!L12+KEDIRI!L12+MALANG!L12+MADIUN!L12+BANYUWANGI!L12 -> 0 | M12: =KANWIL!M12+SURABAYA!M12+KEDIRI!M12+MALANG!M12+MADIUN!M12+BANYUWANGI!M12 -> 0 | N12: =KANWIL!N12+SURABAYA!N12+KEDIRI!N12+MALANG!N12+MADIUN!N12+BANYUWANGI!N12 -> 0 | O12: =SUM(L12:N12) -> 0 | P12: 0
A13: 9 | B13: 9 | E13: Premi Penjaminan Ulang | F13: =KANWIL!F13+SURABAYA!F13+KEDIRI!F13+MALANG!F13+MADIUN!F13+BANYUWANGI!F13 -> 94927046114 | G13: =KANWIL!G13+SURABAYA!G13+KEDIRI!G13+MALANG!G13+MADIUN!G13+BANYUWANGI!G13 -> 0 | H13: =KANWIL!H13+SURABAYA!H13+KEDIRI!H13+MALANG!H13+MADIUN!H13+BANYUWANGI!H13 -> 2624698636 | I13: =KANWIL!I13+SURABAYA!I13+KEDIRI!I13+MALANG!I13+MADIUN!I13+BANYUWANGI!I13 -> 4151753688 | J13: =KANWIL!J13+SURABAYA!J13+KEDIRI!J13+MALANG!J13+MADIUN!J13+BANYUWANGI!J13 -> 72171043143 | K13: =SUM(F13:J13) -> 173874541581 | L13: =KANWIL!L13+SURABAYA!L13+KEDIRI!L13+MALANG!L13+MADIUN!L13+BANYUWANGI!L13 -> 5.776021e+10 | M13: =KANWIL!M13+SURABAYA!M13+KEDIRI!M13+MALANG!M13+MADIUN!M13+BANYUWANGI!M13 -> 0 | N13: =KANWIL!N13+SURABAYA!N13+KEDIRI!N13+MALANG!N13+MADIUN!N13+BANYUWANGI!N13 -> 2.6754792e+10 | O13: =SUM(L13:N13) -> 8.4515001e+10 | P13: =O13/K13 -> 0.48606887
C14: Y2 | E14: IMBAL JASA PENJAMINAN BERSIH | F14: =F11-F12-F13 -> 959278172042 | G14: =G11-G12-G13 -> 0 | H14: =H11-H12-H13 -> 18992288630 | I14: =I11-I12-I13 -> 23669877816 | J14: =J11-J12-J13 -> 50244395412 | K14: =K11-K12-K13 -> 1052184733900 | L14: =L11-L12-L13 -> 4.877521e+11 | M14: =M11-M12-M13 -> 400000 | ... O14: =O11-O12-O13 -> 6.6932592e+11 | P14: =O14/K14 -> 0.63612966
C16: X2 | D16: BEBAN KLAIM
A17: 22 | B17: 13 | E17: Beban Klaim | F17: =KANWIL!F17+SURABAYA!F17+KEDIRI!F17+MALANG!F17+MADIUN!F17+BANYUWANGI!F17 -> 809802922564 | G17: =KANWIL!G17+SURABAYA!G17+KEDIRI!G17+MALANG!G17+MADIUN!G17+BANYUWANGI!G17 -> 34965416239 | H17: =KANWIL!H17+SURABAYA!H17+KEDIRI!H17+MALANG!H17+MADIUN!H17+BANYUWANGI!H17 -> 5658069138 | I17: =KANWIL!I17+SURABAYA!I17+KEDIRI!I17+MALANG!I17+MADIUN!I17+BANYUWANGI!I17 -> 9169963227 | J17: =KANWIL!J17+SURABAYA!J17+KEDIRI!J17+MALANG!J17+MADIUN!J17+BANYUWANGI!J17 -> 102940478187 | K17: =SUM(F17:J17) -> 962536849355 | L17: =KANWIL!L17+SURABAYA!L17+KEDIRI!L17+MALANG!L17+MADIUN!L17+BANYUWANGI!L17 -> 3.3259949e+11 | M17: =KANWIL!M17+SURABAYA!M17+KEDIRI!M17+MALANG!M17+MADIUN!M17+BANYUWANGI!M17 -> 6.5023855e+09 | N17: =KANWIL!N17+SURABAYA!N17+KEDIRI!N17+MALANG!N17+MADIUN!N17+BANYUWANGI!N17 -> 1.8209554e+11 | O17: =SUM(L17:N17) -> 5.2119741e+11 | P17: =O17/K17 -> 0.54148307
A18: 24 | B18: 14 | E18: Kenaikan (Penurunan) Cadangan Klaim | F18: =KANWIL!F18+SURABAYA!F18+KEDIRI!F18+MALANG!F18+MADIUN!F18+BANYUWANGI!F18 -> 9715485499 | G18: =KANWIL!G18+SURABAYA!G18+KEDIRI!G18+MALANG!G18+MADIUN!G18+BANYUWANGI!G18 -> -10323848200 | H18: =KANWIL!H18+SURABAYA!H18+KEDIRI!H18+MALANG!H18+MADIUN!H18+BANYUWANGI!H18 -> 677983388 | I18: =KANWIL!I18+SURABAYA!I18+KEDIRI!I18+MALANG!I18+MADIUN!I18+BANYUWANGI!I18 -> 397223586 | J18: =KANWIL!J18+SURABAYA!J18+KEDIRI!J18+MALANG!J18+MADIUN!J18+BANYUWANGI!J18 -> 31382109977 | K18: =SUM(F18:J18) -> 31848954250 | L18: =KANWIL!L18+SURABAYA!L18+KEDIRI!L18+MALANG!L18+MADIUN!L18+BANYUWANGI!L18 -> 7.4728788e+10 | M18: =KANWIL!M18+SURABAYA!M18+KEDIRI!M18+MALANG!M18+MADIUN!M18+BANYUWANGI!M18 -> -9.0317836e+09 | N18: =KANWIL!N18+SURABAYA!N18+KEDIRI!N18+MALANG!N18+MADIUN!N18+BANYUWANGI!N18 -> 1.2135773e+10 | O18: =SUM(L18:N18) -> 7.7832777e+10 | P18: =O18/K18 -> 2.4438095
A19: 32 | B19: 15 | E19: Pendapatan Subrogasi | F19: =KANWIL!F19+SURABAYA!F19+KEDIRI!F19+MALANG!F19+MADIUN!F19+BANYUWANGI!F19 -> 208858906675 | G19: =KANWIL!G19+SURABAYA!G19+KEDIRI!G19+MALANG!G19+MADIUN!G19+BANYUWANGI!G19 -> 34248988772 | H19: =KANWIL!H19+SURABAYA!H19+KEDIRI!H19+MALANG!H19+MADIUN!H19+BANYUWANGI!H19 -> 147999934 | I19: =KANWIL!I19+SURABAYA!I19+KEDIRI!I19+MALANG!I19+MADIUN!I19+BANYUWANGI!I19 -> 301999866 | J19: =KANWIL!J19+SURABAYA!J19+KEDIRI!J19+MALANG!J19+MADIUN!J19+BANYUWANGI!J19 -> 83496959312 | K19: =SUM(F19:J19) -> 327054854559 | L19: =KANWIL!L19+SURABAYA!L19+KEDIRI!L19+MALANG!L19+MADIUN!L19+BANYUWANGI!L19 -> 1.0831009e+11 | M19: =KANWIL!M19+SURABAYA!M19+KEDIRI!M19+MALANG!M19+MADIUN!M19+BANYUWANGI!M19 -> 1.2937903e+10 | N19: =KANWIL!N19+SURABAYA!N19+KEDIRI!N19+MALANG!N19+MADIUN!N19+BANYUWANGI!N19 -> 4.0738256e+10 | O19: =SUM(L19:N19) -> 1.6198625e+11 | P19: =O19/K19 -> 0.49528772
A20: 37 | B20: 16 | E20: Beban Komisi Netto | F20: =KANWIL!F20+SURABAYA!F20+KEDIRI!F20+MALANG!F20+MADIUN!F20+BANYUWANGI!F20 -> 14979526236 | G20: =KANWIL!G20+SURABAYA!G20+KEDIRI!G20+MALANG!G20+MADIUN!G20+BANYUWANGI!G20 -> 0 | H20: =KANWIL!H20+SURABAYA!H20+KEDIRI!H20+MALANG!H20+MADIUN!H20+BANYUWANGI!H20 -> 456146159 | I20: =KANWIL!I20+SURABAYA!I20+KEDIRI!I20+MALANG!I20+MADIUN!I20+BANYUWANGI!I20 -> 634577379 | J20: =KANWIL!J20+SURABAYA!J20+KEDIRI!J20+MALANG!J20+MADIUN!J20+BANYUWANGI!J20 -> 11015252139 | K20: =SUM(F20:J20) -> 27085501913 | L20: =KANWIL!L20+SURABAYA!L20+KEDIRI!L20+MALANG!L20+MADIUN!L20+BANYUWANGI!L20 -> 9.4954242e+09 | M20: =KANWIL!M20+SURABAYA!M20+KEDIRI!M20+MALANG!M20+MADIUN!M20+BANYUWANGI!M20 -> 0 | N20: =KANWIL!N20+SURABAYA!N20+KEDIRI!N20+MALANG!N20+MADIUN!N20+BANYUWANGI!N20 -> 3.711802e+09 | O20: =SUM(L20:N20) -> 1.3207226e+10 | P20: =O20/K20 -> 0.48761239
C21: Y2 | E21: JUMLAH BEBAN KLAIM | F21: =F17+F18-F19-F20 -> 595679975152 | G21: =G17+G18-G19-G20 -> -9607420733 | H21: =H17+H18-H19-H20 -> 5731906433 | I21: =I17+I18-I19-I20 -> 8630609568 | J21: =J17+J18-J19-J20 -> 39810376713 | K21: =K17+K18-K19-K20 -> 640245447133 | L21: =L17+L18-L19-L20 -> 2.8952276e+11 | M21: =M17+M18-M19-M20 -> -1.5467301e+10 | ... O21: =O17+O18-O19-O20 -> 4.2383671e+11 | P21: =O21/K21 -> 0.66199098
C23: X1 | D23: PENJAMINAN BERSIH | F23: =F14-F21 -> 363598196890 | G23: =G14-G21 -> 9607420733 | H23: =H14-H21 -> 13260382197 | I23: =I14-I21 -> 15039268248 | J23: =J14-J21 -> 10434018699 | K23: =K14-K21 -> 411939286767 | L23: =L14-L21 -> 1.9822934e+11 | M23: =M14-M21 -> 1.5467701e+10 | ... O23: =O14-O21 -> 2.4548921e+11 | P23: =O23/K23 -> 0.59593542
B25: 19 | C25: X1 | D25: PENDAPATAN INVESTASI BERSIH | F25: 0 | G25: 0 | H25: 0 | I25: 0 | J25: 0 | K25: 0 | L25: 0 | M25: 0 | N25: 0 | O25: 0 | P25: 0
C27: X1 | D27: BEBAN USAHA
C28: X2 | E28: BEBAN KARYAWAN
A29: 94 | E29: Beban gaji karyawan | F29: =KANWIL!F29+SURABAYA!F29+KEDIRI!F29+MALANG!F29+MADIUN!F29+BANYUWANGI!F29 -> 8079970152 | G29: =KANWIL!G29+SURABAYA!G29+KEDIRI!G29+MALANG!G29+MADIUN!G29+BANYUWANGI!G29 -> 0 | H29: =KANWIL!H29+SURABAYA!H29+KEDIRI!H29+MALANG!H29+MADIUN!H29+BANYUWANGI!H29 -> 165683692 | I29: =KANWIL!I29+SURABAYA!I29+KEDIRI!I29+MALANG!I29+MADIUN!I29+BANYUWANGI!I29 -> 213239272 | J29: =KANWIL!J29+SURABAYA!J29+KEDIRI!J29+MALANG!J29+MADIUN!J29+BANYUWANGI!J29 -> 938254784 | K29: =SUM(F29:J29) -> 9397147900 | L29: =KANWIL!L29+SURABAYA!L29+KEDIRI!L29+MALANG!L29+MADIUN!L29+BANYUWANGI!L29 -> 3.8425372e+09 | M29: =KANWIL!M29+SURABAYA!M29+KEDIRI!M29+MALANG!M29+MADIUN!M29+BANYUWANGI!M29 -> 0 | N29: =KANWIL!N29+SURABAYA!N29+KEDIRI!N29+MALANG!N29+MADIUN!N29+BANYUWANGI!N29 -> 1.6862537e+09 | O29: =SUM(L29:N29) -> 5.528791e+09 | P29: =O29/K29 -> 0.58834777
A30: 95 | E30: Beban lembur karyawan | F30: =KANWIL!F30+SURABAYA!F30+KEDIRI!F30+MALANG!F30+MADIUN!F30+BANYUWANGI!F30 -> 252985625 | G30: =KANWIL!G30+SURABAYA!G30+KEDIRI!G30+MALANG!G30+MADIUN!G30+BANYUWANGI!G30 -> 0 | H30: =KANWIL!H30+SURABAYA!H30+KEDIRI!H30+MALANG!H30+MADIUN!H30+BANYUWANGI!H30 -> 5187593 | I30: =KANWIL!I30+SURABAYA!I30+KEDIRI!I30+MALANG!I30+MADIUN!I30+BANYUWANGI!I30 -> 6676569 | J30: =KANWIL!J30+SURABAYA!J30+KEDIRI!J30+MALANG!J30+MADIUN!J30+BANYUWANGI!J30 -> 29376961 | K30: =SUM(F30:J30) -> 294226748 | L30: =KANWIL!L30+SURABAYA!L30+KEDIRI!L30+MALANG!L30+MADIUN!L30+BANYUWANGI!L30 -> 1.0881745e+08 | M30: =KANWIL!M30+SURABAYA!M30+KEDIRI!M30+MALANG!M30+MADIUN!M30+BANYUWANGI!M30 -> 0 | N30: =KANWIL!N30+SURABAYA!N30+KEDIRI!N30+MALANG!N30+MADIUN!N30+BANYUWANGI!N30 -> 46610415 | O30: =SUM(L30:N30) -> 1.5542786e+08 | P30: =O30/K30 -> 0.52825877
A31: 96 | E31: Beban asuransi kesehatan karyawan | F31: =KANWIL!F31+SURABAYA!F31+KEDIRI!F31+MALANG!F31+MADIUN!F31+BANYUWANGI!F31 -> 1203089015 | G31: =KANWIL!G31+SURABAYA!G31+KEDIRI!G31+MALANG!G31+MADIUN!G31+BANYUWANGI!G31 -> 0 | H31: =KANWIL!H31+SURABAYA!H31+KEDIRI!H31+MALANG!H31+MADIUN!H31+BANYUWANGI!H31 -> 24669920 | I31: =KANWIL!I31+SURABAYA!I31+KEDIRI!I31+MALANG!I31+MADIUN!I31+BANYUWANGI!I31 -> 31750838 | J31: =KANWIL!J31+SURABAYA!J31+KEDIRI!J31+MALANG!J31+MADIUN!J31+BANYUWANGI!J31 -> 139703984 | K31: =SUM(F31:J31) -> 1399213757 | L31: =KANWIL!L31+SURABAYA!L31+KEDIRI!L31+MALANG!L31+MADIUN!L31+BANYUWANGI!L31 -> 32771149 | M31: =KANWIL!M31+SURABAYA!M31+KEDIRI!M31+MALANG!M31+MADIUN!M31+BANYUWANGI!M31 -> 0 | N31: =KANWIL!N31+SURABAYA!N31+KEDIRI!N31+MALANG!N31+MADIUN!N31+BANYUWANGI!N31 -> 13237851 | O31: =SUM(L31:N31) -> 46009000 | P31: =O31/K31 -> 0.032882038
A32: 97 | E32: Beban asuransi jiwa karyawan | F32: =KANWIL!F32+SURABAYA!F32+KEDIRI!F32+MALANG!F32+MADIUN!F32+BANYUWANGI!F32 -> 55120357 | G32: =KANWIL!G32+SURABAYA!G32+KEDIRI!G32+MALANG!G32+MADIUN!G32+BANYUWANGI!G32 -> 0 | H32: =KANWIL!H32+SURABAYA!H32+KEDIRI!H32+MALANG!H32+MADIUN!H32+BANYUWANGI!H32 -> 1130269 | I32: =KANWIL!I32+SURABAYA!I32+KEDIRI!I32+MALANG!I32+MADIUN!I32+BANYUWANGI!I32 -> 1454687 | J32: =KANWIL!J32+SURABAYA!J32+KEDIRI!J32+MALANG!J32+MADIUN!J32+BANYUWANGI!J32 -> 6400635 | K32: =SUM(F32:J32) -> 64105948 | L32: =KANWIL!L32+SURABAYA!L32+KEDIRI!L32+MALANG!L32+MADIUN!L32+BANYUWANGI!L32 -> 0 | M32: =KANWIL!M32+SURABAYA!M32+KEDIRI!M32+MALANG!M32+MADIUN!M32+BANYUWANGI!M32 -> 0 | N32: =KANWIL!N32+SURABAYA!N32+KEDIRI!N32+MALANG!N32+MADIUN!N32+BANYUWANGI!N32 -> 0 | O32: =SUM(L32:N32) -> 0 | P32: =O32/K32 -> 0
A33: 100 | E33: Beban dana pensiun | F33: =KANWIL!F33+SURABAYA!F33+KEDIRI!F33+MALANG!F33+MADIUN!F33+BANYUWANGI!F33 -> 873635539 | G33: =KANWIL!G33+SURABAYA!G33+KEDIRI!G33+MALANG!G33+MADIUN!G33+BANYUWANGI!G33 -> 0 | H33: =KANWIL!H33+SURABAYA!H33+KEDIRI!H33+MALANG!H33+MADIUN!H33+BANYUWANGI!H33 -> 17914319 | I33: =KANWIL!I33+SURABAYA!I33+KEDIRI!I33+MALANG!I33+MADIUN!I33+BANYUWANGI!I33 -> 23056200 | J33: =KANWIL!J33+SURABAYA!J33+KEDIRI!J33+MALANG!J33+MADIUN!J33+BANYUWANGI!J33 -> 101447493 | K33: =SUM(F33:J33) -> 1016053551 | L33: =KANWIL!L33+SURABAYA!L33+KEDIRI!L33+MALANG!L33+MADIUN!L33+BANYUWANGI!L33 -> 0 | M33: =KANWIL!M33+SURABAYA!M33+KEDIRI!M33+MALANG!M33+MADIUN!M33+BANYUWANGI!M33 -> 0 | N33: =KANWIL!N33+SURABAYA!N33+KEDIRI!N33+MALANG!N33+MADIUN!N33+BANYUWANGI!N33 -> 0 | O33: =SUM(L33:N33) -> 0 | P33: =O33/K33 -> 0
A34: 101 | E34: Beban kompensasi kinerja karyawan | F34: =KANWIL!F34+SURABAYA!F34+KEDIRI!F34+MALANG!F34+MADIUN!F34+BANYUWANGI!F34 -> 9945044587 | G34: =KANWIL!G34+SURABAYA!G34+KEDIRI!G34+MALANG!G34+MADIUN!G34+BANYUWANGI!G34 -> 0 | H34: =KANWIL!H34+SURABAYA!H34+KEDIRI!H34+MALANG!H34+MADIUN!H34+BANYUWANGI!H34 -> 203927943 | I34: =KANWIL!I34+SURABAYA!I34+KEDIRI!I34+MALANG!I34+MADIUN!I34+BANYUWANGI!I34 -> 262460630 | J34: =KANWIL!J34+SURABAYA!J34+KEDIRI!J34+MALANG!J34+MADIUN!J34+BANYUWANGI!J34 -> 1154829224 | K34: =SUM(F34:J34) -> 11566262384 | L34: =KANWIL!L34+SURABAYA!L34+KEDIRI!L34+MALANG!L34+MADIUN!L34+BANYUWANGI!L34 -> 4.9904913e+09 | M34: =KANWIL!M34+SURABAYA!M34+KEDIRI!M34+MALANG!M34+MADIUN!M34+BANYUWANGI!M34 -> 0 | N34: =KANWIL!N34+SURABAYA!N34+KEDIRI!N34+MALANG!N34+MADIUN!N34+BANYUWANGI!N34 -> 2.1914926e+09 | O34: =SUM(L34:N34) -> 7.181984e+09 | P34: =O34/K34 -> 0.62094251
A35: 102 | E35: Biaya jasa kini karyawan | F35: =KANWIL!F35+SURABAYA!F35+KEDIRI!F35+MALANG!F35+MADIUN!F35+BANYUWANGI!F35 -> 0 | G35: =KANWIL!G35+SURABAYA!G35+KEDIRI!G35+MALANG!G35+MADIUN!G35+BANYUWANGI!G35 -> 0 | H35: =KANWIL!H35+SURABAYA!H35+KEDIRI!H35+MALANG!H35+MADIUN!H35+BANYUWANGI!H35 -> 0 | I35: =KANWIL!I35+SURABAYA!I35+KEDIRI!I35+MALANG!I35+MADIUN!I35+BANYUWANGI!I35 -> 0 | J35: =KANWIL!J35+SURABAYA!J35+KEDIRI!J35+MALANG!J35+MADIUN!J35+BANYUWANGI!J35 -> 0 | K35: =SUM(F35:J35) -> 0 | L35: =KANWIL!L35+SURABAYA!L35+KEDIRI!L35+MALANG!L35+MADIUN!L35+BANYUWANGI!L35 -> 0 | M35: =KANWIL!M35+SURABAYA!M35+KEDIRI!M35+MALANG!M35+MADIUN!M35+BANYUWANGI!M35 -> 0 | N35: =KANWIL!N35+SURABAYA!N35+KEDIRI!N35+MALANG!N35+MADIUN!N35+BANYUWANGI!N35 -> 0 | O35: =SUM(L35:N35) -> 0 | P35: 0
A36: 103 | E36: Biaya jasa lalu karyawan | F36: =KANWIL!F36+SURABAYA!F36+KEDIRI!F36+MALANG!F36+MADIUN!F36+BANYUWANGI!F36 -> 0 | G36: =KANWIL!G36+SURABAYA!G36+KEDIRI!G36+MALANG!G36+MADIUN!G36+BANYUWANGI!G36 -> 0 | H36: =KANWIL!H36+SURABAYA!H36+KEDIRI!H36+MALANG!H36+MADIUN!H36+BANYUWANGI!H36 -> 0 | I36: =KANWIL!I36+SURABAYA!I36+KEDIRI!I36+MALANG!I36+MADIUN!I36+BANYUWANGI!I36 -> 0 | J36: =KANWIL!J36+SURABAYA!J36+KEDIRI!J36+MALANG!J36+MADIUN!J36+BANYUWANGI!J36 -> 0 | K36: =SUM(F36:J36) -> 0 | L36: =KANWIL!L36+SURABAYA!L36+KEDIRI!L36+MALANG!L36+MADIUN!L36+BANYUWANGI!L36 -> 0 | M36: =KANWIL!M36+SURABAYA!M36+KEDIRI!M36+MALANG!M36+MADIUN!M36+BANYUWANGI!M36 -> 0 | N36: =KANWIL!N36+SURABAYA!N36+KEDIRI!N36+MALANG!N36+MADIUN!N36+BANYUWANGI!N36 -> 0 | O36: =SUM(L36:N36) -> 0 | P36: 0
A37: 104 | E37: Bunga atas imbalan pasca kerja karyawan | F37: =KANWIL!F37+SURABAYA!F37+KEDIRI!F37+MALANG!F37+MADIUN!F37+BANYUWANGI!F37 -> 1321025775 | G37: =KANWIL!G37+SURABAYA!G37+KEDIRI!G37+MALANG!G37+MADIUN!G37+BANYUWANGI!G37 -> 0 | H37: =KANWIL!H37+SURABAYA!H37+KEDIRI!H37+MALANG!H37+MADIUN!H37+BANYUWANGI!H37 -> 27088272 | I37: =KANWIL!I37+SURABAYA!I37+KEDIRI!I37+MALANG!I37+MADIUN!I37+BANYUWANGI!I37 -> 34863319 | J37: =KANWIL!J37+SURABAYA!J37+KEDIRI!J37+MALANG!J37+MADIUN!J37+BANYUWANGI!J37 -> 153398927 | K37: =SUM(F37:J37) -> 1536376293 | L37: =KANWIL!L37+SURABAYA!L37+KEDIRI!L37+MALANG!L37+MADIUN!L37+BANYUWANGI!L37 -> 0 | M37: =KANWIL!M37+SURABAYA!M37+KEDIRI!M37+MALANG!M37+MADIUN!M37+BANYUWANGI!M37 -> 0 | N37: =KANWIL!N37+SURABAYA!N37+KEDIRI!N37+MALANG!N37+MADIUN!N37+BANYUWANGI!N37 -> 0 | O37: =SUM(L37:N37) -> 0 | P37: =O37/K37 -> 0
A38: 105 | E38: Beban BPJS kesehatan karyawan | F38: =KANWIL!F38+SURABAYA!F38+KEDIRI!F38+MALANG!F38+MADIUN!F38+BANYUWANGI!F38 -> 335276936 | G38: =KANWIL!G38+SURABAYA!G38+KEDIRI!G38+MALANG!G38+MADIUN!G38+BANYUWANGI!G38 -> 0 | H38: =KANWIL!H38+SURABAYA!H38+KEDIRI!H38+MALANG!H38+MADIUN!H38+BANYUWANGI!H38 -> 6875015 | I38: =KANWIL!I38+SURABAYA!I38+KEDIRI!I38+MALANG!I38+MADIUN!I38+BANYUWANGI!I38 -> 8848326 | J38: =KANWIL!J38+SURABAYA!J38+KEDIRI!J38+MALANG!J38+MADIUN!J38+BANYUWANGI!J38 -> 38932718 | K38: =SUM(F38:J38) -> 389932995 | L38: =KANWIL!L38+SURABAYA!L38+KEDIRI!L38+MALANG!L38+MADIUN!L38+BANYUWANGI!L38 -> 0 | M38: =KANWIL!M38+SURABAYA!M38+KEDIRI!M38+MALANG!M38+MADIUN!M38+BANYUWANGI!M38 -> 0 | N38: =KANWIL!N38+SURABAYA!N38+KEDIRI!N38+MALANG!N38+MADIUN!N38+BANYUWANGI!N38 -> 0 | O38: =SUM(L38:N38) -> 0 | P38: =O38/K38 -> 0
A39: 106 | E39: Beban BPJS jaminan hari tua karyawan | F39: =KANWIL!F39+SURABAYA!F39+KEDIRI!F39+MALANG!F39+MADIUN!F39+BANYUWANGI!F39 -> 475623528 | G39: =KANWIL!G39+SURABAYA!G39+KEDIRI!G39+MALANG!G39+MADIUN!G39+BANYUWANGI!G39 -> 0 | H39: =KANWIL!H39+SURABAYA!H39+KEDIRI!H39+MALANG!H39+MADIUN!H39+BANYUWANGI!H39 -> 9752891 | I39: =KANWIL!I39+SURABAYA!I39+KEDIRI!I39+MALANG!I39+MADIUN!I39+BANYUWANGI!I39 -> 12552226 | J39: =KANWIL!J39+SURABAYA!J39+KEDIRI!J39+MALANG!J39+MADIUN!J39+BANYUWANGI!J39 -> 55229913 | K39: =SUM(F39:J39) -> 553158558 | L39: =KANWIL!L39+SURABAYA!L39+KEDIRI!L39+MALANG!L39+MADIUN!L39+BANYUWANGI!L39 -> 0 | M39: =KANWIL!M39+SURABAYA!M39+KEDIRI!M39+MALANG!M39+MADIUN!M39+BANYUWANGI!M39 -> 0 | N39: =KANWIL!N39+SURABAYA!N39+KEDIRI!N39+MALANG!N39+MADIUN!N39+BANYUWANGI!N39 -> 0 | O39: =SUM(L39:N39) -> 0 | P39: =O39/K39 -> 0
A40: 107 | E40: Beban BPJS jaminan kecelakaan kerja dan jaminan kematian karyawan | F40: =KANWIL!F40+SURABAYA!F40+KEDIRI!F40+MALANG!F40+MADIUN!F40+BANYUWANGI!F40 -> 69028547 | G40: =KANWIL!G40+SURABAYA!G40+KEDIRI!G40+MALANG!G40+MADIUN!G40+BANYUWANGI!G40 -> 0 | H40: =KANWIL!H40+SURABAYA!H40+KEDIRI!H40+MALANG!H40+MADIUN!H40+BANYUWANGI!H40 -> 1415464 | I40: =KANWIL!I40+SURABAYA!I40+KEDIRI!I40+MALANG!I40+MADIUN!I40+BANYUWANGI!I40 -> 1821739 | J40: =KANWIL!J40+SURABAYA!J40+KEDIRI!J40+MALANG!J40+MADIUN!J40+BANYUWANGI!J40 -> 8015669 | K40: =SUM(F40:J40) -> 80281419 | L40: =KANWIL!L40+SURABAYA!L40+KEDIRI!L40+MALANG!L40+MADIUN!L40+BANYUWANGI!L40 -> 0 | M40: =KANWIL!M40+SURABAYA!M40+KEDIRI!M40+MALANG!M40+MADIUN!M40+BANYUWANGI!M40 -> 0 | N40: =KANWIL!N40+SURABAYA!N40+KEDIRI!N40+MALANG!N40+MADIUN!N40+BANYUWANGI!N40 -> 0 | O40: =SUM(L40:N40) -> 0 | P40: =O40/K40 -> 0
A41: 108 | E41: Beban BPJS jaminan pensiun karyawan | F41: =KANWIL!F41+SURABAYA!F41+KEDIRI!F41+MALANG!F41+MADIUN!F41+BANYUWANGI!F41 -> 159944196 | G41: =KANWIL!G41+SURABAYA!G41+KEDIRI!G41+MALANG!G41+MADIUN!G41+BANYUWANGI!G41 -> 0 | H41: =KANWIL!H41+SURABAYA!H41+KEDIRI!H41+MALANG!H41+MADIUN!H41+BANYUWANGI!H41 -> 3279733 | I41: =KANWIL!I41+SURABAYA!I41+KEDIRI!I41+MALANG!I41+MADIUN!I41+BANYUWANGI!I41 -> 4221101 | J41: =KANWIL!J41+SURABAYA!J41+KEDIRI!J41+MALANG!J41+MADIUN!J41+BANYUWANGI!J41 -> 18572892 | K41: =SUM(F41:J41) -> 186017922 | L41: =KANWIL!L41+SURABAYA!L41+KEDIRI!L41+MALANG!L41+MADIUN!L41+BANYUWANGI!L41 -> 0 | M41: =KANWIL!M41+SURABAYA!M41+KEDIRI!M41+MALANG!M41+MADIUN!M41+BANYUWANGI!M41 -> 0 | N41: =KANWIL!N41+SURABAYA!N41+KEDIRI!N41+MALANG!N41+MADIUN!N41+BANYUWANGI!N41 -> 0 | O41: =SUM(L41:N41) -> 0 | P41: =O41/K41 -> 0
A42: 109 | E42: Beban tunjangan hari raya karyawan | F42: =KANWIL!F42+SURABAYA!F42+KEDIRI!F42+MALANG!F42+MADIUN!F42+BANYUWANGI!F42 -> 2027967651 | G42: =KANWIL!G42+SURABAYA!G42+KEDIRI!G42+MALANG!G42+MADIUN!G42+BANYUWANGI!G42 -> 0 | H42: =KANWIL!H42+SURABAYA!H42+KEDIRI!H42+MALANG!H42+MADIUN!H42+BANYUWANGI!H42 -> 41584457 | I42: =KANWIL!I42+SURABAYA!I42+KEDIRI!I42+MALANG!I42+MADIUN!I42+BANYUWANGI!I42 -> 53520289 | J42: =KANWIL!J42+SURABAYA!J42+KEDIRI!J42+MALANG!J42+MADIUN!J42+BANYUWANGI!J42 -> 235489774 | K42: =SUM(F42:J42) -> 2358562171 | L42: =KANWIL!L42+SURABAYA!L42+KEDIRI!L42+MALANG!L42+MADIUN!L42+BANYUWANGI!L42 -> 1.5073691e+09 | M42: =KANWIL!M42+SURABAYA!M42+KEDIRI!M42+MALANG!M42+MADIUN!M42+BANYUWANGI!M42 -> 0 | N42: =KANWIL!N42+SURABAYA!N42+KEDIRI!N42+MALANG!N42+MADIUN!N42+BANYUWANGI!N42 -> 6.8942821e+08 | O42: =SUM(L42:N42) -> 2.1967973e+09 | P42: =O42/K42 -> 0.93141376
A43: 110 | E43: Beban tunjangan PPh 21 karyawan | F43: =KANWIL!F43+SURABAYA!F43+KEDIRI!F43+MALANG!F43+MADIUN!F43+BANYUWANGI!F43 -> 6863069834 | G43: =KANWIL!G43+SURABAYA!G43+KEDIRI!G43+MALANG!G43+MADIUN!G43+BANYUWANGI!G43 -> 0 | H43: =KANWIL!H43+SURABAYA!H43+KEDIRI!H43+MALANG!H43+MADIUN!H43+BANYUWANGI!H43 -> 140730562 | I43: =KANWIL!I43+SURABAYA!I43+KEDIRI!I43+MALANG!I43+MADIUN!I43+BANYUWANGI!I43 -> 181123936 | J43: =KANWIL!J43+SURABAYA!J43+KEDIRI!J43+MALANG!J43+MADIUN!J43+BANYUWANGI!J43 -> 796947017 | K43: =SUM(F43:J43) -> 7981871349 | L43: =KANWIL!L43+SURABAYA!L43+KEDIRI!L43+MALANG!L43+MADIUN!L43+BANYUWANGI!L43 -> 9.8119677e+08 | M43: =KANWIL!M43+SURABAYA!M43+KEDIRI!M43+MALANG!M43+MADIUN!M43+BANYUWANGI!M43 -> 0 | N43: =KANWIL!N43+SURABAYA!N43+KEDIRI!N43+MALANG!N43+MADIUN!N43+BANYUWANGI!N43 -> 4.7106768e+08 | O43: =SUM(L43:N43) -> 1.4522645e+09 | P43: =O43/K43 -> 0.18194536
A44: 111 | E44: Beban tunjangan transportasi karyawan | F44: =KANWIL!F44+SURABAYA!F44+KEDIRI!F44+MALANG!F44+MADIUN!F44+BANYUWANGI!F44 -> 313456462 | G44: =KANWIL!G44+SURABAYA!G44+KEDIRI!G44+MALANG!G44+MADIUN!G44+BANYUWANGI!G44 -> 0 | H44: =KANWIL!H44+SURABAYA!H44+KEDIRI!H44+MALANG!H44+MADIUN!H44+BANYUWANGI!H44 -> 6427576 | I44: =KANWIL!I44+SURABAYA!I44+KEDIRI!I44+MALANG!I44+MADIUN!I44+BANYUWANGI!I44 -> 8272461 | J44: =KANWIL!J44+SURABAYA!J44+KEDIRI!J44+MALANG!J44+MADIUN!J44+BANYUWANGI!J44 -> 36398899 | K44: =SUM(F44:J44) -> 364555398 | L44: =KANWIL!L44+SURABAYA!L44+KEDIRI!L44+MALANG!L44+MADIUN!L44+BANYUWANGI!L44 -> 1.784013e+08 | M44: =KANWIL!M44+SURABAYA!M44+KEDIRI!M44+MALANG!M44+MADIUN!M44+BANYUWANGI!M44 -> 0 | N44: =KANWIL!N44+SURABAYA!N44+KEDIRI!N44+MALANG!N44+MADIUN!N44+BANYUWANGI!N44 -> 78315368 | O44: =SUM(L44:N44) -> 2.5671667e+08 | P44: =O44/K44 -> 0.7041911
A45: 112 | E45: Beban tunjangan jabatan | F45: =KANWIL!F45+SURABAYA!F45+KEDIRI!F45+MALANG!F45+MADIUN!F45+BANYUWANGI!F45 -> 4718703168 | G45: =KANWIL!G45+SURABAYA!G45+KEDIRI!G45+MALANG!G45+MADIUN!G45+BANYUWANGI!G45 -> 0 | H45: =KANWIL!H45+SURABAYA!H45+KEDIRI!H45+MALANG!H45+MADIUN!H45+BANYUWANGI!H45 -> 96759287 | I45: =KANWIL!I45+SURABAYA!I45+KEDIRI!I45+MALANG!I45+MADIUN!I45+BANYUWANGI!I45 -> 124531748 | J45: =KANWIL!J45+SURABAYA!J45+KEDIRI!J45+MALANG!J45+MADIUN!J45+BANYUWANGI!J45 -> 547940862 | K45: =SUM(F45:J45) -> 5487935065 | L45: =KANWIL!L45+SURABAYA!L45+KEDIRI!L45+MALANG!L45+MADIUN!L45+BANYUWANGI!L45 -> 2.3255393e+09 | M45: =KANWIL!M45+SURABAYA!M45+KEDIRI!M45+MALANG!M45+MADIUN!M45+BANYUWANGI!M45 -> 0 | N45: =KANWIL!N45+SURABAYA!N45+KEDIRI!N45+MALANG!N45+MADIUN!N45+BANYUWANGI!N45 -> 1.021819e+09 | O45: =SUM(L45:N45) -> 3347358334 | P45: =O45/K45 -> 0.6099486
A46: 113 | E46: Beban tunjangan cuti besar | F46: =KANWIL!F46+SURABAYA!F46+KEDIRI!F46+MALANG!F46+MADIUN!F46+BANYUWANGI!F46 -> 109801507 | G46: =KANWIL!G46+SURABAYA!G46+KEDIRI!G46+MALANG!G46+MADIUN!G46+BANYUWANGI!G46 -> 0 | H46: =KANWIL!H46+SURABAYA!H46+KEDIRI!H46+MALANG!H46+MADIUN!H46+BANYUWANGI!H46 -> 2251533 | I46: =KANWIL!I46+SURABAYA!I46+KEDIRI!I46+MALANG!I46+MADIUN!I46+BANYUWANGI!I46 -> 2897782 | J46: =KANWIL!J46+SURABAYA!J46+KEDIRI!J46+MALANG!J46+MADIUN!J46+BANYUWANGI!J46 -> 12750269 | K46: =SUM(F46:J46) -> 127701091 | L46: =KANWIL!L46+SURABAYA!L46+KEDIRI!L46+MALANG!L46+MADIUN!L46+BANYUWANGI!L46 -> 0 | M46: =KANWIL!M46+SURABAYA!M46+KEDIRI!M46+MALANG!M46+MADIUN!M46+BANYUWANGI!M46 -> 0 | N46: =KANWIL!N46+SURABAYA!N46+KEDIRI!N46+MALANG!N46+MADIUN!N46+BANYUWANGI!N46 -> 0 | O46: =SUM(L46:N46) -> 0 | P46: =O46/K46 -> 0
A47: 114 | E47: Beban tunjangan cuti tahunan | F47: =KANWIL!F47+SURABAYA!F47+KEDIRI!F47+MALANG!F47+MADIUN!F47+BANYUWANGI!F47 -> 1053484460 | G47: =KANWIL!G47+SURABAYA!G47+KEDIRI!G47+MALANG!G47+MADIUN!G47+BANYUWANGI!G47 -> 0 | H47: =KANWIL!H47+SURABAYA!H47+KEDIRI!H47+MALANG!H47+MADIUN!H47+BANYUWANGI!H47 -> 21602207 | I47: =KANWIL!I47+SURABAYA!I47+KEDIRI!I47+MALANG!I47+MADIUN!I47+BANYUWANGI!I47 -> 27802609 | J47: =KANWIL!J47+SURABAYA!J47+KEDIRI!J47+MALANG!J47+MADIUN!J47+BANYUWANGI!J47 -> 122331745 | K47: =SUM(F47:J47) -> 1225221021 | L47: =KANWIL!L47+SURABAYA!L47+KEDIRI!L47+MALANG!L47+MADIUN!L47+BANYUWANGI!L47 -> 0 | M47: =KANWIL!M47+SURABAYA!M47+KEDIRI!M47+MALANG!M47+MADIUN!M47+BANYUWANGI!M47 -> 0 | N47: =KANWIL!N47+SURABAYA!N47+KEDIRI!N47+MALANG!N47+MADIUN!N47+BANYUWANGI!N47 -> 0 | O47: =SUM(L47:N47) -> 0 | P47: =O47/K47 -> 0
A48: 115 | E48: Beban tunjangan makan | F48: =KANWIL!F48+SURABAYA!F48+KEDIRI!F48+MALANG!F48+MADIUN!F48+BANYUWANGI!F48 -> 1290953987 | G48: =KANWIL!G48+SURABAYA!G48+KEDIRI!G48+MALANG!G48+MADIUN!G48+BANYUWANGI!G48 -> 0 | H48: =KANWIL!H48+SURABAYA!H48+KEDIRI!H48+MALANG!H48+MADIUN!H48+BANYUWANGI!H48 -> 26471636 | I48: =KANWIL!I48+SURABAYA!I48+KEDIRI!I48+MALANG!I48+MADIUN!I48+BANYUWANGI!I48 -> 34069692 | J48: =KANWIL!J48+SURABAYA!J48+KEDIRI!J48+MALANG!J48+MADIUN!J48+BANYUWANGI!J48 -> 149906959 | K48: =SUM(F48:J48) -> 1501402274 | L48: =KANWIL!L48+SURABAYA!L48+KEDIRI!L48+MALANG!L48+MADIUN!L48+BANYUWANGI!L48 -> 6.9184806e+08 | M48: =KANWIL!M48+SURABAYA!M48+KEDIRI!M48+MALANG!M48+MADIUN!M48+BANYUWANGI!M48 -> 0 | N48: =KANWIL!N48+SURABAYA!N48+KEDIRI!N48+MALANG!N48+MADIUN!N48+BANYUWANGI!N48 -> 2.9620194e+08 | O48: =SUM(L48:N48) -> 988050000 | P48: =O48/K48 -> 0.65808479
A49: 124 | E49: Beban Tunjangan Pakaian Kerja | F49: =KANWIL!F49+SURABAYA!F49+KEDIRI!F49+MALANG!F49+MADIUN!F49+BANYUWANGI!F49 -> 267732673 | G49: =KANWIL!G49+SURABAYA!G49+KEDIRI!G49+MALANG!G49+MADIUN!G49+BANYUWANGI!G49 -> 0 | H49: =KANWIL!H49+SURABAYA!H49+KEDIRI!H49+MALANG!H49+MADIUN!H49+BANYUWANGI!H49 -> 5489988 | I49: =KANWIL!I49+SURABAYA!I49+KEDIRI!I49+MALANG!I49+MADIUN!I49+BANYUWANGI!I49 -> 7065759 | J49: =KANWIL!J49+SURABAYA!J49+KEDIRI!J49+MALANG!J49+MADIUN!J49+BANYUWANGI!J49 -> 31089406 | K49: =SUM(F49:J49) -> 311377826 | L49: =KANWIL!L49+SURABAYA!L49+KEDIRI!L49+MALANG!L49+MADIUN!L49+BANYUWANGI!L49 -> 0 | M49: =KANWIL!M49+SURABAYA!M49+KEDIRI!M49+MALANG!M49+MADIUN!M49+BANYUWANGI!M49 -> 0 | N49: =KANWIL!N49+SURABAYA!N49+KEDIRI!N49+MALANG!N49+MADIUN!N49+BANYUWANGI!N49 -> 0 | O49: =SUM(L49:N49) -> 0 | P49: =O49/K49 -> 0
A50: 143 | E50: Beban kompensasi PKWT/PKWTT | F50: =KANWIL!F50+SURABAYA!F50+KEDIRI!F50+MALANG!F50+MADIUN!F50+BANYUWANGI!F50 -> 0 | G50: =KANWIL!G50+SURABAYA!G50+KEDIRI!G50+MALANG!G50+MADIUN!G50+BANYUWANGI!G50 -> 0 | H50: =KANWIL!H50+SURABAYA!H50+KEDIRI!H50+MALANG!H50+MADIUN!H50+BANYUWANGI!H50 -> 0 | I50: =KANWIL!I50+SURABAYA!I50+KEDIRI!I50+MALANG!I50+MADIUN!I50+BANYUWANGI!I50 -> 0 | J50: =KANWIL!J50+SURABAYA!J50+KEDIRI!J50+MALANG!J50+MADIUN!J50+BANYUWANGI!J50 -> 0 | K50: =SUM(F50:J50) -> 0 | L50: =KANWIL!L50+SURABAYA!L50+KEDIRI!L50+MALANG!L50+MADIUN!L50+BANYUWANGI!L50 -> -867581.56 | M50: =KANWIL!M50+SURABAYA!M50+KEDIRI!M50+MALANG!M50+MADIUN!M50+BANYUWANGI!M50 -> 0 | N50: =KANWIL!N50+SURABAYA!N50+KEDIRI!N50+MALANG!N50+MADIUN!N50+BANYUWANGI!N50 -> 867581.56 | O50: =SUM(L50:N50) -> 0 | P50: 0
A51: 0 | E51: Beban tunjangan lainnya | F51: =KANWIL!F51+SURABAYA!F51+KEDIRI!F51+MALANG!F51+MADIUN!F51+BANYUWANGI!F51 -> 610008373 | G51: =KANWIL!G51+SURABAYA!G51+KEDIRI!G51+MALANG!G51+MADIUN!G51+BANYUWANGI!G51 -> 0 | H51: =KANWIL!H51+SURABAYA!H51+KEDIRI!H51+MALANG!H51+MADIUN!H51+BANYUWANGI!H51 -> 12508516 | I51: =KANWIL!I51+SURABAYA!I51+KEDIRI!I51+MALANG!I51+MADIUN!I51+BANYUWANGI!I51 -> 16098789 | J51: =KANWIL!J51+SURABAYA!J51+KEDIRI!J51+MALANG!J51+MADIUN!J51+BANYUWANGI!J51 -> 70834826 | K51: =SUM(F51:J51) -> 709450504 | L51: =KANWIL!L51+SURABAYA!L51+KEDIRI!L51+MALANG!L51+MADIUN!L51+BANYUWANGI!L51 -> 4.1226785e+08 | M51: =KANWIL!M51+SURABAYA!M51+KEDIRI!M51+MALANG!M51+MADIUN!M51+BANYUWANGI!M51 -> 0 | N51: =KANWIL!N51+SURABAYA!N51+KEDIRI!N51+MALANG!N51+MADIUN!N51+BANYUWANGI!N51 -> 1.8258248e+08 | O51: =SUM(L51:N51) -> 5.9485033e+08 | P51: =O51/K51 -> 0.83846629
B52: 21 | C52: Y2 | E52: Total Beban Karyawan | F52: =SUM(F29:F51) -> 40025922372 | G52: =SUM(G29:G51) -> 0 | H52: =SUM(H29:H51) -> 820750873 | I52: =SUM(I29:I51) -> 1056327972 | J52: =SUM(J29:J51) -> 4647852957 | K52: =SUM(K29:K51) -> 46550854174 | L52: =SUM(L29:L51) -> 1.5070372e+10 | M52: =SUM(M29:M51) -> 0 | ... O52: =SUM(O29:O51) -> 2.1748249e+10 | P52: =O52/K52 -> 0.46719334
C54: X2 | E54: BEBAN ADMINISTRASI & UMUM
A55: 169 | E55: Imbal jasa profesional - akuntan publik | F55: =KANWIL!F55+SURABAYA!F55+KEDIRI!F55+MALANG!F55+MADIUN!F55+BANYUWANGI!F55 -> 436599 | G55: =KANWIL!G55+SURABAYA!G55+KEDIRI!G55+MALANG!G55+MADIUN!G55+BANYUWANGI!G55 -> 0 | H55: =KANWIL!H55+SURABAYA!H55+KEDIRI!H55+MALANG!H55+MADIUN!H55+BANYUWANGI!H55 -> 8953 | I55: =KANWIL!I55+SURABAYA!I55+KEDIRI!I55+MALANG!I55+MADIUN!I55+BANYUWANGI!I55 -> 11522 | J55: =KANWIL!J55+SURABAYA!J55+KEDIRI!J55+MALANG!J55+MADIUN!J55+BANYUWANGI!J55 -> 50698 | K55: =SUM(F55:J55) -> 507772 | L55: =KANWIL!L55+SURABAYA!L55+KEDIRI!L55+MALANG!L55+MADIUN!L55+BANYUWANGI!L55 -> 0 | M55: =KANWIL!M55+SURABAYA!M55+KEDIRI!M55+MALANG!M55+MADIUN!M55+BANYUWANGI!M55 -> 0 | N55: =KANWIL!N55+SURABAYA!N55+KEDIRI!N55+MALANG!N55+MADIUN!N55+BANYUWANGI!N55 -> 0 | O55: =SUM(L55:N55) -> 0 | P55: =O55/K55 -> 0
A56: 171 | E56: Imbal jasa profesional - konsultan hukum | F56: =KANWIL!F56+SURABAYA!F56+KEDIRI!F56+MALANG!F56+MADIUN!F56+BANYUWANGI!F56 -> 8349505 | G56: =KANWIL!G56+SURABAYA!G56+KEDIRI!G56+MALANG!G56+MADIUN!G56+BANYUWANGI!G56 -> 0 | H56: =KANWIL!H56+SURABAYA!H56+KEDIRI!H56+MALANG!H56+MADIUN!H56+BANYUWANGI!H56 -> 171211 | I56: =KANWIL!I56+SURABAYA!I56+KEDIRI!I56+MALANG!I56+MADIUN!I56+BANYUWANGI!I56 -> 220353 | J56: =KANWIL!J56+SURABAYA!J56+KEDIRI!J56+MALANG!J56+MADIUN!J56+BANYUWANGI!J56 -> 969554 | K56: =SUM(F56:J56) -> 9710623 | L56: =KANWIL!L56+SURABAYA!L56+KEDIRI!L56+MALANG!L56+MADIUN!L56+BANYUWANGI!L56 -> 0 | M56: =KANWIL!M56+SURABAYA!M56+KEDIRI!M56+MALANG!M56+MADIUN!M56+BANYUWANGI!M56 -> 0 | N56: =KANWIL!N56+SURABAYA!N56+KEDIRI!N56+MALANG!N56+MADIUN!N56+BANYUWANGI!N56 -> 0 | O56: =SUM(L56:N56) -> 0 | P56: =O56/K56 -> 0
A57: 175 | E57: Imbal jasa profesional - konsultan manajemen (SDM, SOP, Akuntansi dll) | F57: =KANWIL!F57+SURABAYA!F57+KEDIRI!F57+MALANG!F57+MADIUN!F57+BANYUWANGI!F57 -> 2646050 | G57: =KANWIL!G57+SURABAYA!G57+KEDIRI!G57+MALANG!G57+MADIUN!G57+BANYUWANGI!G57 -> 0 | H57: =KANWIL!H57+SURABAYA!H57+KEDIRI!H57+MALANG!H57+MADIUN!H57+BANYUWANGI!H57 -> 54259 | I57: =KANWIL!I57+SURABAYA!I57+KEDIRI!I57+MALANG!I57+MADIUN!I57+BANYUWANGI!I57 -> 69832 | J57: =KANWIL!J57+SURABAYA!J57+KEDIRI!J57+MALANG!J57+MADIUN!J57+BANYUWANGI!J57 -> 307262 | K57: =SUM(F57:J57) -> 3077403 | L57: =KANWIL!L57+SURABAYA!L57+KEDIRI!L57+MALANG!L57+MADIUN!L57+BANYUWANGI!L57 -> 0 | M57: =KANWIL!M57+SURABAYA!M57+KEDIRI!M57+MALANG!M57+MADIUN!M57+BANYUWANGI!M57 -> 0 | N57: =KANWIL!N57+SURABAYA!N57+KEDIRI!N57+MALANG!N57+MADIUN!N57+BANYUWANGI!N57 -> 0 | O57: =SUM(L57:N57) -> 0 | P57: =O57/K57 -> 0
A58: 176 | E58: Beban imbal jasa profesional IT | F58: =KANWIL!F58+SURABAYA!F58+KEDIRI!F58+MALANG!F58+MADIUN!F58+BANYUWANGI!F58 -> 0 | G58: =KANWIL!G58+SURABAYA!G58+KEDIRI!G58+MALANG!G58+MADIUN!G58+BANYUWANGI!G58 -> 0 | H58: =KANWIL!H58+SURABAYA!H58+KEDIRI!H58+MALANG!H58+MADIUN!H58+BANYUWANGI!H58 -> 0 | I58: =KANWIL!I58+SURABAYA!I58+KEDIRI!I58+MALANG!I58+MADIUN!I58+BANYUWANGI!I58 -> 0 | J58: =KANWIL!J58+SURABAYA!J58+KEDIRI!J58+MALANG!J58+MADIUN!J58+BANYUWANGI!J58 -> 0 | K58: =SUM(F58:J58) -> 0 | L58: =KANWIL!L58+SURABAYA!L58+KEDIRI!L58+MALANG!L58+MADIUN!L58+BANYUWANGI!L58 -> 0 | M58: =KANWIL!M58+SURABAYA!M58+KEDIRI!M58+MALANG!M58+MADIUN!M58+BANYUWANGI!M58 -> 0 | N58: =KANWIL!N58+SURABAYA!N58+KEDIRI!N58+MALANG!N58+MADIUN!N58+BANYUWANGI!N58 -> 0 | O58: =SUM(L58:N58) -> 0 | P58: 0
A59: 177 | E59: Imbal jasa profesional - lainnya | F59: =KANWIL!F59+SURABAYA!F59+KEDIRI!F59+MALANG!F59+MADIUN!F59+BANYUWANGI!F59 -> 1891926 | G59: =KANWIL!G59+SURABAYA!G59+KEDIRI!G59+MALANG!G59+MADIUN!G59+BANYUWANGI!G59 -> 0 | H59: =KANWIL!H59+SURABAYA!H59+KEDIRI!H59+MALANG!H59+MADIUN!H59+BANYUWANGI!H59 -> 38795 | I59: =KANWIL!I59+SURABAYA!I59+KEDIRI!I59+MALANG!I59+MADIUN!I59+BANYUWANGI!I59 -> 49930 | J59: =KANWIL!J59+SURABAYA!J59+KEDIRI!J59+MALANG!J59+MADIUN!J59+BANYUWANGI!J59 -> 219692 | K59: =SUM(F59:J59) -> 2200343 | L59: =KANWIL!L59+SURABAYA!L59+KEDIRI!L59+MALANG!L59+MADIUN!L59+BANYUWANGI!L59 -> 2743895 | M59: =KANWIL!M59+SURABAYA!M59+KEDIRI!M59+MALANG!M59+MADIUN!M59+BANYUWANGI!M59 -> 0 | N59: =KANWIL!N59+SURABAYA!N59+KEDIRI!N59+MALANG!N59+MADIUN!N59+BANYUWANGI!N59 -> 1106105 | O59: =SUM(L59:N59) -> 3850000 | P59: =O59/K59 -> 1.7497272
A60: 179 | E60: Air, listrik dan utilitas - gedung | F60: =KANWIL!F60+SURABAYA!F60+KEDIRI!F60+MALANG!F60+MADIUN!F60+BANYUWANGI!F60 -> 873828187 | G60: =KANWIL!G60+SURABAYA!G60+KEDIRI!G60+MALANG!G60+MADIUN!G60+BANYUWANGI!G60 -> 0 | H60: =KANWIL!H60+SURABAYA!H60+KEDIRI!H60+MALANG!H60+MADIUN!H60+BANYUWANGI!H60 -> 17918270 | I60: =KANWIL!I60+SURABAYA!I60+KEDIRI!I60+MALANG!I60+MADIUN!I60+BANYUWANGI!I60 -> 23061285 | J60: =KANWIL!J60+SURABAYA!J60+KEDIRI!J60+MALANG!J60+MADIUN!J60+BANYUWANGI!J60 -> 101469864 | K60: =SUM(F60:J60) -> 1016277606 | L60: =KANWIL!L60+SURABAYA!L60+KEDIRI!L60+MALANG!L60+MADIUN!L60+BANYUWANGI!L60 -> 4.3838503e+08 | M60: =KANWIL!M60+SURABAYA!M60+KEDIRI!M60+MALANG!M60+MADIUN!M60+BANYUWANGI!M60 -> 0 | N60: =KANWIL!N60+SURABAYA!N60+KEDIRI!N60+MALANG!N60+MADIUN!N60+BANYUWANGI!N60 -> 1.9336014e+08 | O60: =SUM(L60:N60) -> 6.3174518e+08 | P60: =O60/K60 -> 0.62162658
A61: 180 | E61: Air, listrik dan utilitas - rumah dinas | F61: =KANWIL!F61+SURABAYA!F61+KEDIRI!F61+MALANG!F61+MADIUN!F61+BANYUWANGI!F61 -> 83135894 | G61: =KANWIL!G61+SURABAYA!G61+KEDIRI!G61+MALANG!G61+MADIUN!G61+BANYUWANGI!G61 -> 0 | H61: =KANWIL!H61+SURABAYA!H61+KEDIRI!H61+MALANG!H61+MADIUN!H61+BANYUWANGI!H61 -> 1704742 | I61: =KANWIL!I61+SURABAYA!I61+KEDIRI!I61+MALANG!I61+MADIUN!I61+BANYUWANGI!I61 -> 2194048 | J61: =KANWIL!J61+SURABAYA!J61+KEDIRI!J61+MALANG!J61+MADIUN!J61+BANYUWANGI!J61 -> 9653828 | K61: =SUM(F61:J61) -> 96688512 | L61: =KANWIL!L61+SURABAYA!L61+KEDIRI!L61+MALANG!L61+MADIUN!L61+BANYUWANGI!L61 -> 35708009 | M61: =KANWIL!M61+SURABAYA!M61+KEDIRI!M61+MALANG!M61+MADIUN!M61+BANYUWANGI!M61 -> 0 | N61: =KANWIL!N61+SURABAYA!N61+KEDIRI!N61+MALANG!N61+MADIUN!N61+BANYUWANGI!N61 -> 15802505 | O61: =SUM(L61:N61) -> 51510514 | P61: =O61/K61 -> 0.53274699
A62: 181 | E62: Pemasaran | F62: =KANWIL!F62+SURABAYA!F62+KEDIRI!F62+MALANG!F62+MADIUN!F62+BANYUWANGI!F62 -> 4313613701 | G62: =KANWIL!G62+SURABAYA!G62+KEDIRI!G62+MALANG!G62+MADIUN!G62+BANYUWANGI!G62 -> 0 | H62: =KANWIL!H62+SURABAYA!H62+KEDIRI!H62+MALANG!H62+MADIUN!H62+BANYUWANGI!H62 -> 88452734 | I62: =KANWIL!I62+SURABAYA!I62+KEDIRI!I62+MALANG!I62+MADIUN!I62+BANYUWANGI!I62 -> 113840995 | J62: =KANWIL!J62+SURABAYA!J62+KEDIRI!J62+MALANG!J62+MADIUN!J62+BANYUWANGI!J62 -> 500901441 | K62: =SUM(F62:J62) -> 5016808871 | L62: =KANWIL!L62+SURABAYA!L62+KEDIRI!L62+MALANG!L62+MADIUN!L62+BANYUWANGI!L62 -> 2.0460988e+09 | M62: =KANWIL!M62+SURABAYA!M62+KEDIRI!M62+MALANG!M62+MADIUN!M62+BANYUWANGI!M62 -> 0 | N62: =KANWIL!N62+SURABAYA!N62+KEDIRI!N62+MALANG!N62+MADIUN!N62+BANYUWANGI!N62 -> 9.4481258e+08 | O62: =SUM(L62:N62) -> 2.9909113e+09 | P62: =O62/K62 -> 0.59617805
A63: 134 | E63: Beban pelatihan manajemen | F63: =KANWIL!F63+SURABAYA!F63+KEDIRI!F63+MALANG!F63+MADIUN!F63+BANYUWANGI!F63 -> 0 | G63: =KANWIL!G63+SURABAYA!G63+KEDIRI!G63+MALANG!G63+MADIUN!G63+BANYUWANGI!G63 -> 0 | H63: =KANWIL!H63+SURABAYA!H63+KEDIRI!H63+MALANG!H63+MADIUN!H63+BANYUWANGI!H63 -> 0 | I63: =KANWIL!I63+SURABAYA!I63+KEDIRI!I63+MALANG!I63+MADIUN!I63+BANYUWANGI!I63 -> 0 | J63: =KANWIL!J63+SURABAYA!J63+KEDIRI!J63+MALANG!J63+MADIUN!J63+BANYUWANGI!J63 -> 0 | K63: =SUM(F63:J63) -> 0 | L63: =KANWIL!L63+SURABAYA!L63+KEDIRI!L63+MALANG!L63+MADIUN!L63+BANYUWANGI!L63 -> 0 | M63: =KANWIL!M63+SURABAYA!M63+KEDIRI!M63+MALANG!M63+MADIUN!M63+BANYUWANGI!M63 -> 0 | N63: =KANWIL!N63+SURABAYA!N63+KEDIRI!N63+MALANG!N63+MADIUN!N63+BANYUWANGI!N63 -> 0 | O63: =SUM(L63:N63) -> 0 | P63: 0
A64: 132 | E64: Beban pelatihan karyawan - insidentil | F64: =KANWIL!F64+SURABAYA!F64+KEDIRI!F64+MALANG!F64+MADIUN!F64+BANYUWANGI!F64 -> 0 | G64: =KANWIL!G64+SURABAYA!G64+KEDIRI!G64+MALANG!G64+MADIUN!G64+BANYUWANGI!G64 -> 0 | H64: =KANWIL!H64+SURABAYA!H64+KEDIRI!H64+MALANG!H64+MADIUN!H64+BANYUWANGI!H64 -> 0 | I64: =KANWIL!I64+SURABAYA!I64+KEDIRI!I64+MALANG!I64+MADIUN!I64+BANYUWANGI!I64 -> 0 | J64: =KANWIL!J64+SURABAYA!J64+KEDIRI!J64+MALANG!J64+MADIUN!J64+BANYUWANGI!J64 -> 0 | K64: =SUM(F64:J64) -> 0 | L64: =KANWIL!L64+SURABAYA!L64+KEDIRI!L64+MALANG!L64+MADIUN!L64+BANYUWANGI!L64 -> 0 | M64: =KANWIL!M64+SURABAYA!M64+KEDIRI!M64+MALANG!M64+MADIUN!M64+BANYUWANGI!M64 -> 0 | N64: =KANWIL!N64+SURABAYA!N64+KEDIRI!N64+MALANG!N64+MADIUN!N64+BANYUWANGI!N64 -> 0 | O64: =SUM(L64:N64) -> 0 | P64: 0
A65: 133 | E65: Beban pelatihan karyawan - leadership | F65: =KANWIL!F65+SURABAYA!F65+KEDIRI!F65+MALANG!F65+MADIUN!F65+BANYUWANGI!F65 -> 0 | G65: =KANWIL!G65+SURABAYA!G65+KEDIRI!G65+MALANG!G65+MADIUN!G65+BANYUWANGI!G65 -> 0 | H65: =KANWIL!H65+SURABAYA!H65+KEDIRI!H65+MALANG!H65+MADIUN!H65+BANYUWANGI!H65 -> 0 | I65: =KANWIL!I65+SURABAYA!I65+KEDIRI!I65+MALANG!I65+MADIUN!I65+BANYUWANGI!I65 -> 0 | J65: =KANWIL!J65+SURABAYA!J65+KEDIRI!J65+MALANG!J65+MADIUN!J65+BANYUWANGI!J65 -> 0 | K65: =SUM(F65:J65) -> 0 | L65: =KANWIL!L65+SURABAYA!L65+KEDIRI!L65+MALANG!L65+MADIUN!L65+BANYUWANGI!L65 -> 0 | M65: =KANWIL!M65+SURABAYA!M65+KEDIRI!M65+MALANG!M65+MADIUN!M65+BANYUWANGI!M65 -> 0 | N65: =KANWIL!N65+SURABAYA!N65+KEDIRI!N65+MALANG!N65+MADIUN!N65+BANYUWANGI!N65 -> 0 | O65: =SUM(L65:N65) -> 0 | P65: 0
A66: 182 | E66: Beban pelatihan karyawan - TNA | F66: =KANWIL!F66+SURABAYA!F66+KEDIRI!F66+MALANG!F66+MADIUN!F66+BANYUWANGI!F66 -> 0 | G66: =KANWIL!G66+SURABAYA!G66+KEDIRI!G66+MALANG!G66+MADIUN!G66+BANYUWANGI!G66 -> 0 | H66: =KANWIL!H66+SURABAYA!H66+KEDIRI!H66+MALANG!H66+MADIUN!H66+BANYUWANGI!H66 -> 0 | I66: =KANWIL!I66+SURABAYA!I66+KEDIRI!I66+MALANG!I66+MADIUN!I66+BANYUWANGI!I66 -> 0 | J66: =KANWIL!J66+SURABAYA!J66+KEDIRI!J66+MALANG!J66+MADIUN!J66+BANYUWANGI!J66 -> 0 | K66: =SUM(F66:J66) -> 0 | L66: =KANWIL!L66+SURABAYA!L66+KEDIRI!L66+MALANG!L66+MADIUN!L66+BANYUWANGI!L66 -> 0 | M66: =KANWIL!M66+SURABAYA!M66+KEDIRI!M66+MALANG!M66+MADIUN!M66+BANYUWANGI!M66 -> 0 | N66: =KANWIL!N66+SURABAYA!N66+KEDIRI!N66+MALANG!N66+MADIUN!N66+BANYUWANGI!N66 -> 0 | O66: =SUM(L66:N66) -> 0 | P66: 0
A67: 137 | E67: Beban sertifikasi | F67: =KANWIL!F67+SURABAYA!F67+KEDIRI!F67+MALANG!F67+MADIUN!F67+BANYUWANGI!F67 -> 0 | G67: =KANWIL!G67+SURABAYA!G67+KEDIRI!G67+MALANG!G67+MADIUN!G67+BANYUWANGI!G67 -> 0 | H67: =KANWIL!H67+SURABAYA!H67+KEDIRI!H67+MALANG!H67+MADIUN!H67+BANYUWANGI!H67 -> 0 | I67: =KANWIL!I67+SURABAYA!I67+KEDIRI!I67+MALANG!I67+MADIUN!I67+BANYUWANGI!I67 -> 0 | J67: =KANWIL!J67+SURABAYA!J67+KEDIRI!J67+MALANG!J67+MADIUN!J67+BANYUWANGI!J67 -> 0 | K67: =SUM(F67:J67) -> 0 | L67: =KANWIL!L67+SURABAYA!L67+KEDIRI!L67+MALANG!L67+MADIUN!L67+BANYUWANGI!L67 -> 0 | M67: =KANWIL!M67+SURABAYA!M67+KEDIRI!M67+MALANG!M67+MADIUN!M67+BANYUWANGI!M67 -> 0 | N67: =KANWIL!N67+SURABAYA!N67+KEDIRI!N67+MALANG!N67+MADIUN!N67+BANYUWANGI!N67 -> 0 | O67: =SUM(L67:N67) -> 0 | P67: 0
A68: 129 | E68: Beban perekrutan karyawan | F68: =KANWIL!F68+SURABAYA!F68+KEDIRI!F68+MALANG!F68+MADIUN!F68+BANYUWANGI!F68 -> 0 | G68: =KANWIL!G68+SURABAYA!G68+KEDIRI!G68+MALANG!G68+MADIUN!G68+BANYUWANGI!G68 -> 0 | H68: =KANWIL!H68+SURABAYA!H68+KEDIRI!H68+MALANG!H68+MADIUN!H68+BANYUWANGI!H68 -> 0 | I68: =KANWIL!I68+SURABAYA!I68+KEDIRI!I68+MALANG!I68+MADIUN!I68+BANYUWANGI!I68 -> 0 | J68: =KANWIL!J68+SURABAYA!J68+KEDIRI!J68+MALANG!J68+MADIUN!J68+BANYUWANGI!J68 -> 0 | K68: =SUM(F68:J68) -> 0 | L68: =KANWIL!L68+SURABAYA!L68+KEDIRI!L68+MALANG!L68+MADIUN!L68+BANYUWANGI!L68 -> 0 | M68: =KANWIL!M68+SURABAYA!M68+KEDIRI!M68+MALANG!M68+MADIUN!M68+BANYUWANGI!M68 -> 0 | N68: =KANWIL!N68+SURABAYA!N68+KEDIRI!N68+MALANG!N68+MADIUN!N68+BANYUWANGI!N68 -> 0 | O68: =SUM(L68:N68) -> 0 | P68: 0
A69: 5 | E69: Beban uang saku magang | F69: =KANWIL!F69+SURABAYA!F69+KEDIRI!F69+MALANG!F69+MADIUN!F69+BANYUWANGI!F69 -> 0 | G69: =KANWIL!G69+SURABAYA!G69+KEDIRI!G69+MALANG!G69+MADIUN!G69+BANYUWANGI!G69 -> 0 | H69: =KANWIL!H69+SURABAYA!H69+KEDIRI!H69+MALANG!H69+MADIUN!H69+BANYUWANGI!H69 -> 0 | I69: =KANWIL!I69+SURABAYA!I69+KEDIRI!I69+MALANG!I69+MADIUN!I69+BANYUWANGI!I69 -> 0 | J69: =KANWIL!J69+SURABAYA!J69+KEDIRI!J69+MALANG!J69+MADIUN!J69+BANYUWANGI!J69 -> 0 | K69: =SUM(F69:J69) -> 0 | L69: =KANWIL!L69+SURABAYA!L69+KEDIRI!L69+MALANG!L69+MADIUN!L69+BANYUWANGI!L69 -> 0 | M69: =KANWIL!M69+SURABAYA!M69+KEDIRI!M69+MALANG!M69+MADIUN!M69+BANYUWANGI!M69 -> 0 | N69: =KANWIL!N69+SURABAYA!N69+KEDIRI!N69+MALANG!N69+MADIUN!N69+BANYUWANGI!N69 -> 0 | O69: =SUM(L69:N69) -> 0 | P69: 0
A70: 183 | E70: Akomodasi dinas dalam negeri | F70: =KANWIL!F70+SURABAYA!F70+KEDIRI!F70+MALANG!F70+MADIUN!F70+BANYUWANGI!F70 -> 630751011 | G70: =KANWIL!G70+SURABAYA!G70+KEDIRI!G70+MALANG!G70+MADIUN!G70+BANYUWANGI!G70 -> 0 | H70: =KANWIL!H70+SURABAYA!H70+KEDIRI!H70+MALANG!H70+MADIUN!H70+BANYUWANGI!H70 -> 12933856 | I70: =KANWIL!I70+SURABAYA!I70+KEDIRI!I70+MALANG!I70+MADIUN!I70+BANYUWANGI!I70 -> 16646213 | J70: =KANWIL!J70+SURABAYA!J70+KEDIRI!J70+MALANG!J70+MADIUN!J70+BANYUWANGI!J70 -> 73243484 | K70: =SUM(F70:J70) -> 733574564 | L70: =KANWIL!L70+SURABAYA!L70+KEDIRI!L70+MALANG!L70+MADIUN!L70+BANYUWANGI!L70 -> 1.6877233e+08 | M70: =KANWIL!M70+SURABAYA!M70+KEDIRI!M70+MALANG!M70+MADIUN!M70+BANYUWANGI!M70 -> 0 | N70: =KANWIL!N70+SURABAYA!N70+KEDIRI!N70+MALANG!N70+MADIUN!N70+BANYUWANGI!N70 -> 72602146 | O70: =SUM(L70:N70) -> 2.4137448e+08 | P70: =O70/K70 -> 0.32903878
A71: 184 | E71: Tranportasi dinas dalam negeri | F71: =KANWIL!F71+SURABAYA!F71+KEDIRI!F71+MALANG!F71+MADIUN!F71+BANYUWANGI!F71 -> 59450300 | G71: =KANWIL!G71+SURABAYA!G71+KEDIRI!G71+MALANG!G71+MADIUN!G71+BANYUWANGI!G71 -> 0 | H71: =KANWIL!H71+SURABAYA!H71+KEDIRI!H71+MALANG!H71+MADIUN!H71+BANYUWANGI!H71 -> 1219057 | I71: =KANWIL!I71+SURABAYA!I71+KEDIRI!I71+MALANG!I71+MADIUN!I71+BANYUWANGI!I71 -> 1568957 | J71: =KANWIL!J71+SURABAYA!J71+KEDIRI!J71+MALANG!J71+MADIUN!J71+BANYUWANGI!J71 -> 6903430 | K71: =SUM(F71:J71) -> 69141744 | L71: =KANWIL!L71+SURABAYA!L71+KEDIRI!L71+MALANG!L71+MADIUN!L71+BANYUWANGI!L71 -> 86242563 | M71: =KANWIL!M71+SURABAYA!M71+KEDIRI!M71+MALANG!M71+MADIUN!M71+BANYUWANGI!M71 -> 0 | N71: =KANWIL!N71+SURABAYA!N71+KEDIRI!N71+MALANG!N71+MADIUN!N71+BANYUWANGI!N71 -> 38364336 | O71: =SUM(L71:N71) -> 1.246069e+08 | P71: =O71/K71 -> 1.8021949
A72: 185 | E72: Tunjangan perjalanan dinas dalam negeri | F72: =KANWIL!F72+SURABAYA!F72+KEDIRI!F72+MALANG!F72+MADIUN!F72+BANYUWANGI!F72 -> 334756308 | G72: =KANWIL!G72+SURABAYA!G72+KEDIRI!G72+MALANG!G72+MADIUN!G72+BANYUWANGI!G72 -> 0 | H72: =KANWIL!H72+SURABAYA!H72+KEDIRI!H72+MALANG!H72+MADIUN!H72+BANYUWANGI!H72 -> 6864341 | I72: =KANWIL!I72+SURABAYA!I72+KEDIRI!I72+MALANG!I72+MADIUN!I72+BANYUWANGI!I72 -> 8834586 | J72: =KANWIL!J72+SURABAYA!J72+KEDIRI!J72+MALANG!J72+MADIUN!J72+BANYUWANGI!J72 -> 38872263 | K72: =SUM(F72:J72) -> 389327498 | L72: =KANWIL!L72+SURABAYA!L72+KEDIRI!L72+MALANG!L72+MADIUN!L72+BANYUWANGI!L72 -> 283870525 | M72: =KANWIL!M72+SURABAYA!M72+KEDIRI!M72+MALANG!M72+MADIUN!M72+BANYUWANGI!M72 -> 0 | N72: =KANWIL!N72+SURABAYA!N72+KEDIRI!N72+MALANG!N72+MADIUN!N72+BANYUWANGI!N72 -> 1.2685947e+08 | O72: =SUM(L72:N72) -> 410730000 | P72: =O72/K72 -> 1.054973
A73: 186 | E73: Akomodasi dinas luar negeri | F73: =KANWIL!F73+SURABAYA!F73+KEDIRI!F73+MALANG!F73+MADIUN!F73+BANYUWANGI!F73 -> 0 | G73: =KANWIL!G73+SURABAYA!G73+KEDIRI!G73+MALANG!G73+MADIUN!G73+BANYUWANGI!G73 -> 0 | H73: =KANWIL!H73+SURABAYA!H73+KEDIRI!H73+MALANG!H73+MADIUN!H73+BANYUWANGI!H73 -> 0 | I73: =KANWIL!I73+SURABAYA!I73+KEDIRI!I73+MALANG!I73+MADIUN!I73+BANYUWANGI!I73 -> 0 | J73: =KANWIL!J73+SURABAYA!J73+KEDIRI!J73+MALANG!J73+MADIUN!J73+BANYUWANGI!J73 -> 0 | K73: =SUM(F73:J73) -> 0 | L73: =KANWIL!L73+SURABAYA!L73+KEDIRI!L73+MALANG!L73+MADIUN!L73+BANYUWANGI!L73 -> 0 | M73: =KANWIL!M73+SURABAYA!M73+KEDIRI!M73+MALANG!M73+MADIUN!M73+BANYUWANGI!M73 -> 0 | N73: =KANWIL!N73+SURABAYA!N73+KEDIRI!N73+MALANG!N73+MADIUN!N73+BANYUWANGI!N73 -> 0 | O73: =SUM(L73:N73) -> 0 | P73: 0
A74: 187 | E74: Tranportasi dinas luar negeri | F74: =KANWIL!F74+SURABAYA!F74+KEDIRI!F74+MALANG!F74+MADIUN!F74+BANYUWANGI!F74 -> 0 | G74: =KANWIL!G74+SURABAYA!G74+KEDIRI!G74+MALANG!G74+MADIUN!G74+BANYUWANGI!G74 -> 0 | H74: =KANWIL!H74+SURABAYA!H74+KEDIRI!H74+MALANG!H74+MADIUN!H74+BANYUWANGI!H74 -> 0 | I74: =KANWIL!I74+SURABAYA!I74+KEDIRI!I74+MALANG!I74+MADIUN!I74+BANYUWANGI!I74 -> 0 | J74: =KANWIL!J74+SURABAYA!J74+KEDIRI!J74+MALANG!J74+MADIUN!J74+BANYUWANGI!J74 -> 0 | K74: =SUM(F74:J74) -> 0 | L74: =KANWIL!L74+SURABAYA!L74+KEDIRI!L74+MALANG!L74+MADIUN!L74+BANYUWANGI!L74 -> 2645845.5 | M74: =KANWIL!M74+SURABAYA!M74+KEDIRI!M74+MALANG!M74+MADIUN!M74+BANYUWANGI!M74 -> 0 | N74: =KANWIL!N74+SURABAYA!N74+KEDIRI!N74+MALANG!N74+MADIUN!N74+BANYUWANGI!N74 -> 1132314.5 | O74: =SUM(L74:N74) -> 3778160 | P74: 0
A75: 188 | E75: Tunjangan perjalanan dinas luar negeri | F75: =KANWIL!F75+SURABAYA!F75+KEDIRI!F75+MALANG!F75+MADIUN!F75+BANYUWANGI!F75 -> 0 | G75: =KANWIL!G75+SURABAYA!G75+KEDIRI!G75+MALANG!G75+MADIUN!G75+BANYUWANGI!G75 -> 0 | H75: =KANWIL!H75+SURABAYA!H75+KEDIRI!H75+MALANG!H75+MADIUN!H75+BANYUWANGI!H75 -> 0 | I75: =KANWIL!I75+SURABAYA!I75+KEDIRI!I75+MALANG!I75+MADIUN!I75+BANYUWANGI!I75 -> 0 | J75: =KANWIL!J75+SURABAYA!J75+KEDIRI!J75+MALANG!J75+MADIUN!J75+BANYUWANGI!J75 -> 0 | K75: =SUM(F75:J75) -> 0 | L75: =KANWIL!L75+SURABAYA!L75+KEDIRI!L75+MALANG!L75+MADIUN!L75+BANYUWANGI!L75 -> 0 | M75: =KANWIL!M75+SURABAYA!M75+KEDIRI!M75+MALANG!M75+MADIUN!M75+BANYUWANGI!M75 -> 0 | N75: =KANWIL!N75+SURABAYA!N75+KEDIRI!N75+MALANG!N75+MADIUN!N75+BANYUWANGI!N75 -> 0 | O75: =SUM(L75:N75) -> 0 | P75: 0
A76: 189 | E76: Percetakan dan inventaris kantor | F76: =KANWIL!F76+SURABAYA!F76+KEDIRI!F76+MALANG!F76+MADIUN!F76+BANYUWANGI!F76 -> 693742351 | G76: =KANWIL!G76+SURABAYA!G76+KEDIRI!G76+MALANG!G76+MADIUN!G76+BANYUWANGI!G76 -> 0 | H76: =KANWIL!H76+SURABAYA!H76+KEDIRI!H76+MALANG!H76+MADIUN!H76+BANYUWANGI!H76 -> 14225522 | I76: =KANWIL!I76+SURABAYA!I76+KEDIRI!I76+MALANG!I76+MADIUN!I76+BANYUWANGI!I76 -> 18308622 | J76: =KANWIL!J76+SURABAYA!J76+KEDIRI!J76+MALANG!J76+MADIUN!J76+BANYUWANGI!J76 -> 80558105 | K76: =SUM(F76:J76) -> 806834600 | L76: =KANWIL!L76+SURABAYA!L76+KEDIRI!L76+MALANG!L76+MADIUN!L76+BANYUWANGI!L76 -> 307661627 | M76: =KANWIL!M76+SURABAYA!M76+KEDIRI!M76+MALANG!M76+MADIUN!M76+BANYUWANGI!M76 -> 0 | N76: =KANWIL!N76+SURABAYA!N76+KEDIRI!N76+MALANG!N76+MADIUN!N76+BANYUWANGI!N76 -> 1.342062e+08 | O76: =SUM(L76:N76) -> 4.4186783e+08 | P76: =O76/K76 -> 0.54765603
A77: 190 | E77: Telepon, fax dan komunikasi - gedung | F77: =KANWIL!F77+SURABAYA!F77+KEDIRI!F77+MALANG!F77+MADIUN!F77+BANYUWANGI!F77 -> 285126456 | G77: =KANWIL!G77+SURABAYA!G77+KEDIRI!G77+MALANG!G77+MADIUN!G77+BANYUWANGI!G77 -> 0 | H77: =KANWIL!H77+SURABAYA!H77+KEDIRI!H77+MALANG!H77+MADIUN!H77+BANYUWANGI!H77 -> 5846655 | I77: =KANWIL!I77+SURABAYA!I77+KEDIRI!I77+MALANG!I77+MADIUN!I77+BANYUWANGI!I77 -> 7524800 | J77: =KANWIL!J77+SURABAYA!J77+KEDIRI!J77+MALANG!J77+MADIUN!J77+BANYUWANGI!J77 -> 33109189 | K77: =SUM(F77:J77) -> 331607100 | L77: =KANWIL!L77+SURABAYA!L77+KEDIRI!L77+MALANG!L77+MADIUN!L77+BANYUWANGI!L77 -> 1.1409938e+08 | M77: =KANWIL!M77+SURABAYA!M77+KEDIRI!M77+MALANG!M77+MADIUN!M77+BANYUWANGI!M77 -> 0 | N77: =KANWIL!N77+SURABAYA!N77+KEDIRI!N77+MALANG!N77+MADIUN!N77+BANYUWANGI!N77 -> 51229000 | O77: =SUM(L77:N77) -> 1.6532838e+08 | P77: =O77/K77 -> 0.49856706
A78: 192 | E78: Telepon, fax dan komunikasi - rumah dinas | F78: =KANWIL!F78+SURABAYA!F78+KEDIRI!F78+MALANG!F78+MADIUN!F78+BANYUWANGI!F78 -> 41861489 | G78: =KANWIL!G78+SURABAYA!G78+KEDIRI!G78+MALANG!G78+MADIUN!G78+BANYUWANGI!G78 -> 0 | H78: =KANWIL!H78+SURABAYA!H78+KEDIRI!H78+MALANG!H78+MADIUN!H78+BANYUWANGI!H78 -> 858389 | I78: =KANWIL!I78+SURABAYA!I78+KEDIRI!I78+MALANG!I78+MADIUN!I78+BANYUWANGI!I78 -> 1104771 | J78: =KANWIL!J78+SURABAYA!J78+KEDIRI!J78+MALANG!J78+MADIUN!J78+BANYUWANGI!J78 -> 4861001 | K78: =SUM(F78:J78) -> 48685650 | L78: =KANWIL!L78+SURABAYA!L78+KEDIRI!L78+MALANG!L78+MADIUN!L78+BANYUWANGI!L78 -> 13854940 | M78: =KANWIL!M78+SURABAYA!M78+KEDIRI!M78+MALANG!M78+MADIUN!M78+BANYUWANGI!M78 -> 0 | N78: =KANWIL!N78+SURABAYA!N78+KEDIRI!N78+MALANG!N78+MADIUN!N78+BANYUWANGI!N78 -> 6178452.7 | O78: =SUM(L78:N78) -> 20033393 | P78: =O78/K78 -> 0.41148456
A79: 193 | E79: Bensin dan parkir | F79: =KANWIL!F79+SURABAYA!F79+KEDIRI!F79+MALANG!F79+MADIUN!F79+BANYUWANGI!F79 -> 237252092 | G79: =KANWIL!G79+SURABAYA!G79+KEDIRI!G79+MALANG!G79+MADIUN!G79+BANYUWANGI!G79 -> 0 | H79: =KANWIL!H79+SURABAYA!H79+KEDIRI!H79+MALANG!H79+MADIUN!H79+BANYUWANGI!H79 -> 4864969 | I79: =KANWIL!I79+SURABAYA!I79+KEDIRI!I79+MALANG!I79+MADIUN!I79+BANYUWANGI!I79 -> 6261343 | J79: =KANWIL!J79+SURABAYA!J79+KEDIRI!J79+MALANG!J79+MADIUN!J79+BANYUWANGI!J79 -> 27549967 | K79: =SUM(F79:J79) -> 275928371 | L79: =KANWIL!L79+SURABAYA!L79+KEDIRI!L79+MALANG!L79+MADIUN!L79+BANYUWANGI!L79 -> 3.066157e+08 | M79: =KANWIL!M79+SURABAYA!M79+KEDIRI!M79+MALANG!M79+MADIUN!M79+BANYUWANGI!M79 -> 0 | N79: =KANWIL!N79+SURABAYA!N79+KEDIRI!N79+MALANG!N79+MADIUN!N79+BANYUWANGI!N79 -> 1.3524215e+08 | O79: =SUM(L79:N79) -> 4.4185784e+08 | P79: =O79/K79 -> 1.6013498
A80: 204 | E80: Beban pemeliharaan kendaraan | F80: =KANWIL!F80+SURABAYA!F80+KEDIRI!F80+MALANG!F80+MADIUN!F80+BANYUWANGI!F80 -> 1295889838 | G80: =KANWIL!G80+SURABAYA!G80+KEDIRI!G80+MALANG!G80+MADIUN!G80+BANYUWANGI!G80 -> 0 | H80: =KANWIL!H80+SURABAYA!H80+KEDIRI!H80+MALANG!H80+MADIUN!H80+BANYUWANGI!H80 -> 26572847 | I80: =KANWIL!I80+SURABAYA!I80+KEDIRI!I80+MALANG!I80+MADIUN!I80+BANYUWANGI!I80 -> 34199954 | J80: =KANWIL!J80+SURABAYA!J80+KEDIRI!J80+MALANG!J80+MADIUN!J80+BANYUWANGI!J80 -> 150480114 | K80: =SUM(F80:J80) -> 1507142753 | L80: =KANWIL!L80+SURABAYA!L80+KEDIRI!L80+MALANG!L80+MADIUN!L80+BANYUWANGI!L80 -> 3.0914877e+08 | M80: =KANWIL!M80+SURABAYA!M80+KEDIRI!M80+MALANG!M80+MADIUN!M80+BANYUWANGI!M80 -> 0 | N80: =KANWIL!N80+SURABAYA!N80+KEDIRI!N80+MALANG!N80+MADIUN!N80+BANYUWANGI!N80 -> 1.3218928e+08 | O80: =SUM(L80:N80) -> 4.4133805e+08 | P80: =O80/K80 -> 0.29283095
A81: 194 | E81: Beban penggunaan Data Center | F81: =KANWIL!F81+SURABAYA!F81+KEDIRI!F81+MALANG!F81+MADIUN!F81+BANYUWANGI!F81 -> 0 | G81: =KANWIL!G81+SURABAYA!G81+KEDIRI!G81+MALANG!G81+MADIUN!G81+BANYUWANGI!G81 -> 0 | H81: =KANWIL!H81+SURABAYA!H81+KEDIRI!H81+MALANG!H81+MADIUN!H81+BANYUWANGI!H81 -> 0 | I81: =KANWIL!I81+SURABAYA!I81+KEDIRI!I81+MALANG!I81+MADIUN!I81+BANYUWANGI!I81 -> 0 | J81: =KANWIL!J81+SURABAYA!J81+KEDIRI!J81+MALANG!J81+MADIUN!J81+BANYUWANGI!J81 -> 0 | K81: =SUM(F81:J81) -> 0 | L81: =KANWIL!L81+SURABAYA!L81+KEDIRI!L81+MALANG!L81+MADIUN!L81+BANYUWANGI!L81 -> 0 | M81: =KANWIL!M81+SURABAYA!M81+KEDIRI!M81+MALANG!M81+MADIUN!M81+BANYUWANGI!M81 -> 0 | N81: =KANWIL!N81+SURABAYA!N81+KEDIRI!N81+MALANG!N81+MADIUN!N81+BANYUWANGI!N81 -> 0 | O81: =SUM(L81:N81) -> 0 | P81: 0
A82: 195 | E82: Beban jaringan dan konektivitas | F82: =KANWIL!F82+SURABAYA!F82+KEDIRI!F82+MALANG!F82+MADIUN!F82+BANYUWANGI!F82 -> 0 | G82: =KANWIL!G82+SURABAYA!G82+KEDIRI!G82+MALANG!G82+MADIUN!G82+BANYUWANGI!G82 -> 0 | H82: =KANWIL!H82+SURABAYA!H82+KEDIRI!H82+MALANG!H82+MADIUN!H82+BANYUWANGI!H82 -> 0 | I82: =KANWIL!I82+SURABAYA!I82+KEDIRI!I82+MALANG!I82+MADIUN!I82+BANYUWANGI!I82 -> 0 | J82: =KANWIL!J82+SURABAYA!J82+KEDIRI!J82+MALANG!J82+MADIUN!J82+BANYUWANGI!J82 -> 0 | K82: =SUM(F82:J82) -> 0 | L82: =KANWIL!L82+SURABAYA!L82+KEDIRI!L82+MALANG!L82+MADIUN!L82+BANYUWANGI!L82 -> 0 | M82: =KANWIL!M82+SURABAYA!M82+KEDIRI!M82+MALANG!M82+MADIUN!M82+BANYUWANGI!M82 -> 0 | N82: =KANWIL!N82+SURABAYA!N82+KEDIRI!N82+MALANG!N82+MADIUN!N82+BANYUWANGI!N82 -> 0 | O82: =SUM(L82:N82) -> 0 | P82: 0
A83: 196 | E83: Beban penyewaan peralatan IT | F83: =KANWIL!F83+SURABAYA!F83+KEDIRI!F83+MALANG!F83+MADIUN!F83+BANYUWANGI!F83 -> 0 | G83: =KANWIL!G83+SURABAYA!G83+KEDIRI!G83+MALANG!G83+MADIUN!G83+BANYUWANGI!G83 -> 0 | H83: =KANWIL!H83+SURABAYA!H83+KEDIRI!H83+MALANG!H83+MADIUN!H83+BANYUWANGI!H83 -> 0 | I83: =KANWIL!I83+SURABAYA!I83+KEDIRI!I83+MALANG!I83+MADIUN!I83+BANYUWANGI!I83 -> 0 | J83: =KANWIL!J83+SURABAYA!J83+KEDIRI!J83+MALANG!J83+MADIUN!J83+BANYUWANGI!J83 -> 0 | K83: =SUM(F83:J83) -> 0 | L83: =KANWIL!L83+SURABAYA!L83+KEDIRI!L83+MALANG!L83+MADIUN!L83+BANYUWANGI!L83 -> 0 | M83: =KANWIL!M83+SURABAYA!M83+KEDIRI!M83+MALANG!M83+MADIUN!M83+BANYUWANGI!M83 -> 0 | N83: =KANWIL!N83+SURABAYA!N83+KEDIRI!N83+MALANG!N83+MADIUN!N83+BANYUWANGI!N83 -> 0 | O83: =SUM(L83:N83) -> 0 | P83: 0
A84: 197 | E84: Beban pemeliharaan peralatan IT | F84: =KANWIL!F84+SURABAYA!F84+KEDIRI!F84+MALANG!F84+MADIUN!F84+BANYUWANGI!F84 -> 0 | G84: =KANWIL!G84+SURABAYA!G84+KEDIRI!G84+MALANG!G84+MADIUN!G84+BANYUWANGI!G84 -> 0 | H84: =KANWIL!H84+SURABAYA!H84+KEDIRI!H84+MALANG!H84+MADIUN!H84+BANYUWANGI!H84 -> 0 | I84: =KANWIL!I84+SURABAYA!I84+KEDIRI!I84+MALANG!I84+MADIUN!I84+BANYUWANGI!I84 -> 0 | J84: =KANWIL!J84+SURABAYA!J84+KEDIRI!J84+MALANG!J84+MADIUN!J84+BANYUWANGI!J84 -> 0 | K84: =SUM(F84:J84) -> 0 | L84: =KANWIL!L84+SURABAYA!L84+KEDIRI!L84+MALANG!L84+MADIUN!L84+BANYUWANGI!L84 -> 0 | M84: =KANWIL!M84+SURABAYA!M84+KEDIRI!M84+MALANG!M84+MADIUN!M84+BANYUWANGI!M84 -> 0 | N84: =KANWIL!N84+SURABAYA!N84+KEDIRI!N84+MALANG!N84+MADIUN!N84+BANYUWANGI!N84 -> 0 | O84: =SUM(L84:N84) -> 0 | P84: 0
A85: 198 | E85: Beban pemeliharaan perangkat lunak IT | F85: =KANWIL!F85+SURABAYA!F85+KEDIRI!F85+MALANG!F85+MADIUN!F85+BANYUWANGI!F85 -> 0 | G85: =KANWIL!G85+SURABAYA!G85+KEDIRI!G85+MALANG!G85+MADIUN!G85+BANYUWANGI!G85 -> 0 | H85: =KANWIL!H85+SURABAYA!H85+KEDIRI!H85+MALANG!H85+MADIUN!H85+BANYUWANGI!H85 -> 0 | I85: =KANWIL!I85+SURABAYA!I85+KEDIRI!I85+MALANG!I85+MADIUN!I85+BANYUWANGI!I85 -> 0 | J85: =KANWIL!J85+SURABAYA!J85+KEDIRI!J85+MALANG!J85+MADIUN!J85+BANYUWANGI!J85 -> 0 | K85: =SUM(F85:J85) -> 0 | L85: =KANWIL!L85+SURABAYA!L85+KEDIRI!L85+MALANG!L85+MADIUN!L85+BANYUWANGI!L85 -> 0 | M85: =KANWIL!M85+SURABAYA!M85+KEDIRI!M85+MALANG!M85+MADIUN!M85+BANYUWANGI!M85 -> 0 | N85: =KANWIL!N85+SURABAYA!N85+KEDIRI!N85+MALANG!N85+MADIUN!N85+BANYUWANGI!N85 -> 0 | O85: =SUM(L85:N85) -> 0 | P85: 0
A86: 202 | E86: Beban pemeliharaan gedung | F86: =KANWIL!F86+SURABAYA!F86+KEDIRI!F86+MALANG!F86+MADIUN!F86+BANYUWANGI!F86 -> 908032614 | G86: =KANWIL!G86+SURABAYA!G86+KEDIRI!G86+MALANG!G86+MADIUN!G86+BANYUWANGI!G86 -> 0 | H86: =KANWIL!H86+SURABAYA!H86+KEDIRI!H86+MALANG!H86+MADIUN!H86+BANYUWANGI!H86 -> 18619648 | I86: =KANWIL!I86+SURABAYA!I86+KEDIRI!I86+MALANG!I86+MADIUN!I86+BANYUWANGI!I86 -> 23963977 | J86: =KANWIL!J86+SURABAYA!J86+KEDIRI!J86+MALANG!J86+MADIUN!J86+BANYUWANGI!J86 -> 105441720 | K86: =SUM(F86:J86) -> 1056057959 | L86: =KANWIL!L86+SURABAYA!L86+KEDIRI!L86+MALANG!L86+MADIUN!L86+BANYUWANGI!L86 -> 3.7528378e+08 | M86: =KANWIL!M86+SURABAYA!M86+KEDIRI!M86+MALANG!M86+MADIUN!M86+BANYUWANGI!M86 -> 0 | N86: =KANWIL!N86+SURABAYA!N86+KEDIRI!N86+MALANG!N86+MADIUN!N86+BANYUWANGI!N86 -> 1.6689607e+08 | O86: =SUM(L86:N86) -> 5.4217985e+08 | P86: 0
A87: 203 | E87: Beban pemeliharaan rumah dinas | F87: =KANWIL!F87+SURABAYA!F87+KEDIRI!F87+MALANG!F87+MADIUN!F87+BANYUWANGI!F87 -> 19718966 | G87: =KANWIL!G87+SURABAYA!G87+KEDIRI!G87+MALANG!G87+MADIUN!G87+BANYUWANGI!G87 -> 0 | H87: =KANWIL!H87+SURABAYA!H87+KEDIRI!H87+MALANG!H87+MADIUN!H87+BANYUWANGI!H87 -> 404346 | I87: =KANWIL!I87+SURABAYA!I87+KEDIRI!I87+MALANG!I87+MADIUN!I87+BANYUWANGI!I87 -> 520405 | J87: =KANWIL!J87+SURABAYA!J87+KEDIRI!J87+MALANG!J87+MADIUN!J87+BANYUWANGI!J87 -> 2289787 | K87: =SUM(F87:J87) -> 22933504 | L87: =KANWIL!L87+SURABAYA!L87+KEDIRI!L87+MALANG!L87+MADIUN!L87+BANYUWANGI!L87 -> 30075359 | M87: =KANWIL!M87+SURABAYA!M87+KEDIRI!M87+MALANG!M87+MADIUN!M87+BANYUWANGI!M87 -> 0 | N87: =KANWIL!N87+SURABAYA!N87+KEDIRI!N87+MALANG!N87+MADIUN!N87+BANYUWANGI!N87 -> 9683372.4 | O87: =SUM(L87:N87) -> 39758731 | P87: =O87/K87 -> 1.7336527
A88: 205 | E88: Beban pemeliharaan mesin dan peralatan | F88: =KANWIL!F88+SURABAYA!F88+KEDIRI!F88+MALANG!F88+MADIUN!F88+BANYUWANGI!F88 -> 453044459 | G88: =KANWIL!G88+SURABAYA!G88+KEDIRI!G88+MALANG!G88+MADIUN!G88+BANYUWANGI!G88 -> 0 | H88: =KANWIL!H88+SURABAYA!H88+KEDIRI!H88+MALANG!H88+MADIUN!H88+BANYUWANGI!H88 -> 9289895 | I88: =KANWIL!I88+SURABAYA!I88+KEDIRI!I88+MALANG!I88+MADIUN!I88+BANYUWANGI!I88 -> 11956340 | J88: =KANWIL!J88+SURABAYA!J88+KEDIRI!J88+MALANG!J88+MADIUN!J88+BANYUWANGI!J88 -> 52608008 | K88: =SUM(F88:J88) -> 526898702 | L88: =KANWIL!L88+SURABAYA!L88+KEDIRI!L88+MALANG!L88+MADIUN!L88+BANYUWANGI!L88 -> 1.7710439e+08 | M88: =KANWIL!M88+SURABAYA!M88+KEDIRI!M88+MALANG!M88+MADIUN!M88+BANYUWANGI!M88 -> 0 | N88: =KANWIL!N88+SURABAYA!N88+KEDIRI!N88+MALANG!N88+MADIUN!N88+BANYUWANGI!N88 -> 80924259 | O88: =SUM(L88:N88) -> 2.5802865e+08 | P88: =O88/K88 -> 0.48971205
A89: 206 | E89: Beban pemeliharaan renovasi dan instalasi | F89: =KANWIL!F89+SURABAYA!F89+KEDIRI!F89+MALANG!F89+MADIUN!F89+BANYUWANGI!F89 -> 0 | G89: =KANWIL!G89+SURABAYA!G89+KEDIRI!G89+MALANG!G89+MADIUN!G89+BANYUWANGI!G89 -> 0 | H89: =KANWIL!H89+SURABAYA!H89+KEDIRI!H89+MALANG!H89+MADIUN!H89+BANYUWANGI!H89 -> 0 | I89: =KANWIL!I89+SURABAYA!I89+KEDIRI!I89+MALANG!I89+MADIUN!I89+BANYUWANGI!I89 -> 0 | J89: =KANWIL!J89+SURABAYA!J89+KEDIRI!J89+MALANG!J89+MADIUN!J89+BANYUWANGI!J89 -> 0 | K89: =SUM(F89:J89) -> 0 | L89: =KANWIL!L89+SURABAYA!L89+KEDIRI!L89+MALANG!L89+MADIUN!L89+BANYUWANGI!L89 -> 6915895.5 | M89: =KANWIL!M89+SURABAYA!M89+KEDIRI!M89+MALANG!M89+MADIUN!M89+BANYUWANGI!M89 -> 0 | N89: =KANWIL!N89+SURABAYA!N89+KEDIRI!N89+MALANG!N89+MADIUN!N89+BANYUWANGI!N89 -> 9965981.5 | O89: =SUM(L89:N89) -> 16881877 | P89: 0
A90: 244 | E90: Beban aset bernilai rendah | F90: =KANWIL!F90+SURABAYA!F90+KEDIRI!F90+MALANG!F90+MADIUN!F90+BANYUWANGI!F90 -> 58756307 | G90: =KANWIL!G90+SURABAYA!G90+KEDIRI!G90+MALANG!G90+MADIUN!G90+BANYUWANGI!G90 -> 0 | H90: =KANWIL!H90+SURABAYA!H90+KEDIRI!H90+MALANG!H90+MADIUN!H90+BANYUWANGI!H90 -> 1204827 | I90: =KANWIL!I90+SURABAYA!I90+KEDIRI!I90+MALANG!I90+MADIUN!I90+BANYUWANGI!I90 -> 1550644 | J90: =KANWIL!J90+SURABAYA!J90+KEDIRI!J90+MALANG!J90+MADIUN!J90+BANYUWANGI!J90 -> 6822846 | K90: =SUM(F90:J90) -> 68334624 | L90: =KANWIL!L90+SURABAYA!L90+KEDIRI!L90+MALANG!L90+MADIUN!L90+BANYUWANGI!L90 -> 26539239 | M90: =KANWIL!M90+SURABAYA!M90+KEDIRI!M90+MALANG!M90+MADIUN!M90+BANYUWANGI!M90 -> 0 | N90: =KANWIL!N90+SURABAYA!N90+KEDIRI!N90+MALANG!N90+MADIUN!N90+BANYUWANGI!N90 -> 11875321 | O90: =SUM(L90:N90) -> 38414560 | P90: =O90/K90 -> 0.56215367
A91: 213 | E91: Beban pemeliharaan lainnya | F91: =KANWIL!F91+SURABAYA!F91+KEDIRI!F91+MALANG!F91+MADIUN!F91+BANYUWANGI!F91 -> 0 | G91: =KANWIL!G91+SURABAYA!G91+KEDIRI!G91+MALANG!G91+MADIUN!G91+BANYUWANGI!G91 -> 0 | H91: =KANWIL!H91+SURABAYA!H91+KEDIRI!H91+MALANG!H91+MADIUN!H91+BANYUWANGI!H91 -> 0 | I91: =KANWIL!I91+SURABAYA!I91+KEDIRI!I91+MALANG!I91+MADIUN!I91+BANYUWANGI!I91 -> 0 | J91: =KANWIL!J91+SURABAYA!J91+KEDIRI!J91+MALANG!J91+MADIUN!J91+BANYUWANGI!J91 -> 0 | K91: =SUM(F91:J91) -> 0 | L91: =KANWIL!L91+SURABAYA!L91+KEDIRI!L91+MALANG!L91+MADIUN!L91+BANYUWANGI!L91 -> 0 | M91: =KANWIL!M91+SURABAYA!M91+KEDIRI!M91+MALANG!M91+MADIUN!M91+BANYUWANGI!M91 -> 0 | N91: =KANWIL!N91+SURABAYA!N91+KEDIRI!N91+MALANG!N91+MADIUN!N91+BANYUWANGI!N91 -> 0 | O91: =SUM(L91:N91) -> 0 | P91: 0
A92: 207 | E92: Beban pemeliharaan gedung sewa | F92: =KANWIL!F92+SURABAYA!F92+KEDIRI!F92+MALANG!F92+MADIUN!F92+BANYUWANGI!F92 -> 0 | G92: =KANWIL!G92+SURABAYA!G92+KEDIRI!G92+MALANG!G92+MADIUN!G92+BANYUWANGI!G92 -> 0 | H92: =KANWIL!H92+SURABAYA!H92+KEDIRI!H92+MALANG!H92+MADIUN!H92+BANYUWANGI!H92 -> 0 | I92: =KANWIL!I92+SURABAYA!I92+KEDIRI!I92+MALANG!I92+MADIUN!I92+BANYUWANGI!I92 -> 0 | J92: =KANWIL!J92+SURABAYA!J92+KEDIRI!J92+MALANG!J92+MADIUN!J92+BANYUWANGI!J92 -> 0 | K92: =SUM(F92:J92) -> 0 | L92: =KANWIL!L92+SURABAYA!L92+KEDIRI!L92+MALANG!L92+MADIUN!L92+BANYUWANGI!L92 -> 0 | M92: =KANWIL!M92+SURABAYA!M92+KEDIRI!M92+MALANG!M92+MADIUN!M92+BANYUWANGI!M92 -> 0 | N92: =KANWIL!N92+SURABAYA!N92+KEDIRI!N92+MALANG!N92+MADIUN!N92+BANYUWANGI!N92 -> 0 | O92: =SUM(L92:N92) -> 0 | P92: 0
A93: 208 | E93: Beban pemeliharaan gudang sewa | F93: =KANWIL!F93+SURABAYA!F93+KEDIRI!F93+MALANG!F93+MADIUN!F93+BANYUWANGI!F93 -> 0 | G93: =KANWIL!G93+SURABAYA!G93+KEDIRI!G93+MALANG!G93+MADIUN!G93+BANYUWANGI!G93 -> 0 | H93: =KANWIL!H93+SURABAYA!H93+KEDIRI!H93+MALANG!H93+MADIUN!H93+BANYUWANGI!H93 -> 0 | I93: =KANWIL!I93+SURABAYA!I93+KEDIRI!I93+MALANG!I93+MADIUN!I93+BANYUWANGI!I93 -> 0 | J93: =KANWIL!J93+SURABAYA!J93+KEDIRI!J93+MALANG!J93+MADIUN!J93+BANYUWANGI!J93 -> 0 | K93: =SUM(F93:J93) -> 0 | L93: =KANWIL!L93+SURABAYA!L93+KEDIRI!L93+MALANG!L93+MADIUN!L93+BANYUWANGI!L93 -> 0 | M93: =KANWIL!M93+SURABAYA!M93+KEDIRI!M93+MALANG!M93+MADIUN!M93+BANYUWANGI!M93 -> 0 | N93: =KANWIL!N93+SURABAYA!N93+KEDIRI!N93+MALANG!N93+MADIUN!N93+BANYUWANGI!N93 -> 0 | O93: =SUM(L93:N93) -> 0 | P93: 0
A94: 209 | E94: Beban pemeliharaan rumah dinas sewa | F94: =KANWIL!F94+SURABAYA!F94+KEDIRI!F94+MALANG!F94+MADIUN!F94+BANYUWANGI!F94 -> 0 | G94: =KANWIL!G94+SURABAYA!G94+KEDIRI!G94+MALANG!G94+MADIUN!G94+BANYUWANGI!G94 -> 0 | H94: =KANWIL!H94+SURABAYA!H94+KEDIRI!H94+MALANG!H94+MADIUN!H94+BANYUWANGI!H94 -> 0 | I94: =KANWIL!I94+SURABAYA!I94+KEDIRI!I94+MALANG!I94+MADIUN!I94+BANYUWANGI!I94 -> 0 | J94: =KANWIL!J94+SURABAYA!J94+KEDIRI!J94+MALANG!J94+MADIUN!J94+BANYUWANGI!J94 -> 0 | K94: =SUM(F94:J94) -> 0 | L94: =KANWIL!L94+SURABAYA!L94+KEDIRI!L94+MALANG!L94+MADIUN!L94+BANYUWANGI!L94 -> 0 | M94: =KANWIL!M94+SURABAYA!M94+KEDIRI!M94+MALANG!M94+MADIUN!M94+BANYUWANGI!M94 -> 0 | N94: =KANWIL!N94+SURABAYA!N94+KEDIRI!N94+MALANG!N94+MADIUN!N94+BANYUWANGI!N94 -> 0 | O94: =SUM(L94:N94) -> 0 | P94: 0
A95: 211 | E95: Beban pemeliharaan peralatan sewa | F95: =KANWIL!F95+SURABAYA!F95+KEDIRI!F95+MALANG!F95+MADIUN!F95+BANYUWANGI!F95 -> 5891173 | G95: =KANWIL!G95+SURABAYA!G95+KEDIRI!G95+MALANG!G95+MADIUN!G95+BANYUWANGI!G95 -> 0 | H95: =KANWIL!H95+SURABAYA!H95+KEDIRI!H95+MALANG!H95+MADIUN!H95+BANYUWANGI!H95 -> 120801 | I95: =KANWIL!I95+SURABAYA!I95+KEDIRI!I95+MALANG!I95+MADIUN!I95+BANYUWANGI!I95 -> 155474 | J95: =KANWIL!J95+SURABAYA!J95+KEDIRI!J95+MALANG!J95+MADIUN!J95+BANYUWANGI!J95 -> 684089 | K95: =SUM(F95:J95) -> 6851537 | L95: =KANWIL!L95+SURABAYA!L95+KEDIRI!L95+MALANG!L95+MADIUN!L95+BANYUWANGI!L95 -> 0 | M95: =KANWIL!M95+SURABAYA!M95+KEDIRI!M95+MALANG!M95+MADIUN!M95+BANYUWANGI!M95 -> 0 | N95: =KANWIL!N95+SURABAYA!N95+KEDIRI!N95+MALANG!N95+MADIUN!N95+BANYUWANGI!N95 -> 0 | O95: =SUM(L95:N95) -> 0 | P95: =O95/K95 -> 0
A96: 212 | E96: Beban pemeliharaan aset sewa lainnya | F96: =KANWIL!F96+SURABAYA!F96+KEDIRI!F96+MALANG!F96+MADIUN!F96+BANYUWANGI!F96 -> 0 | G96: =KANWIL!G96+SURABAYA!G96+KEDIRI!G96+MALANG!G96+MADIUN!G96+BANYUWANGI!G96 -> 0 | H96: =KANWIL!H96+SURABAYA!H96+KEDIRI!H96+MALANG!H96+MADIUN!H96+BANYUWANGI!H96 -> 0 | I96: =KANWIL!I96+SURABAYA!I96+KEDIRI!I96+MALANG!I96+MADIUN!I96+BANYUWANGI!I96 -> 0 | J96: =KANWIL!J96+SURABAYA!J96+KEDIRI!J96+MALANG!J96+MADIUN!J96+BANYUWANGI!J96 -> 0 | K96: =SUM(F96:J96) -> 0 | L96: =KANWIL!L96+SURABAYA!L96+KEDIRI!L96+MALANG!L96+MADIUN!L96+BANYUWANGI!L96 -> 0 | M96: =KANWIL!M96+SURABAYA!M96+KEDIRI!M96+MALANG!M96+MADIUN!M96+BANYUWANGI!M96 -> 0 | N96: =KANWIL!N96+SURABAYA!N96+KEDIRI!N96+MALANG!N96+MADIUN!N96+BANYUWANGI!N96 -> 0 | O96: =SUM(L96:N96) -> 0 | P96: 0
A97: 214 | E97: Sewa kantor | F97: =KANWIL!F97+SURABAYA!F97+KEDIRI!F97+MALANG!F97+MADIUN!F97+BANYUWANGI!F97 -> 1119999796 | G97: =KANWIL!G97+SURABAYA!G97+KEDIRI!G97+MALANG!G97+MADIUN!G97+BANYUWANGI!G97 -> 0 | H97: =KANWIL!H97+SURABAYA!H97+KEDIRI!H97+MALANG!H97+MADIUN!H97+BANYUWANGI!H97 -> 22966136 | I97: =KANWIL!I97+SURABAYA!I97+KEDIRI!I97+MALANG!I97+MADIUN!I97+BANYUWANGI!I97 -> 29558023 | J97: =KANWIL!J97+SURABAYA!J97+KEDIRI!J97+MALANG!J97+MADIUN!J97+BANYUWANGI!J97 -> 130055576 | K97: =SUM(F97:J97) -> 1302579531 | L97: =KANWIL!L97+SURABAYA!L97+KEDIRI!L97+MALANG!L97+MADIUN!L97+BANYUWANGI!L97 -> 1.7249927e+08 | M97: =KANWIL!M97+SURABAYA!M97+KEDIRI!M97+MALANG!M97+MADIUN!M97+BANYUWANGI!M97 -> 0 | N97: =KANWIL!N97+SURABAYA!N97+KEDIRI!N97+MALANG!N97+MADIUN!N97+BANYUWANGI!N97 -> 84036345 | O97: =SUM(L97:N97) -> 2.5653561e+08 | P97: =O97/K97 -> 0.1969443
A98: 215 | E98: Sewa gudang | F98: =KANWIL!F98+SURABAYA!F98+KEDIRI!F98+MALANG!F98+MADIUN!F98+BANYUWANGI!F98 -> 0 | G98: =KANWIL!G98+SURABAYA!G98+KEDIRI!G98+MALANG!G98+MADIUN!G98+BANYUWANGI!G98 -> 0 | H98: =KANWIL!H98+SURABAYA!H98+KEDIRI!H98+MALANG!H98+MADIUN!H98+BANYUWANGI!H98 -> 0 | I98: =KANWIL!I98+SURABAYA!I98+KEDIRI!I98+MALANG!I98+MADIUN!I98+BANYUWANGI!I98 -> 0 | J98: =KANWIL!J98+SURABAYA!J98+KEDIRI!J98+MALANG!J98+MADIUN!J98+BANYUWANGI!J98 -> 0 | K98: =SUM(F98:J98) -> 0 | L98: =KANWIL!L98+SURABAYA!L98+KEDIRI!L98+MALANG!L98+MADIUN!L98+BANYUWANGI!L98 -> 76739407 | M98: =KANWIL!M98+SURABAYA!M98+KEDIRI!M98+MALANG!M98+MADIUN!M98+BANYUWANGI!M98 -> 0 | N98: =KANWIL!N98+SURABAYA!N98+KEDIRI!N98+MALANG!N98+MADIUN!N98+BANYUWANGI!N98 -> 32716002 | O98: =SUM(L98:N98) -> 1.0945541e+08 | P98: 0
A99: 216 | E99: Sewa kendaraan | F99: =KANWIL!F99+SURABAYA!F99+KEDIRI!F99+MALANG!F99+MADIUN!F99+BANYUWANGI!F99 -> 397278438 | G99: =KANWIL!G99+SURABAYA!G99+KEDIRI!G99+MALANG!G99+MADIUN!G99+BANYUWANGI!G99 -> 0 | H99: =KANWIL!H99+SURABAYA!H99+KEDIRI!H99+MALANG!H99+MADIUN!H99+BANYUWANGI!H99 -> 8146386 | I99: =KANWIL!I99+SURABAYA!I99+KEDIRI!I99+MALANG!I99+MADIUN!I99+BANYUWANGI!I99 -> 10484613 | J99: =KANWIL!J99+SURABAYA!J99+KEDIRI!J99+MALANG!J99+MADIUN!J99+BANYUWANGI!J99 -> 46132398 | K99: =SUM(F99:J99) -> 462041835 | L99: =KANWIL!L99+SURABAYA!L99+KEDIRI!L99+MALANG!L99+MADIUN!L99+BANYUWANGI!L99 -> 1.280229e+08 | M99: =KANWIL!M99+SURABAYA!M99+KEDIRI!M99+MALANG!M99+MADIUN!M99+BANYUWANGI!M99 -> 0 | N99: =KANWIL!N99+SURABAYA!N99+KEDIRI!N99+MALANG!N99+MADIUN!N99+BANYUWANGI!N99 -> 56721401 | O99: =SUM(L99:N99) -> 1.8474431e+08 | P99: =O99/K99 -> 0.39984324
A100: 210 | E100: Beban pemeliharaan kendaraan sewa | F100: =KANWIL!F100+SURABAYA!F100+KEDIRI!F100+MALANG!F100+MADIUN!F100+BANYUWANGI!F100 -> 0 | G100: =KANWIL!G100+SURABAYA!G100+KEDIRI!G100+MALANG!G100+MADIUN!G100+BANYUWANGI!G100 -> 0 | H100: =KANWIL!H100+SURABAYA!H100+KEDIRI!H100+MALANG!H100+MADIUN!H100+BANYUWANGI!H100 -> 0 | I100: =KANWIL!I100+SURABAYA!I100+KEDIRI!I100+MALANG!I100+MADIUN!I100+BANYUWANGI!I100 -> 0 | J100: =KANWIL!J100+SURABAYA!J100+KEDIRI!J100+MALANG!J100+MADIUN!J100+BANYUWANGI!J100 -> 0 | K100: =SUM(F100:J100) -> 0 | L100: =KANWIL!L100+SURABAYA!L100+KEDIRI!L100+MALANG!L100+MADIUN!L100+BANYUWANGI!L100 -> 0 | M100: =KANWIL!M100+SURABAYA!M100+KEDIRI!M100+MALANG!M100+MADIUN!M100+BANYUWANGI!M100 -> 0 | N100: =KANWIL!N100+SURABAYA!N100+KEDIRI!N100+MALANG!N100+MADIUN!N100+BANYUWANGI!N100 -> 0 | O100: =SUM(L100:N100) -> 0 | P100: 0
A101: 217 | E101: Sewa peralatan | F101: =KANWIL!F101+SURABAYA!F101+KEDIRI!F101+MALANG!F101+MADIUN!F101+BANYUWANGI!F101 -> 789878130 | G101: =KANWIL!G101+SURABAYA!G101+KEDIRI!G101+MALANG!G101+MADIUN!G101+BANYUWANGI!G101 -> 0 | H101: =KANWIL!H101+SURABAYA!H101+KEDIRI!H101+MALANG!H101+MADIUN!H101+BANYUWANGI!H101 -> 16196834 | I101: =KANWIL!I101+SURABAYA!I101+KEDIRI!I101+MALANG!I101+MADIUN!I101+BANYUWANGI!I101 -> 20845749 | J101: =KANWIL!J101+SURABAYA!J101+KEDIRI!J101+MALANG!J101+MADIUN!J101+BANYUWANGI!J101 -> 91721494 | K101: =SUM(F101:J101) -> 918642207 | L101: =KANWIL!L101+SURABAYA!L101+KEDIRI!L101+MALANG!L101+MADIUN!L101+BANYUWANGI!L101 -> 6.8237508e+08 | M101: =KANWIL!M101+SURABAYA!M101+KEDIRI!M101+MALANG!M101+MADIUN!M101+BANYUWANGI!M101 -> 0 | N101: =KANWIL!N101+SURABAYA!N101+KEDIRI!N101+MALANG!N101+MADIUN!N101+BANYUWANGI!N101 -> 2.9526159e+08 | O101: =SUM(L101:N101) -> 977636669 | P101: =O101/K101 -> 1.0642192
A102: 218 | E102: Sewa rumah dinas | F102: =KANWIL!F102+SURABAYA!F102+KEDIRI!F102+MALANG!F102+MADIUN!F102+BANYUWANGI!F102 -> 106739919 | G102: =KANWIL!G102+SURABAYA!G102+KEDIRI!G102+MALANG!G102+MADIUN!G102+BANYUWANGI!G102 -> 0 | H102: =KANWIL!H102+SURABAYA!H102+KEDIRI!H102+MALANG!H102+MADIUN!H102+BANYUWANGI!H102 -> 2188755 | I102: =KANWIL!I102+SURABAYA!I102+KEDIRI!I102+MALANG!I102+MADIUN!I102+BANYUWANGI!I102 -> 2816985 | J102: =KANWIL!J102+SURABAYA!J102+KEDIRI!J102+MALANG!J102+MADIUN!J102+BANYUWANGI!J102 -> 12394755 | K102: =SUM(F102:J102) -> 124140414 | L102: =KANWIL!L102+SURABAYA!L102+KEDIRI!L102+MALANG!L102+MADIUN!L102+BANYUWANGI!L102 -> 29598384 | M102: =KANWIL!M102+SURABAYA!M102+KEDIRI!M102+MALANG!M102+MADIUN!M102+BANYUWANGI!M102 -> 0 | N102: =KANWIL!N102+SURABAYA!N102+KEDIRI!N102+MALANG!N102+MADIUN!N102+BANYUWANGI!N102 -> 13091589 | O102: =SUM(L102:N102) -> 42689974 | P102: =O102/K102 -> 0.34388458
A103: 219 | E103: Biaya service charge | F103: =KANWIL!F103+SURABAYA!F103+KEDIRI!F103+MALANG!F103+MADIUN!F103+BANYUWANGI!F103 -> 0 | G103: =KANWIL!G103+SURABAYA!G103+KEDIRI!G103+MALANG!G103+MADIUN!G103+BANYUWANGI!G103 -> 0 | H103: =KANWIL!H103+SURABAYA!H103+KEDIRI!H103+MALANG!H103+MADIUN!H103+BANYUWANGI!H103 -> 0 | I103: =KANWIL!I103+SURABAYA!I103+KEDIRI!I103+MALANG!I103+MADIUN!I103+BANYUWANGI!I103 -> 0 | J103: =KANWIL!J103+SURABAYA!J103+KEDIRI!J103+MALANG!J103+MADIUN!J103+BANYUWANGI!J103 -> 0 | K103: =SUM(F103:J103) -> 0 | L103: =KANWIL!L103+SURABAYA!L103+KEDIRI!L103+MALANG!L103+MADIUN!L103+BANYUWANGI!L103 -> 0 | M103: =KANWIL!M103+SURABAYA!M103+KEDIRI!M103+MALANG!M103+MADIUN!M103+BANYUWANGI!M103 -> 0 | N103: =KANWIL!N103+SURABAYA!N103+KEDIRI!N103+MALANG!N103+MADIUN!N103+BANYUWANGI!N103 -> 0 | O103: =SUM(L103:N103) -> 0 | P103: 0
A104: 220 | E104: Sewa lainnya | F104: =KANWIL!F104+SURABAYA!F104+KEDIRI!F104+MALANG!F104+MADIUN!F104+BANYUWANGI!F104 -> 255526064 | G104: =KANWIL!G104+SURABAYA!G104+KEDIRI!G104+MALANG!G104+MADIUN!G104+BANYUWANGI!G104 -> 0 | H104: =KANWIL!H104+SURABAYA!H104+KEDIRI!H104+MALANG!H104+MADIUN!H104+BANYUWANGI!H104 -> 5239685 | I104: =KANWIL!I104+SURABAYA!I104+KEDIRI!I104+MALANG!I104+MADIUN!I104+BANYUWANGI!I104 -> 6743613 | J104: =KANWIL!J104+SURABAYA!J104+KEDIRI!J104+MALANG!J104+MADIUN!J104+BANYUWANGI!J104 -> 29671960 | K104: =SUM(F104:J104) -> 297181322 | L104: =KANWIL!L104+SURABAYA!L104+KEDIRI!L104+MALANG!L104+MADIUN!L104+BANYUWANGI!L104 -> 58917149 | M104: =KANWIL!M104+SURABAYA!M104+KEDIRI!M104+MALANG!M104+MADIUN!M104+BANYUWANGI!M104 -> 0 | N104: =KANWIL!N104+SURABAYA!N104+KEDIRI!N104+MALANG!N104+MADIUN!N104+BANYUWANGI!N104 -> 26240699 | O104: =SUM(L104:N104) -> 85157848 | P104: =O104/K104 -> 0.28655182
A105: 0 | E105: Beban CKPN | F105: =KANWIL!F105+SURABAYA!F105+KEDIRI!F105+MALANG!F105+MADIUN!F105+BANYUWANGI!F105 -> 0 | G105: =KANWIL!G105+SURABAYA!G105+KEDIRI!G105+MALANG!G105+MADIUN!G105+BANYUWANGI!G105 -> 0 | H105: =KANWIL!H105+SURABAYA!H105+KEDIRI!H105+MALANG!H105+MADIUN!H105+BANYUWANGI!H105 -> 0 | I105: =KANWIL!I105+SURABAYA!I105+KEDIRI!I105+MALANG!I105+MADIUN!I105+BANYUWANGI!I105 -> 0 | J105: =KANWIL!J105+SURABAYA!J105+KEDIRI!J105+MALANG!J105+MADIUN!J105+BANYUWANGI!J105 -> 0 | K105: =SUM(F105:J105) -> 0 | L105: =KANWIL!L105+SURABAYA!L105+KEDIRI!L105+MALANG!L105+MADIUN!L105+BANYUWANGI!L105 -> 0 | M105: =KANWIL!M105+SURABAYA!M105+KEDIRI!M105+MALANG!M105+MADIUN!M105+BANYUWANGI!M105 -> 0 | N105: =KANWIL!N105+SURABAYA!N105+KEDIRI!N105+MALANG!N105+MADIUN!N105+BANYUWANGI!N105 -> 0 | O105: =SUM(L105:N105) -> 0 | P105: 0
A106: 225 | E106: Beban pengumpulan informasi dan pengelolaan data | F106: =KANWIL!F106+SURABAYA!F106+KEDIRI!F106+MALANG!F106+MADIUN!F106+BANYUWANGI!F106 -> 0 | G106: =KANWIL!G106+SURABAYA!G106+KEDIRI!G106+MALANG!G106+MADIUN!G106+BANYUWANGI!G106 -> 0 | H106: =KANWIL!H106+SURABAYA!H106+KEDIRI!H106+MALANG!H106+MADIUN!H106+BANYUWANGI!H106 -> 0 | I106: =KANWIL!I106+SURABAYA!I106+KEDIRI!I106+MALANG!I106+MADIUN!I106+BANYUWANGI!I106 -> 0 | J106: =KANWIL!J106+SURABAYA!J106+KEDIRI!J106+MALANG!J106+MADIUN!J106+BANYUWANGI!J106 -> 0 | K106: =SUM(F106:J106) -> 0 | L106: =KANWIL!L106+SURABAYA!L106+KEDIRI!L106+MALANG!L106+MADIUN!L106+BANYUWANGI!L106 -> 0 | M106: =KANWIL!M106+SURABAYA!M106+KEDIRI!M106+MALANG!M106+MADIUN!M106+BANYUWANGI!M106 -> 0 | N106: =KANWIL!N106+SURABAYA!N106+KEDIRI!N106+MALANG!N106+MADIUN!N106+BANYUWANGI!N106 -> 0 | O106: =SUM(L106:N106) -> 0 | P106: 0
A107: 229 | E107: Beban pengelolaan dana dan investasi | F107: =KANWIL!F107+SURABAYA!F107+KEDIRI!F107+MALANG!F107+MADIUN!F107+BANYUWANGI!F107 -> 0 | G107: =KANWIL!G107+SURABAYA!G107+KEDIRI!G107+MALANG!G107+MADIUN!G107+BANYUWANGI!G107 -> 0 | H107: =KANWIL!H107+SURABAYA!H107+KEDIRI!H107+MALANG!H107+MADIUN!H107+BANYUWANGI!H107 -> 0 | I107: =KANWIL!I107+SURABAYA!I107+KEDIRI!I107+MALANG!I107+MADIUN!I107+BANYUWANGI!I107 -> 0 | J107: =KANWIL!J107+SURABAYA!J107+KEDIRI!J107+MALANG!J107+MADIUN!J107+BANYUWANGI!J107 -> 0 | K107: =SUM(F107:J107) -> 0 | L107: =KANWIL!L107+SURABAYA!L107+KEDIRI!L107+MALANG!L107+MADIUN!L107+BANYUWANGI!L107 -> 0 | M107: =KANWIL!M107+SURABAYA!M107+KEDIRI!M107+MALANG!M107+MADIUN!M107+BANYUWANGI!M107 -> 0 | N107: =KANWIL!N107+SURABAYA!N107+KEDIRI!N107+MALANG!N107+MADIUN!N107+BANYUWANGI!N107 -> 0 | O107: =SUM(L107:N107) -> 0 | P107: 0
A108: 230 | E108: Beban penelitian dan pengembangan | F108: =KANWIL!F108+SURABAYA!F108+KEDIRI!F108+MALANG!F108+MADIUN!F108+BANYUWANGI!F108 -> 0 | G108: =KANWIL!G108+SURABAYA!G108+KEDIRI!G108+MALANG!G108+MADIUN!G108+BANYUWANGI!G108 -> 0 | H108: =KANWIL!H108+SURABAYA!H108+KEDIRI!H108+MALANG!H108+MADIUN!H108+BANYUWANGI!H108 -> 0 | I108: =KANWIL!I108+SURABAYA!I108+KEDIRI!I108+MALANG!I108+MADIUN!I108+BANYUWANGI!I108 -> 0 | J108: =KANWIL!J108+SURABAYA!J108+KEDIRI!J108+MALANG!J108+MADIUN!J108+BANYUWANGI!J108 -> 0 | K108: =SUM(F108:J108) -> 0 | L108: =KANWIL!L108+SURABAYA!L108+KEDIRI!L108+MALANG!L108+MADIUN!L108+BANYUWANGI!L108 -> 0 | M108: =KANWIL!M108+SURABAYA!M108+KEDIRI!M108+MALANG!M108+MADIUN!M108+BANYUWANGI!M108 -> 0 | N108: =KANWIL!N108+SURABAYA!N108+KEDIRI!N108+MALANG!N108+MADIUN!N108+BANYUWANGI!N108 -> 0 | O108: =SUM(L108:N108) -> 0 | P108: 0
...

Sheet KANWIL
D1: PT JAMKRINDO KANWIL SURABAYA
D2: LABA RUGI RKA TAHUN 2026
O4: =#REF! -> #REF!
D5: URAIAN | F5: KANWIL SURABAYA | L5: REALISASI KANWIL SURABAYA | P5: %
F6: KUR | G6: PEN | H6: KBG/SURETYSHIP | I6: KONSUMTIF | J6: PRODUKTIF | K6: TOTAL | L6: KUR | M6: PEN | N6: NON KUR | O6: TOTAL | P6: %
C8: X1 | D8: VOLUME | O8: =SUM(L8:N8) -> 0 | P8: 0
C10: X2 | D10: PENDAPATAN PENJAMINAN
A11: 7 | B11: 8 | E11: Imbal Jasa Penjaminan Bruto | O11: =SUM(L11:N11) -> 0 | P11: 0
A12: 12 | B12: 10 | E12: Restitusi penjaminan kredit | O12: =SUM(L12:N12) -> 0 | P12: 0
A13: 9 | B13: 9 | E13: Premi Penjaminan Ulang | O13: =SUM(L13:N13) -> 0 | P13: 0
C14: Y2 | E14: IMBAL JASA PENJAMINAN BERSIH | O14: =O11-O12-O13 -> 0 | P14: 0
C16: X2 | D16: BEBAN KLAIM
A17: 22 | B17: 13 | E17: Beban Klaim | O17: =SUM(L17:N17) -> 0 | P17: 0
A18: 24 | B18: 14 | E18: Kenaikan (Penurunan) Cadangan Klaim | O18: =SUM(L18:N18) -> 0 | P18: 0
A19: 32 | B19: 15 | E19: Pendapatan Subrogasi | O19: =SUM(L19:N19) -> 0 | P19: 0
A20: 37 | B20: 16 | E20: Beban Komisi Netto | O20: =SUM(L20:N20) -> 0 | P20: 0
C21: Y2 | E21: JUMLAH BEBAN KLAIM | O21: =O17+O18-O19-O20 -> 0 | P21: 0
C23: X1 | D23: PENJAMINAN BERSIH | O23: =O14-O21 -> 0 | P23: 0
B25: 19 | C25: X1 | D25: PENDAPATAN INVESTASI BERSIH | O25: 0 | P25: 0
C27: X1 | D27: BEBAN USAHA
C28: X2 | E28: BEBAN KARYAWAN
A29: 94 | E29: Beban gaji karyawan | F29: 1696793732 | G29: 0 | H29: 34793575 | I29: 44780247 | J29: 197033505 | K29: =SUM(F29:J29) -> 1973401059 | L29: 7.7489527e+08 | N29: 3.4037017e+08 | O29: =SUM(L29:N29) -> 1.1152654e+09 | P29: =O29/K29 -> 0.5651489
A30: 95 | E30: Beban lembur karyawan | F30: 43007556 | G30: 0 | H30: 881891 | I30: 1135017 | J30: 4994083 | K30: =SUM(F30:J30) -> 50018547 | L30: 16581527 | N30: 6183014.3 | O30: =SUM(L30:N30) -> 22764541 | P30: =O30/K30 -> 0.455122
A31: 96 | E31: Beban asuransi kesehatan karyawan | F31: 180463354 | G31: 0 | H31: 3700488 | I31: 4762626 | J31: 20955598 | K31: =SUM(F31:J31) -> 209882066 | L31: 6418318.8 | N31: 2790681.2 | O31: =SUM(L31:N31) -> 9209000 | P31: =O31/K31 -> 0.043877022
A32: 97 | E32: Beban asuransi jiwa karyawan | F32: 8268054 | G32: 0 | H32: 169540 | I32: 218203 | J32: 960095 | K32: =SUM(F32:J32) -> 9615892 | L32: 0 | N32: 0 | O32: =SUM(L32:N32) -> 0 | P32: =O32/K32 -> 0
A33: 100 | E33: Beban dana pensiun | F33: 131045331 | G33: 0 | H33: 2687148 | I33: 3458430 | J33: 15217124 | K33: =SUM(F33:J33) -> 152408033 | L33: 0 | N33: 0 | O33: =SUM(L33:N33) -> 0 | P33: =O33/K33 -> 0
A34: 101 | E34: Beban kompensasi kinerja karyawan | F34: 2154273121 | G34: 0 | H34: 44174411 | I34: 56853630 | J34: 250156501 | K34: =SUM(F34:J34) -> 2505457663 | L34: 9.9943875e+08 | N34: 4.3888718e+08 | O34: =SUM(L34:N34) -> 1.4383259e+09 | P34: =O34/K34 -> 0.57407712
A35: 102 | E35: Biaya jasa kini karyawan | F35: 0 | G35: 0 | H35: 0 | I35: 0 | J35: 0 | K35: =SUM(F35:J35) -> 0 | L35: 0 | N35: 0 | O35: =SUM(L35:N35) -> 0 | P35: 0
A36: 103 | E36: Biaya jasa lalu karyawan | F36: 0 | G36: 0 | H36: 0 | I36: 0 | J36: 0 | K36: =SUM(F36:J36) -> 0 | L36: 0 | N36: 0 | O36: =SUM(L36:N36) -> 0 | P36: 0
A37: 104 | E37: Bunga atas imbalan pasca kerja karyawan | F37: 198153866 | G37: 0 | H37: 4063241 | I37: 5229498 | J37: 23009839 | K37: =SUM(F37:J37) -> 230456444 | L37: 0 | N37: 0 | O37: =SUM(L37:N37) -> 0 | P37: =O37/K37 -> 0
A38: 105 | E38: Beban BPJS kesehatan karyawan | F38: 50291539 | G38: 0 | H38: 1031252 | I38: 1327249 | J38: 5839908 | K38: =SUM(F38:J38) -> 58489948 | L38: 0 | N38: 0 | O38: =SUM(L38:N38) -> 0 | P38: =O38/K38 -> 0
A39: 106 | E39: Beban BPJS jaminan hari tua karyawan | F39: 71343529 | G39: 0 | H39: 1462934 | I39: 1882834 | J39: 8284487 | K39: =SUM(F39:J39) -> 82973784 | L39: 0 | N39: 0 | O39: =SUM(L39:N39) -> 0 | P39: =O39/K39 -> 0
A40: 107 | E40: Beban BPJS jaminan kecelakaan kerja dan jaminan kematian karyawan | F40: 10354282 | G40: 0 | H40: 212320 | I40: 273261 | J40: 1202350 | K40: =SUM(F40:J40) -> 12042213 | L40: 0 | N40: 0 | O40: =SUM(L40:N40) -> 0 | P40: =O40/K40 -> 0
A41: 108 | E41: Beban BPJS jaminan pensiun karyawan | F41: 23991631 | G41: 0 | H41: 491960 | I41: 633165 | J41: 2785934 | K41: =SUM(F41:J41) -> 27902690 | L41: 0 | N41: 0 | O41: =SUM(L41:N41) -> 0 | P41: =O41/K41 -> 0
A42: 109 | E42: Beban tunjangan hari raya karyawan | F42: 401073878 | G42: 0 | H42: 8224214 | I42: 10584779 | J42: 46573128 | K42: =SUM(F42:J42) -> 466455999 | L42: 3.018787e+08 | N42: 1.3807083e+08 | O42: =SUM(L42:N42) -> 4.3994953e+08 | P42: =O42/K42 -> 0.94317477
A43: 110 | E43: Beban tunjangan PPh 21 karyawan | F43: 976585 | G43: 0 | H43: 20025 | I43: 25773 | J43: 113402 | K43: =SUM(F43:J43) -> 1135785 | L43: 0 | N43: 0 | O43: =SUM(L43:N43) -> 0 | P43: =O43/K43 -> 0
A44: 111 | E44: Beban tunjangan transportasi karyawan | F44: 102363826 | G44: 0 | H44: 2099020 | I44: 2701494 | J44: 11886597 | K44: =SUM(F44:J44) -> 119050937 | L44: 33038265 | N44: 14511735 | O44: =SUM(L44:N44) -> 47550000 | P44: =O44/K44 -> 0.39940887
A45: 112 | E45: Beban tunjangan jabatan | F45: 990927668 | G45: 0 | H45: 20319450 | I45: 26151667 | J45: 115067581 | K45: =SUM(F45:J45) -> 1152466366 | L45: 4.9016795e+08 | N45: 2.1536538e+08 | O45: =SUM(L45:N45) -> 705533333 | P45: =O45/K45 -> 0.61219429
A46: 113 | E46: Beban tunjangan cuti besar | F46: 16470226 | G46: 0 | H46: 337730 | I46: 434667 | J46: 1912540 | K46: =SUM(F46:J46) -> 19155163 | L46: 0 | N46: 0 | O46: =SUM(L46:N46) -> 0 | P46: =O46/K46 -> 0
A47: 114 | E47: Beban tunjangan cuti tahunan | F47: 158022668 | G47: 0 | H47: 3240331 | I47: 4170391 | J47: 18349762 | K47: =SUM(F47:J47) -> 183783152 | L47: 0 | N47: 0 | O47: =SUM(L47:N47) -> 0 | P47: =O47/K47 -> 0
A48: 115 | E48: Beban tunjangan makan | F48: 284009877 | G48: 0 | H48: 5823760 | I48: 7495332 | J48: 32979531 | K48: =SUM(F48:J48) -> 330308500 | L48: 82541295 | N48: 35528705 | O48: =SUM(L48:N48) -> 118070000 | P48: =O48/K48 -> 0.35745371
A49: 124 | E49: Beban Tunjangan Pakaian Kerja | F49: 56223859 | G49: 0 | H49: 1152897 | I49: 1483809 | J49: 6528775 | K49: =SUM(F49:J49) -> 65389340 | L49: 0 | N49: 0 | O49: =SUM(L49:N49) -> 0 | P49: =O49/K49 -> 0
A50: 143 | E50: Beban kompensasi PKWT/PKWTT | F50: 0 | G50: 0 | H50: 0 | I50: 0 | J50: 0 | K50: =SUM(F50:J50) -> 0 | L50: 0 | N50: 0 | O50: =SUM(L50:N50) -> 0 | P50: 0
A51: 0 | E51: Beban tunjangan lainnya | F51: 91501256 | G51: 0 | H51: 1876277 | I51: 2414818 | J51: 10625224 | K51: =SUM(F51:J51) -> 106417575 | L51: 71207807 | N51: 31558860 | O51: =SUM(L51:N51) -> 102766667 | P51: =O51/K51 -> 0.96569262
B52: 21 | C52: Y2 | E52: Total Beban Karyawan | F52: =SUM(F29:F51) -> 6669555838 | G52: =SUM(G29:G51) -> 0 | H52: =SUM(H29:H51) -> 136762464 | I52: =SUM(I29:I51) -> 176016890 | J52: =SUM(J29:J51) -> 774475964 | K52: =SUM(K29:K51) -> 7756811156 | L52: =SUM(L29:L51) -> 2.7761679e+09 | M52: =SUM(M29:M51) -> 0 | ... O52: =SUM(O29:O51) -> 3.9994344e+09 | P52: =O52/K52 -> 0.51560291
C54: X2 | E54: BEBAN ADMINISTRASI & UMUM
A55: 169 | E55: Imbal jasa profesional - akuntan publik | F55: 436599 | G55: 0 | H55: 8953 | I55: 11522 | J55: 50698 | K55: =SUM(F55:J55) -> 507772 | L55: 0 | N55: 0 | O55: =SUM(L55:N55) -> 0 | P55: =O55/K55 -> 0
A56: 171 | E56: Imbal jasa profesional - konsultan hukum | F56: 8349505 | G56: 0 | H56: 171211 | I56: 220353 | J56: 969554 | K56: =SUM(F56:J56) -> 9710623 | L56: 0 | N56: 0 | O56: =SUM(L56:N56) -> 0 | P56: =O56/K56 -> 0
A57: 175 | E57: Imbal jasa profesional - konsultan manajemen (SDM, SOP, Akuntansi dll) | F57: 2646050 | G57: 0 | H57: 54259 | I57: 69832 | J57: 307262 | K57: =SUM(F57:J57) -> 3077403 | L57: 0 | N57: 0 | O57: =SUM(L57:N57) -> 0 | P57: =O57/K57 -> 0
A58: 176 | E58: Beban imbal jasa profesional IT | F58: 0 | G58: 0 | H58: 0 | I58: 0 | J58: 0 | K58: =SUM(F58:J58) -> 0 | L58: 0 | N58: 0 | O58: =SUM(L58:N58) -> 0 | P58: 0
A59: 177 | E59: Imbal jasa profesional - lainnya | F59: 1891926 | G59: 0 | H59: 38795 | I59: 49930 | J59: 219692 | K59: =SUM(F59:J59) -> 2200343 | L59: 2743895 | N59: 1106105 | O59: =SUM(L59:N59) -> 3850000 | P59: =O59/K59 -> 1.7497272
A60: 179 | E60: Air, listrik dan utilitas - gedung | F60: 160466865 | G60: 0 | H60: 3290451 | I60: 4234897 | J60: 18633584 | K60: =SUM(F60:J60) -> 186625797 | L60: 79688526 | N60: 34301473 | O60: =SUM(L60:N60) -> 113989999 | P60: =O60/K60 -> 0.61079444
A61: 180 | E61: Air, listrik dan utilitas - rumah dinas | F61: 20213798 | G61: 0 | H61: 414494 | I61: 533464 | J61: 2347248 | K61: =SUM(F61:J61) -> 23509004 | L61: 11091976 | N61: 4898997.1 | O61: =SUM(L61:N61) -> 15990973 | P61: =O61/K61 -> 0.68020632
A62: 181 | E62: Pemasaran | F62: 603905918 | G62: 0 | H62: 12383383 | I62: 15937739 | J62: 70126202 | K62: =SUM(F62:J62) -> 702353242 | L62: 2.6126016e+08 | N62: 1.1974688e+08 | O62: =SUM(L62:N62) -> 3.8100704e+08 | P62: =O62/K62 -> 0.5424721
A63: 134 | E63: Beban pelatihan manajemen | F63: 0 | G63: 0 | H63: 0 | I63: 0 | J63: 0 | K63: =SUM(F63:J63) -> 0 | L63: 0 | N63: 0 | O63: =SUM(L63:N63) -> 0 | P63: 0
A64: 132 | E64: Beban pelatihan karyawan - insidentil | F64: 0 | G64: 0 | H64: 0 | I64: 0 | J64: 0 | K64: =SUM(F64:J64) -> 0 | L64: 0 | N64: 0 | O64: =SUM(L64:N64) -> 0 | P64: 0
A65: 133 | E65: Beban pelatihan karyawan - leadership | F65: 0 | G65: 0 | H65: 0 | I65: 0 | J65: 0 | K65: =SUM(F65:J65) -> 0 | L65: 0 | N65: 0 | O65: =SUM(L65:N65) -> 0 | P65: 0
A66: 182 | E66: Beban pelatihan karyawan - TNA | F66: 0 | G66: 0 | H66: 0 | I66: 0 | J66: 0 | K66: =SUM(F66:J66) -> 0 | L66: 0 | N66: 0 | O66: =SUM(L66:N66) -> 0 | P66: 0
A67: 137 | E67: Beban sertifikasi | F67: 0 | G67: 0 | H67: 0 | I67: 0 | J67: 0 | K67: =SUM(F67:J67) -> 0 | L67: 0 | N67: 0 | O67: =SUM(L67:N67) -> 0 | P67: 0
A68: 129 | E68: Beban perekrutan karyawan | F68: 0 | G68: 0 | H68: 0 | I68: 0 | J68: 0 | K68: =SUM(F68:J68) -> 0 | L68: 0 | N68: 0 | O68: =SUM(L68:N68) -> 0 | P68: 0
A69: 5 | E69: Beban uang saku magang | F69: 0 | G69: 0 | H69: 0 | I69: 0 | J69: 0 | K69: =SUM(F69:J69) -> 0 | L69: 0 | N69: 0 | O69: =SUM(L69:N69) -> 0 | P69: 0
A70: 183 | E70: Akomodasi dinas dalam negeri | F70: 176610280 | G70: 0 | H70: 3621479 | I70: 4660939 | J70: 20508175 | K70: =SUM(F70:J70) -> 205400873 | L70: 51405378 | N70: 21565009 | O70: =SUM(L70:N70) -> 72970387 | P70: =O70/K70 -> 0.35525841
A71: 184 | E71: Tranportasi dinas dalam negeri | F71: 16646089 | G71: 0 | H71: 341336 | I71: 439308 | J71: 1932961 | K71: =SUM(F71:J71) -> 19359694 | L71: 25548474 | N71: 11101650 | O71: =SUM(L71:N71) -> 36650124 | P71: =O71/K71 -> 1.8931148
A72: 185 | E72: Tunjangan perjalanan dinas dalam negeri | F72: 93731762 | G72: 0 | H72: 1922015 | I72: 2473684 | J72: 10884233 | K72: =SUM(F72:J72) -> 109011694 | L72: 50725720 | N72: 24954280 | O72: =SUM(L72:N72) -> 75680000 | P72: =O72/K72 -> 0.69423745
A73: 186 | E73: Akomodasi dinas luar negeri | F73: 0 | G73: 0 | H73: 0 | I73: 0 | J73: 0 | K73: =SUM(F73:J73) -> 0 | L73: 0 | N73: 0 | O73: =SUM(L73:N73) -> 0 | P73: 0
A74: 187 | E74: Tranportasi dinas luar negeri | F74: 0 | G74: 0 | H74: 0 | I74: 0 | J74: 0 | K74: =SUM(F74:J74) -> 0 | L74: 0 | N74: 0 | O74: =SUM(L74:N74) -> 0 | P74: 0
A75: 188 | E75: Tunjangan perjalanan dinas luar negeri | F75: 0 | G75: 0 | H75: 0 | I75: 0 | J75: 0 | K75: =SUM(F75:J75) -> 0 | L75: 0 | N75: 0 | O75: =SUM(L75:N75) -> 0 | P75: 0
A76: 189 | E76: Percetakan dan inventaris kantor | F76: 40289644 | G76: 0 | H76: 826159 | I76: 1063288 | J76: 4678477 | K76: =SUM(F76:J76) -> 46857568 | L76: 25216406 | N76: 9474945.7 | O76: =SUM(L76:N76) -> 34691352 | P76: =O76/K76 -> 0.7403575
A77: 190 | E77: Telepon, fax dan komunikasi - gedung | F77: 52359664 | G77: 0 | H77: 1073660 | I77: 1381829 | J77: 6080060 | K77: =SUM(F77:J77) -> 60895213 | L77: 12763869 | N77: 5568965.6 | O77: =SUM(L77:N77) -> 18332835 | P77: =O77/K77 -> 0.30105544
A78: 192 | E78: Telepon, fax dan komunikasi - rumah dinas | F78: 10178271 | G78: 0 | H78: 208710 | I78: 268616 | J78: 1181912 | K78: =SUM(F78:J78) -> 11837509 | L78: 3865461.8 | N78: 1829948.2 | O78: =SUM(L78:N78) -> 5695410 | P78: =O78/K78 -> 0.48113247
A79: 193 | E79: Bensin dan parkir | F79: 31902722 | G79: 0 | H79: 654181 | I79: 841948 | J79: 3704578 | K79: =SUM(F79:J79) -> 37103429 | L79: 24973803 | N79: 11628110 | O79: =SUM(L79:N79) -> 36601913 | P79: =O79/K79 -> 0.9864833
A80: 204 | E80: Beban pemeliharaan kendaraan | F80: 174255215 | G80: 0 | H80: 3573187 | I80: 4598786 | J80: 20234702 | K80: =SUM(F80:J80) -> 202661890 | L80: 80217421 | N80: 33981229 | O80: =SUM(L80:N80) -> 1.1419865e+08 | P80: =O80/K80 -> 0.56349346
A81: 194 | E81: Beban penggunaan Data Center | F81: 0 | G81: 0 | H81: 0 | I81: 0 | J81: 0 | K81: =SUM(F81:J81) -> 0 | L81: 0 | N81: 0 | O81: =SUM(L81:N81) -> 0 | P81: 0
A82: 195 | E82: Beban jaringan dan konektivitas | F82: 0 | G82: 0 | H82: 0 | I82: 0 | J82: 0 | K82: =SUM(F82:J82) -> 0 | L82: 0 | N82: 0 | O82: =SUM(L82:N82) -> 0 | P82: 0
A83: 196 | E83: Beban penyewaan peralatan IT | F83: 0 | G83: 0 | H83: 0 | I83: 0 | J83: 0 | K83: =SUM(F83:J83) -> 0 | L83: 0 | N83: 0 | O83: =SUM(L83:N83) -> 0 | P83: 0
A84: 197 | E84: Beban pemeliharaan peralatan IT | F84: 0 | G84: 0 | H84: 0 | I84: 0 | J84: 0 | K84: =SUM(F84:J84) -> 0 | L84: 0 | N84: 0 | O84: =SUM(L84:N84) -> 0 | P84: 0
A85: 198 | E85: Beban pemeliharaan perangkat lunak IT | F85: 0 | G85: 0 | H85: 0 | I85: 0 | J85: 0 | K85: =SUM(F85:J85) -> 0 | L85: 0 | N85: 0 | O85: =SUM(L85:N85) -> 0 | P85: 0
A86: 202 | E86: Beban pemeliharaan gedung | F86: 271324526 | G86: 0 | H86: 5563640 | I86: 7160552 | J86: 31506494 | K86: =SUM(F86:J86) -> 315555212 | L86: 60707735 | N86: 26659756 | O86: =SUM(L86:N86) -> 87367491 | P86: =O86/K86 -> 0.27686911
A87: 203 | E87: Beban pemeliharaan rumah dinas | F87: 4794504 | G87: 0 | H87: 98314 | I87: 126532 | J87: 556743 | K87: =SUM(F87:J87) -> 5576093 | L87: 2074705.6 | N87: 797086.39 | O87: =SUM(L87:N87) -> 2871792 | P87: =O87/K87 -> 0.51501867
A88: 205 | E88: Beban pemeliharaan mesin dan peralatan | F88: 146124786 | G88: 0 | H88: 2996359 | I88: 3856393 | J88: 16968167 | K88: =SUM(F88:J88) -> 169945705 | L88: 33006130 | N88: 15245501 | O88: =SUM(L88:N88) -> 48251631 | P88: =O88/K88 -> 0.2839238
A89: 206 | E89: Beban pemeliharaan renovasi dan instalasi | F89: 0 | G89: 0 | H89: 0 | I89: 0 | J89: 0 | K89: =SUM(F89:J89) -> 0 | L89: 0 | N89: 0 | O89: =SUM(L89:N89) -> 0 | P89: 0
A90: 244 | E90: Beban aset bernilai rendah | F90: 8813445 | G90: 0 | H90: 180724 | I90: 232597 | J90: 1023427 | K90: =SUM(F90:J90) -> 10250193 | L90: 5608058.6 | N90: 2608901.4 | O90: =SUM(L90:N90) -> 8216960 | P90: =O90/K90 -> 0.80163954
A91: 213 | E91: Beban pemeliharaan lainnya | F91: 0 | G91: 0 | H91: 0 | I91: 0 | J91: 0 | K91: =SUM(F91:J91) -> 0 | L91: 0 | N91: 0 | O91: =SUM(L91:N91) -> 0 | P91: 0
A92: 207 | E92: Beban pemeliharaan gedung sewa | F92: 0 | G92: 0 | H92: 0 | I92: 0 | J92: 0 | K92: =SUM(F92:J92) -> 0 | L92: 0 | N92: 0 | O92: =SUM(L92:N92) -> 0 | P92: 0
A93: 208 | E93: Beban pemeliharaan gudang sewa | F93: 0 | G93: 0 | H93: 0 | I93: 0 | J93: 0 | K93: =SUM(F93:J93) -> 0 | L93: 0 | N93: 0 | O93: =SUM(L93:N93) -> 0 | P93: 0
A94: 209 | E94: Beban pemeliharaan rumah dinas sewa | F94: 0 | G94: 0 | H94: 0 | I94: 0 | J94: 0 | K94: =SUM(F94:J94) -> 0 | L94: 0 | N94: 0 | O94: =SUM(L94:N94) -> 0 | P94: 0
A95: 211 | E95: Beban pemeliharaan peralatan sewa | F95: 0 | G95: 0 | H95: 0 | I95: 0 | J95: 0 | K95: =SUM(F95:J95) -> 0 | L95: 0 | N95: 0 | O95: =SUM(L95:N95) -> 0 | P95: 0
A96: 212 | E96: Beban pemeliharaan aset sewa lainnya | F96: 0 | G96: 0 | H96: 0 | I96: 0 | J96: 0 | K96: =SUM(F96:J96) -> 0 | L96: 0 | N96: 0 | O96: =SUM(L96:N96) -> 0 | P96: 0
A97: 214 | E97: Sewa kantor | F97: 0 | G97: 0 | H97: 0 | I97: 0 | J97: 0 | K97: =SUM(F97:J97) -> 0 | L97: 0 | N97: 0 | O97: =SUM(L97:N97) -> 0 | P97: 0
A98: 215 | E98: Sewa gudang | F98: 0 | G98: 0 | H98: 0 | I98: 0 | J98: 0 | K98: =SUM(F98:J98) -> 0 | L98: 42191271 | N98: 17705152 | O98: =SUM(L98:N98) -> 59896423 | P98: 0
A99: 216 | E99: Sewa kendaraan | F99: 102534233 | G99: 0 | H99: 2102514 | I99: 2705991 | J99: 11906385 | K99: =SUM(F99:J99) -> 119249123 | L99: 26558596 | N99: 11707404 | O99: =SUM(L99:N99) -> 38266000 | P99: =O99/K99 -> 0.32089125
A100: 210 | E100: Beban pemeliharaan kendaraan sewa | F100: 0 | G100: 0 | H100: 0 | I100: 0 | J100: 0 | K100: =SUM(F100:J100) -> 0 | L100: 0 | N100: 0 | O100: =SUM(L100:N100) -> 0 | P100: 0
A101: 217 | E101: Sewa peralatan | F101: 134279282 | G101: 0 | H101: 2753462 | I101: 3543777 | J101: 15592654 | K101: =SUM(F101:J101) -> 156169175 | L101: 1.373328e+08 | N101: 59360050 | O101: =SUM(L101:N101) -> 196692854 | P101: =O101/K101 -> 1.2594858
A102: 218 | E102: Sewa rumah dinas | F102: 0 | G102: 0 | H102: 0 | I102: 0 | J102: 0 | K102: =SUM(F102:J102) -> 0 | L102: 0 | N102: 0 | O102: =SUM(L102:N102) -> 0 | P102: 0
A103: 219 | E103: Biaya service charge | F103: 0 | G103: 0 | H103: 0 | I103: 0 | J103: 0 | K103: =SUM(F103:J103) -> 0 | L103: 0 | N103: 0 | O103: =SUM(L103:N103) -> 0 | P103: 0
A104: 220 | E104: Sewa lainnya | F104: 0 | G104: 0 | H104: 0 | I104: 0 | J104: 0 | K104: =SUM(F104:J104) -> 0 | L104: 0 | N104: 0 | O104: =SUM(L104:N104) -> 0 | P104: 0
A105: 0 | E105: Beban CKPN | F105: 0 | G105: 0 | H105: 0 | I105: 0 | J105: 0 | K105: =SUM(F105:J105) -> 0 | L105: 0 | N105: 0 | O105: =SUM(L105:N105) -> 0 | P105: 0
A106: 225 | E106: Beban pengumpulan informasi dan pengelolaan data | F106: 0 | G106: 0 | H106: 0 | I106: 0 | J106: 0 | K106: =SUM(F106:J106) -> 0 | L106: 0 | N106: 0 | O106: =SUM(L106:N106) -> 0 | P106: 0
A107: 229 | E107: Beban pengelolaan dana dan investasi | F107: 0 | G107: 0 | H107: 0 | I107: 0 | J107: 0 | K107: =SUM(F107:J107) -> 0 | L107: 0 | N107: 0 | O107: =SUM(L107:N107) -> 0 | P107: 0
A108: 230 | E108: Beban penelitian dan pengembangan | F108: 0 | G108: 0 | H108: 0 | I108: 0 | J108: 0 | K108: =SUM(F108:J108) -> 0 | L108: 0 | N108: 0 | O108: =SUM(L108:N108) -> 0 | P108: 0
...

Sheet SURABAYA
D1: PT JAMKRINDO KANWIL SURABAYA
D2: LABA RUGI RKA TAHUN 2026
O4: =#REF! -> #REF!
D5: URAIAN | F5: KANCA SURABAYA | L5: REALISASI KANCA SURABAYA | P5: %
F6: KUR | G6: PEN | H6: KBG/SURETYSHIP | I6: KONSUMTIF | J6: PRODUKTIF | K6: TOTAL | L6: KUR | M6: PEN | N6: NON KUR | O6: TOTAL | P6: %
C8: X1 | D8: VOLUME | F8: 9912949637720 | G8: 0 | H8: 3913532224491 | I8: 974545539188 | J8: 2361265957530 | K8: =SUM(F8:J8) -> 17162293358929 | L8: 7.4752426e+12 | N8: 2.2586704e+12 | O8: =SUM(L8:N8) -> 9.7339129e+12 | P8: =O8/K8 -> 0.56716854
C10: X2 | D10: PENDAPATAN PENJAMINAN
A11: 7 | B11: 8 | E11: Imbal Jasa Penjaminan Bruto | F11: 358429774172 | G11: 0 | H11: 12754022487 | I11: 9459354711 | J11: 42658164985 | K11: =SUM(F11:J11) -> 423301316355 | L11: 1.9051406e+11 | M11: 0 | N11: 7.4534465e+10 | O11: =SUM(L11:N11) -> 2.6504852e+11 | P11: =O11/K11 -> 0.62614623
A12: 12 | B12: 10 | E12: Restitusi penjaminan kredit | F12: 0 | G12: 0 | H12: 0 | I12: 0 | J12: 0 | K12: =SUM(F12:J12) -> 0 | L12: 0 | M12: 0 | N12: 0 | O12: =SUM(L12:N12) -> 0 | P12: 0
A13: 9 | B13: 9 | E13: Premi Penjaminan Ulang | F13: 32275195681 | G13: 0 | H13: 1548572196 | I13: 1411596254 | J13: 24666604293 | K13: =SUM(F13:J13) -> 59901968424 | L13: 2.055736e+10 | M13: 0 | N13: 9.8556143e+09 | O13: =SUM(L13:N13) -> 3.0412974e+10 | P13: =O13/K13 -> 0.50771244
C14: Y2 | E14: IMBAL JASA PENJAMINAN BERSIH | F14: =F11-F12-F13 -> 326154578491 | G14: =G11-G12-G13 -> 0 | H14: =H11-H12-H13 -> 11205450291 | I14: =I11-I12-I13 -> 8047758457 | J14: =J11-J12-J13 -> 17991560692 | K14: =K11-K12-K13 -> 363399347931 | L14: =L11-L12-L13 -> 1.699567e+11 | M14: =M11-M12-M13 -> 0 | ... O14: =O11-O12-O13 -> 2.3463555e+11 | P14: =O14/K14 -> 0.6456686
C16: X2 | D16: BEBAN KLAIM
A17: 22 | B17: 13 | E17: Beban Klaim | F17: 279117753977 | G17: 22334975222 | H17: 5202817631 | I17: 5124694714 | J17: 37261618379 | K17: =SUM(F17:J17) -> 349041859923 | L17: 1.3797285e+11 | M17: 4359222990 | N17: 6.3153505e+10 | O17: =SUM(L17:N17) -> 2.0548558e+11 | P17: =O17/K17 -> 0.58871328
A18: 24 | B18: 14 | E18: Kenaikan (Penurunan) Cadangan Klaim | F18: 1747285621 | G18: -5867662416 | H18: 17700890 | I18: 264667074 | J18: 8523487423 | K18: =SUM(F18:J18) -> 4685478592 | L18: 1.4579893e+10 | M18: -5.8676624e+09 | N18: 2.1161492e+09 | O18: =SUM(L18:N18) -> 1.082838e+10 | P18: =O18/K18 -> 2.3110509
A19: 32 | B19: 15 | E19: Pendapatan Subrogasi | F19: 71739819407 | G19: 17075082318 | H19: 59056287 | I19: 120506747 | J19: 26509953142 | K19: =SUM(F19:J19) -> 115504417901 | L19: 5.3678578e+10 | M19: 7.6528895e+09 | N19: 1.7958707e+10 | O19: =SUM(L19:N19) -> 7.9290175e+10 | P19: =O19/K19 -> 0.68646876
A20: 37 | B20: 16 | E20: Beban Komisi Netto | F20: 5093038920 | G20: 0 | H20: 269126234 | I20: 215756309 | J20: 3766766262 | K20: =SUM(F20:J20) -> 9344687725 | L20: 3.3672537e+09 | M20: 0 | N20: 1.2715834e+09 | O20: =SUM(L20:N20) -> 4.6388371e+09 | P20: =O20/K20 -> 0.49641435
C21: Y2 | E21: JUMLAH BEBAN KLAIM | F21: =F17+F18-F19-F20 -> 204032181271 | G21: =G17+G18-G19-G20 -> -607769512 | H21: =H17+H18-H19-H20 -> 4892336000 | I21: =I17+I18-I19-I20 -> 5053098732 | J21: =J17+J18-J19-J20 -> 15508386398 | K21: =K17+K18-K19-K20 -> 228878232889 | L21: =L17+L18-L19-L20 -> 9.5506912e+10 | M21: =M17+M18-M19-M20 -> -9.1613289e+09 | ... O21: =O17+O18-O19-O20 -> 1.3238495e+11 | P21: =O21/K21 -> 0.57840776
C23: X1 | D23: PENJAMINAN BERSIH | F23: =F14-F21 -> 122122397220 | G23: =G14-G21 -> 607769512 | H23: =H14-H21 -> 6313114291 | I23: =I14-I21 -> 2994659725 | J23: =J14-J21 -> 2483174294 | K23: =K14-K21 -> 134521115042 | L23: =L14-L21 -> 7.4449787e+10 | M23: =M14-M21 -> 9.1613289e+09 | ... O23: =O14-O21 -> 1.022506e+11 | P23: =O23/K23 -> 0.7601082
B25: 19 | C25: X1 | D25: PENDAPATAN INVESTASI BERSIH | F25: 0 | G25: 0 | H25: 0 | I25: 0 | J25: 0 | K25: 0 | O25: 0 | P25: 0
C27: X1 | D27: BEBAN USAHA
C28: X2 | E28: BEBAN KARYAWAN
A29: 94 | E29: Beban gaji karyawan | F29: 2019992538 | G29: 0 | H29: 41420923 | I29: 53309818 | J29: 234563696 | K29: =SUM(F29:J29) -> 2349286975 | L29: 1.0430392e+09 | N29: 4.5792749e+08 | O29: =SUM(L29:N29) -> 1500966714 | P29: =O29/K29 -> 0.63890309
A30: 95 | E30: Beban lembur karyawan | F30: 80955400 | G30: 0 | H30: 1660030 | I30: 2136502 | J30: 9400628 | K30: =SUM(F30:J30) -> 94152560 | L30: 40590423 | N30: 17569109 | O30: =SUM(L30:N30) -> 58159532 | P30: =O30/K30 -> 0.61771589
A31: 96 | E31: Beban asuransi kesehatan karyawan | F31: 360926704 | G31: 0 | H31: 7400976 | I31: 9525251 | J31: 41911195 | K31: =SUM(F31:J31) -> 419764126 | L31: 0 | N31: 0 | O31: =SUM(L31:N31) -> 0 | P31: =O31/K31 -> 0
A32: 97 | E32: Beban asuransi jiwa karyawan | F32: 16536107 | G32: 0 | H32: 339081 | I32: 436406 | J32: 1920190 | K32: =SUM(F32:J32) -> 19231784 | L32: 0 | N32: 0 | O32: =SUM(L32:N32) -> 0 | P32: =O32/K32 -> 0
A33: 100 | E33: Beban dana pensiun | F33: 262090662 | G33: 0 | H33: 5374296 | I33: 6916860 | J33: 30434248 | K33: =SUM(F33:J33) -> 304816066 | L33: 0 | N33: 0 | O33: =SUM(L33:N33) -> 0 | P33: =O33/K33 -> 0
A34: 101 | E34: Beban kompensasi kinerja karyawan | F34: 2639551770 | G34: 0 | H34: 54125284 | I34: 69660665 | J34: 306507577 | K34: =SUM(F34:J34) -> 3069845296 | L34: 1.4262024e+09 | N34: 6.2629345e+08 | O34: =SUM(L34:N34) -> 2.0524958e+09 | P34: =O34/K34 -> 0.66859911
A35: 102 | E35: Biaya jasa kini karyawan | F35: 0 | G35: 0 | H35: 0 | I35: 0 | J35: 0 | K35: =SUM(F35:J35) -> 0 | L35: 0 | N35: 0 | O35: =SUM(L35:N35) -> 0 | P35: 0
A36: 103 | E36: Biaya jasa lalu karyawan | F36: 0 | G36: 0 | H36: 0 | I36: 0 | J36: 0 | K36: =SUM(F36:J36) -> 0 | L36: 0 | N36: 0 | O36: =SUM(L36:N36) -> 0 | P36: 0
A37: 104 | E37: Bunga atas imbalan pasca kerja karyawan | F37: 396307733 | G37: 0 | H37: 8126482 | I37: 10458996 | J37: 46019678 | K37: =SUM(F37:J37) -> 460912889 | L37: 0 | N37: 0 | O37: =SUM(L37:N37) -> 0 | P37: =O37/K37 -> 0
A38: 105 | E38: Beban BPJS kesehatan karyawan | F38: 100583081 | G38: 0 | H38: 2062505 | I38: 2654498 | J38: 11679815 | K38: =SUM(F38:J38) -> 116979899 | L38: 0 | N38: 0 | O38: =SUM(L38:N38) -> 0 | P38: =O38/K38 -> 0
A39: 106 | E39: Beban BPJS jaminan hari tua karyawan | F39: 142687058 | G39: 0 | H39: 2925867 | I39: 3765668 | J39: 16568974 | K39: =SUM(F39:J39) -> 165947567 | L39: 0 | N39: 0 | O39: =SUM(L39:N39) -> 0 | P39: =O39/K39 -> 0
A40: 107 | E40: Beban BPJS jaminan kecelakaan kerja dan jaminan kematian karyawan | F40: 20708564 | G40: 0 | H40: 424639 | I40: 546522 | J40: 2404701 | K40: =SUM(F40:J40) -> 24084426 | L40: 0 | N40: 0 | O40: =SUM(L40:N40) -> 0 | P40: =O40/K40 -> 0
A41: 108 | E41: Beban BPJS jaminan pensiun karyawan | F41: 47983259 | G41: 0 | H41: 983920 | I41: 1266331 | J41: 5571867 | K41: =SUM(F41:J41) -> 55805377 | L41: 0 | N41: 0 | O41: =SUM(L41:N41) -> 0 | P41: =O41/K41 -> 0
A42: 109 | E42: Beban tunjangan hari raya karyawan | F42: 695650945 | G42: 0 | H42: 14264659 | I42: 18358991 | J42: 80779732 | K42: =SUM(F42:J42) -> 809054327 | L42: 4.307819e+08 | N42: 1.9702752e+08 | O42: =SUM(L42:N42) -> 6.2780943e+08 | P42: =O42/K42 -> 0.77597932
A43: 110 | E43: Beban tunjangan PPh 21 karyawan | F43: 1603647260 | G43: 0 | H43: 32883562 | I43: 42322009 | J43: 186217237 | K43: =SUM(F43:J43) -> 1865070068 | L43: 2.489024e+08 | N43: 1.1815618e+08 | O43: =SUM(L43:N43) -> 3.6705858e+08 | P43: =O43/K43 -> 0.19680686
A44: 111 | E44: Beban tunjangan transportasi karyawan | F44: 83963494 | G44: 0 | H44: 1721712 | I44: 2215889 | J44: 9749931 | K44: =SUM(F44:J44) -> 97651026 | L44: 38538807 | N44: 16927860 | O44: =SUM(L44:N44) -> 55466667 | P44: =O44/K44 -> 0.56800906
A45: 112 | E45: Beban tunjangan jabatan | F45: 943740633 | G45: 0 | H45: 19351858 | I45: 24906350 | J45: 109588173 | K45: =SUM(F45:J45) -> 1097587014 | L45: 5.9729626e+08 | N45: 2.6251207e+08 | O45: =SUM(L45:N45) -> 859808334 | P45: =O45/K45 -> 0.78336234
A46: 113 | E46: Beban tunjangan cuti besar | F46: 32940452 | G46: 0 | H46: 675460 | I46: 869335 | J46: 3825081 | K46: =SUM(F46:J46) -> 38310328 | L46: 0 | N46: 0 | O46: =SUM(L46:N46) -> 0 | P46: =O46/K46 -> 0
A47: 114 | E47: Beban tunjangan cuti tahunan | F47: 316045338 | G47: 0 | H47: 6480662 | I47: 8340783 | J47: 36699523 | K47: =SUM(F47:J47) -> 367566306 | L47: 0 | N47: 0 | O47: =SUM(L47:N47) -> 0 | P47: =O47/K47 -> 0
A48: 115 | E48: Beban tunjangan makan | F48: 284009877 | G48: 0 | H48: 5823760 | I48: 7495332 | J48: 32979531 | K48: =SUM(F48:J48) -> 330308500 | L48: 208289622 | N48: 89040378 | O48: =SUM(L48:N48) -> 297330000 | P48: =O48/K48 -> 0.90015849
A49: 124 | E49: Beban Tunjangan Pakaian Kerja | F49: 66933169 | G49: 0 | H49: 1372497 | I49: 1766440 | J49: 7772351 | K49: =SUM(F49:J49) -> 77844457 | L49: 0 | N49: 0 | O49: =SUM(L49:N49) -> 0 | P49: =O49/K49 -> 0
A50: 143 | E50: Beban kompensasi PKWT/PKWTT | F50: 0 | G50: 0 | H50: 0 | I50: 0 | J50: 0 | K50: =SUM(F50:J50) -> 0 | L50: 0 | N50: 0 | O50: =SUM(L50:N50) -> 0 | P50: 0
A51: 0 | E51: Beban tunjangan lainnya | F51: 183002512 | G51: 0 | H51: 3752555 | I51: 4829637 | J51: 21250448 | K51: =SUM(F51:J51) -> 212835152 | L51: 1.1359079e+08 | N51: 50159547 | O51: =SUM(L51:N51) -> 163750334 | P51: =O51/K51 -> 0.76937636
B52: 21 | C52: Y2 | E52: Total Beban Karyawan | F52: =SUM(F29:F51) -> 10298256556 | G52: =SUM(G29:G51) -> 0 | H52: =SUM(H29:H51) -> 211170728 | I52: =SUM(I29:I51) -> 271782283 | J52: =SUM(J29:J51) -> 1195844576 | K52: =SUM(K29:K51) -> 11977054143 | L52: =SUM(L29:L51) -> 4.1472318e+09 | M52: =SUM(M29:M51) -> 0 | ... O52: =SUM(O29:O51) -> 5.9828454e+09 | P52: =O52/K52 -> 0.49952562
C54: X2 | E54: BEBAN ADMINISTRASI & UMUM
A55: 169 | E55: Imbal jasa profesional - akuntan publik | F55: 0 | G55: 0 | H55: 0 | I55: 0 | J55: 0 | K55: =SUM(F55:J55) -> 0 | L55: 0 | N55: 0 | O55: =SUM(L55:N55) -> 0 | P55: 0
A56: 171 | E56: Imbal jasa profesional - konsultan hukum | F56: 0 | G56: 0 | H56: 0 | I56: 0 | J56: 0 | K56: =SUM(F56:J56) -> 0 | L56: 0 | N56: 0 | O56: =SUM(L56:N56) -> 0 | P56: 0
A57: 175 | E57: Imbal jasa profesional - konsultan manajemen (SDM, SOP, Akuntansi dll) | F57: 0 | G57: 0 | H57: 0 | I57: 0 | J57: 0 | K57: =SUM(F57:J57) -> 0 | L57: 0 | N57: 0 | O57: =SUM(L57:N57) -> 0 | P57: 0
A58: 176 | E58: Beban imbal jasa profesional IT | F58: 0 | G58: 0 | H58: 0 | I58: 0 | J58: 0 | K58: =SUM(F58:J58) -> 0 | L58: 0 | N58: 0 | O58: =SUM(L58:N58) -> 0 | P58: 0
A59: 177 | E59: Imbal jasa profesional - lainnya | F59: 0 | G59: 0 | H59: 0 | I59: 0 | J59: 0 | K59: =SUM(F59:J59) -> 0 | L59: 0 | N59: 0 | O59: =SUM(L59:N59) -> 0 | P59: 0
A60: 179 | E60: Air, listrik dan utilitas - gedung | F60: 307268768 | G60: 0 | H60: 6300695 | I60: 8109160 | J60: 35680378 | K60: =SUM(F60:J60) -> 357359001 | L60: 1.5532621e+08 | N60: 68330668 | O60: =SUM(L60:N60) -> 2.2365688e+08 | P60: =O60/K60 -> 0.6258605
A61: 180 | E61: Air, listrik dan utilitas - rumah dinas | F61: 15169427 | G61: 0 | H61: 311056 | I61: 400338 | J61: 1761490 | K61: =SUM(F61:J61) -> 17642311 | L61: 4457699.1 | N61: 1886827.9 | O61: =SUM(L61:N61) -> 6344527 | P61: =O61/K61 -> 0.35961995
A62: 181 | E62: Pemasaran | F62: 1373615410 | G62: 0 | H62: 28166648 | I62: 36251217 | J62: 159505692 | K62: =SUM(F62:J62) -> 1597538967 | L62: 5.7490143e+08 | N62: 2.8720928e+08 | O62: =SUM(L62:N62) -> 8.6211071e+08 | P62: =O62/K62 -> 0.53964926
A63: 134 | E63: Beban pelatihan manajemen | F63: 0 | G63: 0 | H63: 0 | I63: 0 | J63: 0 | K63: =SUM(F63:J63) -> 0 | L63: 0 | N63: 0 | O63: =SUM(L63:N63) -> 0 | P63: 0
A64: 132 | E64: Beban pelatihan karyawan - insidentil | F64: 0 | G64: 0 | H64: 0 | I64: 0 | J64: 0 | K64: =SUM(F64:J64) -> 0 | L64: 0 | N64: 0 | O64: =SUM(L64:N64) -> 0 | P64: 0
A65: 133 | E65: Beban pelatihan karyawan - leadership | F65: 0 | G65: 0 | H65: 0 | I65: 0 | J65: 0 | K65: =SUM(F65:J65) -> 0 | L65: 0 | N65: 0 | O65: =SUM(L65:N65) -> 0 | P65: 0
A66: 182 | E66: Beban pelatihan karyawan - TNA | F66: 0 | G66: 0 | H66: 0 | I66: 0 | J66: 0 | K66: =SUM(F66:J66) -> 0 | L66: 0 | N66: 0 | O66: =SUM(L66:N66) -> 0 | P66: 0
A67: 137 | E67: Beban sertifikasi | F67: 0 | G67: 0 | H67: 0 | I67: 0 | J67: 0 | K67: =SUM(F67:J67) -> 0 | L67: 0 | N67: 0 | O67: =SUM(L67:N67) -> 0 | P67: 0
A68: 129 | E68: Beban perekrutan karyawan | F68: 0 | G68: 0 | H68: 0 | I68: 0 | J68: 0 | K68: =SUM(F68:J68) -> 0 | L68: 0 | N68: 0 | O68: =SUM(L68:N68) -> 0 | P68: 0
A69: 5 | E69: Beban uang saku magang | F69: 0 | G69: 0 | H69: 0 | I69: 0 | J69: 0 | K69: =SUM(F69:J69) -> 0 | L69: 0 | N69: 0 | O69: =SUM(L69:N69) -> 0 | P69: 0
A70: 183 | E70: Akomodasi dinas dalam negeri | F70: 100920163 | G70: 0 | H70: 2069417 | I70: 2663394 | J70: 11718957 | K70: =SUM(F70:J70) -> 117371931 | L70: 30514447 | N70: 14464800 | O70: =SUM(L70:N70) -> 44979247 | P70: =O70/K70 -> 0.38321979
A71: 184 | E71: Tranportasi dinas dalam negeri | F71: 9512047 | G71: 0 | H71: 195049 | I71: 251033 | J71: 1104549 | K71: =SUM(F71:J71) -> 11062678 | L71: 15965452 | N71: 7193874.5 | O71: =SUM(L71:N71) -> 23159326 | P71: =O71/K71 -> 2.0934647
A72: 185 | E72: Tunjangan perjalanan dinas dalam negeri | F72: 53561010 | G72: 0 | H72: 1098294 | I72: 1413534 | J72: 6219562 | K72: =SUM(F72:J72) -> 62292400 | L72: 67995835 | N72: 30604165 | O72: =SUM(L72:N72) -> 98600000 | P72: =O72/K72 -> 1.5828576
A73: 186 | E73: Akomodasi dinas luar negeri | F73: 0 | G73: 0 | H73: 0 | I73: 0 | J73: 0 | K73: =SUM(F73:J73) -> 0 | L73: 0 | N73: 0 | O73: =SUM(L73:N73) -> 0 | P73: 0
A74: 187 | E74: Tranportasi dinas luar negeri | F74: 0 | G74: 0 | H74: 0 | I74: 0 | J74: 0 | K74: =SUM(F74:J74) -> 0 | L74: 2645845.5 | N74: 1132314.5 | O74: =SUM(L74:N74) -> 3778160 | P74: 0
A75: 188 | E75: Tunjangan perjalanan dinas luar negeri | F75: 0 | G75: 0 | H75: 0 | I75: 0 | J75: 0 | K75: =SUM(F75:J75) -> 0 | L75: 0 | N75: 0 | O75: =SUM(L75:N75) -> 0 | P75: 0
A76: 189 | E76: Percetakan dan inventaris kantor | F76: 301111384 | G76: 0 | H76: 6174434 | I76: 7946660 | J76: 34965376 | K76: =SUM(F76:J76) -> 350197854 | L76: 1.2267969e+08 | N76: 53273182 | O76: =SUM(L76:N76) -> 175952872 | P76: =O76/K76 -> 0.50243846
A77: 190 | E77: Telepon, fax dan komunikasi - gedung | F77: 100260504 | G77: 0 | H77: 2055890 | I77: 2645985 | J77: 11642357 | K77: =SUM(F77:J77) -> 116604736 | L77: 35876972 | N77: 15753417 | O77: =SUM(L77:N77) -> 51630389 | P77: =O77/K77 -> 0.44278123
A78: 192 | E78: Telepon, fax dan komunikasi - rumah dinas | F78: 7638275 | G78: 0 | H78: 156627 | I78: 201582 | J78: 886965 | K78: =SUM(F78:J78) -> 8883449 | L78: 1548777.1 | N78: 676100.92 | O78: =SUM(L78:N78) -> 2224878 | P78: =O78/K78 -> 0.25045205
A79: 193 | E79: Bensin dan parkir | F79: 95673975 | G79: 0 | H79: 1961841 | I79: 2524941 | J79: 11109764 | K79: =SUM(F79:J79) -> 111270521 | L79: 1.5665461e+08 | N79: 68615800 | O79: =SUM(L79:N79) -> 225270407 | P79: =O79/K79 -> 2.0245291
A80: 204 | E80: Beban pemeliharaan kendaraan | F80: 536668291 | G80: 0 | H80: 11004643 | I80: 14163265 | J80: 62318496 | K80: =SUM(F80:J80) -> 624154695 | L80: 68772439 | N80: 29008049 | O80: =SUM(L80:N80) -> 97780488 | P80: =O80/K80 -> 0.15666066
A81: 194 | E81: Beban penggunaan Data Center | F81: 0 | G81: 0 | H81: 0 | I81: 0 | J81: 0 | K81: =SUM(F81:J81) -> 0 | L81: 0 | N81: 0 | O81: =SUM(L81:N81) -> 0 | P81: 0
A82: 195 | E82: Beban jaringan dan konektivitas | F82: 0 | G82: 0 | H82: 0 | I82: 0 | J82: 0 | K82: =SUM(F82:J82) -> 0 | L82: 0 | N82: 0 | O82: =SUM(L82:N82) -> 0 | P82: 0
A83: 196 | E83: Beban penyewaan peralatan IT | F83: 0 | G83: 0 | H83: 0 | I83: 0 | J83: 0 | K83: =SUM(F83:J83) -> 0 | L83: 0 | N83: 0 | O83: =SUM(L83:N83) -> 0 | P83: 0
A84: 197 | E84: Beban pemeliharaan peralatan IT | F84: 0 | G84: 0 | H84: 0 | I84: 0 | J84: 0 | K84: =SUM(F84:J84) -> 0 | L84: 0 | N84: 0 | O84: =SUM(L84:N84) -> 0 | P84: 0
A85: 198 | E85: Beban pemeliharaan perangkat lunak IT | F85: 0 | G85: 0 | H85: 0 | I85: 0 | J85: 0 | K85: =SUM(F85:J85) -> 0 | L85: 0 | N85: 0 | O85: =SUM(L85:N85) -> 0 | P85: 0
A86: 202 | E86: Beban pemeliharaan gedung | F86: 303304038 | G86: 0 | H86: 6219396 | I86: 8004526 | J86: 35219990 | K86: =SUM(F86:J86) -> 352747950 | L86: 1.1612819e+08 | N86: 44470293 | O86: =SUM(L86:N86) -> 160598479 | P86: =O86/K86 -> 0.45527828
A87: 203 | E87: Beban pemeliharaan rumah dinas | F87: 3598029 | G87: 0 | H87: 73779 | I87: 94956 | J87: 417807 | K87: =SUM(F87:J87) -> 4184571 | L87: 23314366 | N87: 7285736.6 | O87: =SUM(L87:N87) -> 30600103 | P87: =O87/K87 -> 7.3126022
A88: 205 | E88: Beban pemeliharaan mesin dan peralatan | F88: 111028233 | G88: 0 | H88: 2276688 | I88: 2930157 | J88: 12892717 | K88: =SUM(F88:J88) -> 129127795 | L88: 48754607 | N88: 21359650 | O88: =SUM(L88:N88) -> 70114257 | P88: =O88/K88 -> 0.54298346
A89: 206 | E89: Beban pemeliharaan renovasi dan instalasi | F89: 0 | G89: 0 | H89: 0 | I89: 0 | J89: 0 | K89: =SUM(F89:J89) -> 0 | L89: -5077468.9 | N89: 5077468.9 | O89: =SUM(L89:N89) -> 0 | P89: =O89/K89 -> #DIV/0!
A90: 244 | E90: Beban aset bernilai rendah | F90: 17626893 | G90: 0 | H90: 361448 | I90: 465193 | J90: 2046854 | K90: =SUM(F90:J90) -> 20500388 | L90: 3112271.4 | N90: 1411728.6 | O90: =SUM(L90:N90) -> 4524000 | P90: =O90/K90 -> 0.22067875
A91: 213 | E91: Beban pemeliharaan lainnya | F91: 0 | G91: 0 | H91: 0 | I91: 0 | J91: 0 | K91: =SUM(F91:J91) -> 0 | L91: 0 | N91: 0 | O91: =SUM(L91:N91) -> 0 | P91: 0
A92: 207 | E92: Beban pemeliharaan gedung sewa | F92: 0 | G92: 0 | H92: 0 | I92: 0 | J92: 0 | K92: =SUM(F92:J92) -> 0 | L92: 0 | N92: 0 | O92: =SUM(L92:N92) -> 0 | P92: 0
A93: 208 | E93: Beban pemeliharaan gudang sewa | F93: 0 | G93: 0 | H93: 0 | I93: 0 | J93: 0 | K93: =SUM(F93:J93) -> 0 | L93: 0 | N93: 0 | O93: =SUM(L93:N93) -> 0 | P93: 0
A94: 209 | E94: Beban pemeliharaan rumah dinas sewa | F94: 0 | G94: 0 | H94: 0 | I94: 0 | J94: 0 | K94: =SUM(F94:J94) -> 0 | L94: 0 | N94: 0 | O94: =SUM(L94:N94) -> 0 | P94: 0
A95: 211 | E95: Beban pemeliharaan peralatan sewa | F95: 0 | G95: 0 | H95: 0 | I95: 0 | J95: 0 | K95: =SUM(F95:J95) -> 0 | L95: 0 | N95: 0 | O95: =SUM(L95:N95) -> 0 | P95: 0
A96: 212 | E96: Beban pemeliharaan aset sewa lainnya | F96: 0 | G96: 0 | H96: 0 | I96: 0 | J96: 0 | K96: =SUM(F96:J96) -> 0 | L96: 0 | N96: 0 | O96: =SUM(L96:N96) -> 0 | P96: 0
A97: 214 | E97: Sewa kantor | F97: 490991527 | G97: 0 | H97: 10068018 | I97: 12957805 | J97: 57014462 | K97: =SUM(F97:J97) -> 571031812 | L97: 24924340 | N97: 11435018 | O97: =SUM(L97:N97) -> 36359358 | P97: =O97/K97 -> 0.063673087
A98: 215 | E98: Sewa gudang | F98: 0 | G98: 0 | H98: 0 | I98: 0 | J98: 0 | K98: =SUM(F98:J98) -> 0 | L98: 22099836 | N98: 9616152.8 | O98: =SUM(L98:N98) -> 31715989 | P98: 0
A99: 216 | E99: Sewa kendaraan | F99: 74386902 | G99: 0 | H99: 1525339 | I99: 1963152 | J99: 8637887 | K99: =SUM(F99:J99) -> 86513280 | L99: 22734141 | N99: 9957858.9 | O99: =SUM(L99:N99) -> 32692000 | P99: =O99/K99 -> 0.37788418
A100: 210 | E100: Beban pemeliharaan kendaraan sewa | F100: 0 | G100: 0 | H100: 0 | I100: 0 | J100: 0 | K100: =SUM(F100:J100) -> 0 | L100: 0 | N100: 0 | O100: =SUM(L100:N100) -> 0 | P100: 0
A101: 217 | E101: Sewa peralatan | F101: 236963439 | G101: 0 | H101: 4859050 | I101: 6253725 | J101: 27516448 | K101: =SUM(F101:J101) -> 275592662 | L101: 1.570794e+08 | N101: 69615162 | O101: =SUM(L101:N101) -> 226694564 | P101: =O101/K101 -> 0.82257112
A102: 218 | E102: Sewa rumah dinas | F102: 21347985 | G102: 0 | H102: 437751 | I102: 563397 | J102: 2478951 | K102: =SUM(F102:J102) -> 24828084 | L102: 29598384 | N102: 13091589 | O102: =SUM(L102:N102) -> 42689974 | P102: =O102/K102 -> 1.7194228
A103: 219 | E103: Biaya service charge | F103: 0 | G103: 0 | H103: 0 | I103: 0 | J103: 0 | K103: =SUM(F103:J103) -> 0 | L103: 0 | N103: 0 | O103: =SUM(L103:N103) -> 0 | P103: 0
A104: 220 | E104: Sewa lainnya | F104: 0 | G104: 0 | H104: 0 | I104: 0 | J104: 0 | K104: =SUM(F104:J104) -> 0 | L104: 0 | N104: 0 | O104: =SUM(L104:N104) -> 0 | P104: 0
A105: 0 | E105: Beban CKPN | F105: 0 | G105: 0 | H105: 0 | I105: 0 | J105: 0 | K105: =SUM(F105:J105) -> 0 | L105: 0 | N105: 0 | O105: =SUM(L105:N105) -> 0 | P105: 0
A106: 225 | E106: Beban pengumpulan informasi dan pengelolaan data | F106: 0 | G106: 0 | H106: 0 | I106: 0 | J106: 0 | K106: =SUM(F106:J106) -> 0 | L106: 0 | N106: 0 | O106: =SUM(L106:N106) -> 0 | P106: 0
A107: 229 | E107: Beban pengelolaan dana dan investasi | F107: 0 | G107: 0 | H107: 0 | I107: 0 | J107: 0 | K107: =SUM(F107:J107) -> 0 | L107: 0 | N107: 0 | O107: =SUM(L107:N107) -> 0 | P107: 0
A108: 230 | E108: Beban penelitian dan pengembangan | F108: 0 | G108: 0 | H108: 0 | I108: 0 | J108: 0 | K108: =SUM(F108:J108) -> 0 | L108: 0 | N108: 0 | O108: =SUM(L108:N108) -> 0 | P108: 0
...

Sheet KEDIRI
D1: PT JAMKRINDO KANWIL SURABAYA
D2: LABA RUGI RKA TAHUN 2026
O4: =#REF! -> #REF!
D5: URAIAN | F5: KANCA KEDIRI | L5: REALISASI KANCA KEDIRI | P5: %
F6: KUR | G6: PEN | H6: KBG/SURETYSHIP | I6: KONSUMTIF | J6: PRODUKTIF | K6: TOTAL | L6: KUR | M6: PEN | N6: NON KUR | O6: TOTAL | P6: %
C8: X1 | D8: VOLUME | F8: 5539589503431 | G8: 0 | H8: 729641601176 | I8: 544598977781 | J8: 1004253035090 | K8: =SUM(F8:J8) -> 7818083117478 | L8: 4.232705e+12 | N8: 9.0602604e+11 | O8: =SUM(L8:N8) -> 5.1387311e+12 | P8: =O8/K8 -> 0.65728785
C10: X2 | D10: PENDAPATAN PENJAMINAN
A11: 7 | B11: 8 | E11: Imbal Jasa Penjaminan Bruto | F11: 200298991450 | G11: 0 | H11: 2377868599 | I11: 5286109986 | J11: 22927120245 | K11: =SUM(F11:J11) -> 230890090280 | L11: 1.0346593e+11 | M11: 0 | N11: 4.1542495e+10 | O11: =SUM(L11:N11) -> 1.4500842e+11 | P11: =O11/K11 -> 0.62804091
A12: 12 | B12: 10 | E12: Restitusi penjaminan kredit | F12: 0 | G12: 0 | H12: 0 | I12: 0 | J12: 0 | K12: =SUM(F12:J12) -> 0 | L12: 0 | M12: 0 | N12: 0 | O12: =SUM(L12:N12) -> 0 | P12: =O12/K12 -> #DIV/0!
A13: 9 | B13: 9 | E13: Premi Penjaminan Ulang | F13: 18036138761 | G13: 0 | H13: 288716850 | I13: 788833201 | J13: 13671394317 | K13: =SUM(F13:J13) -> 32785083129 | L13: 1.0807965e+10 | M13: 0 | N13: 5.3056972e+09 | O13: =SUM(L13:N13) -> 16113662010 | P13: =O13/K13 -> 0.49149371
C14: Y2 | E14: IMBAL JASA PENJAMINAN BERSIH | F14: =F11-F12-F13 -> 182262852689 | G14: =G11-G12-G13 -> 0 | H14: =H11-H12-H13 -> 2089151749 | I14: =I11-I12-I13 -> 4497276785 | J14: =J11-J12-J13 -> 9255725928 | K14: =K11-K12-K13 -> 198105007151 | L14: =L11-L12-L13 -> 9.2657962e+10 | M14: =M11-M12-M13 -> 0 | ... O14: =O11-O12-O13 -> 1.2889476e+11 | P14: =O14/K14 -> 0.65063858
C16: X2 | D16: BEBAN KLAIM
A17: 22 | B17: 13 | E17: Beban Klaim | F17: 149669107251 | G17: 1889067548 | H17: 158460622 | I17: 500000000 | J17: 25924281317 | K17: =SUM(F17:J17) -> 178140916738 | L17: 5.7450231e+10 | M17: 116546366 | N17: 2.5399709e+10 | O17: =SUM(L17:N17) -> 8.2966487e+10 | P17: =O17/K17 -> 0.46573515
A18: 24 | B18: 14 | E18: Kenaikan (Penurunan) Cadangan Klaim | F18: 1219679297 | G18: -151546366 | H18: 17700891 | I18: 0 | J18: 3523812717 | K18: =SUM(F18:J18) -> 4609646539 | L18: 8.0102758e+09 | M18: -1.5154637e+08 | N18: 9.2901233e+09 | O18: =SUM(L18:N18) -> 1.7148853e+10 | P18: =O18/K18 -> 3.7202099
A19: 32 | B19: 15 | E19: Pendapatan Subrogasi | F19: 43057773776 | G19: 4180457975 | H19: 30365867 | I19: 61962783 | J19: 19772876680 | K19: =SUM(F19:J19) -> 67103437081 | L19: 1.4900423e+10 | M19: 9.184166e+08 | N19: 8.3941876e+09 | O19: =SUM(L19:N19) -> 2.4213027e+10 | P19: =O19/K19 -> 0.3608314
A20: 37 | B20: 16 | E20: Beban Komisi Netto | F20: 2846109985 | G20: 0 | H20: 50176077 | I20: 120569702 | J20: 2085992135 | K20: =SUM(F20:J20) -> 5102847899 | L20: 1.7865182e+09 | M20: 0 | N20: 7.6299796e+08 | O20: =SUM(L20:N20) -> 2.5495161e+09 | P20: =O20/K20 -> 0.49962612
C21: Y2 | E21: JUMLAH BEBAN KLAIM | F21: =F17+F18-F19-F20 -> 104984902787 | G21: =G17+G18-G19-G20 -> -2442936793 | H21: =H17+H18-H19-H20 -> 95619569 | I21: =I17+I18-I19-I20 -> 317467515 | J21: =J17+J18-J19-J20 -> 7589225219 | K21: =K17+K18-K19-K20 -> 110544278297 | L21: =L17+L18-L19-L20 -> 4.8773566e+10 | M21: =M17+M18-M19-M20 -> -953416597 | ... O21: =O17+O18-O19-O20 -> 7.3352796e+10 | P21: =O21/K21 -> 0.66356031
C23: X1 | D23: PENJAMINAN BERSIH | F23: =F14-F21 -> 77277949902 | G23: =G14-G21 -> 2442936793 | H23: =H14-H21 -> 1993532180 | I23: =I14-I21 -> 4179809270 | J23: =J14-J21 -> 1666500709 | K23: =K14-K21 -> 87560728854 | L23: =L14-L21 -> 4.3884396e+10 | M23: =M14-M21 -> 953416597 | ... O23: =O14-O21 -> 5.5541963e+10 | P23: =O23/K23 -> 0.63432505
B25: 19 | C25: X1 | D25: PENDAPATAN INVESTASI BERSIH | F25: 0 | G25: 0 | H25: 0 | I25: 0 | J25: 0 | K25: 0 | O25: 0 | P25: 0
C27: X1 | D27: BEBAN USAHA
C28: X2 | E28: BEBAN KARYAWAN
A29: 94 | E29: Beban gaji karyawan | F29: 969596418 | G29: 0 | H29: 19882043 | I29: 25588713 | J29: 112590574 | K29: =SUM(F29:J29) -> 1127657748 | L29: 5.1681078e+08 | N29: 2.2694104e+08 | O29: =SUM(L29:N29) -> 743751821 | P29: =O29/K29 -> 0.65955457
A30: 95 | E30: Beban lembur karyawan | F30: 35417988 | G30: 0 | H30: 726263 | I30: 934720 | J30: 4112775 | K30: =SUM(F30:J30) -> 41191746 | L30: 13555184 | N30: 6085485.9 | O30: =SUM(L30:N30) -> 19640670 | P30: =O30/K30 -> 0.47681082
A31: 96 | E31: Beban asuransi kesehatan karyawan | F31: 180463352 | G31: 0 | H31: 3700488 | I31: 4762626 | J31: 20955598 | K31: =SUM(F31:J31) -> 209882064 | L31: 7643750 | N31: 2856250 | O31: =SUM(L31:N31) -> 10500000 | P31: =O31/K31 -> 0.050028096
A32: 97 | E32: Beban asuransi jiwa karyawan | F32: 8268054 | G32: 0 | H32: 169540 | I32: 218203 | J32: 960095 | K32: =SUM(F32:J32) -> 9615892 | L32: 0 | N32: 0 | O32: =SUM(L32:N32) -> 0 | P32: =O32/K32 -> 0
A33: 100 | E33: Beban dana pensiun | F33: 131045331 | G33: 0 | H33: 2687148 | I33: 3458430 | J33: 15217124 | K33: =SUM(F33:J33) -> 152408033 | L33: 0 | N33: 0 | O33: =SUM(L33:N33) -> 0 | P33: =O33/K33 -> 0
A34: 101 | E34: Beban kompensasi kinerja karyawan | F34: 1395994313 | G34: 0 | H34: 28625538 | I34: 36841820 | J34: 162104354 | K34: =SUM(F34:J34) -> 1623566025 | L34: 6.7312524e+08 | N34: 2.9559194e+08 | O34: =SUM(L34:N34) -> 9.6871718e+08 | P34: =O34/K34 -> 0.59666017
A35: 102 | E35: Biaya jasa kini karyawan | F35: 0 | G35: 0 | H35: 0 | I35: 0 | J35: 0 | K35: =SUM(F35:J35) -> 0 | L35: 0 | N35: 0 | O35: =SUM(L35:N35) -> 0 | P35: =O35/K35 -> #DIV/0!
A36: 103 | E36: Biaya jasa lalu karyawan | F36: 0 | G36: 0 | H36: 0 | I36: 0 | J36: 0 | K36: =SUM(F36:J36) -> 0 | L36: 0 | N36: 0 | O36: =SUM(L36:N36) -> 0 | P36: =O36/K36 -> #DIV/0!
A37: 104 | E37: Bunga atas imbalan pasca kerja karyawan | F37: 198153866 | G37: 0 | H37: 4063241 | I37: 5229498 | J37: 23009839 | K37: =SUM(F37:J37) -> 230456444 | L37: 0 | N37: 0 | O37: =SUM(L37:N37) -> 0 | P37: =O37/K37 -> 0
A38: 105 | E38: Beban BPJS kesehatan karyawan | F38: 50291541 | G38: 0 | H38: 1031252 | I38: 1327249 | J38: 5839908 | K38: =SUM(F38:J38) -> 58489950 | L38: 0 | N38: 0 | O38: =SUM(L38:N38) -> 0 | P38: =O38/K38 -> 0
A39: 106 | E39: Beban BPJS jaminan hari tua karyawan | F39: 71343529 | G39: 0 | H39: 1462934 | I39: 1882834 | J39: 8284487 | K39: =SUM(F39:J39) -> 82973784 | L39: 0 | N39: 0 | O39: =SUM(L39:N39) -> 0 | P39: =O39/K39 -> 0
A40: 107 | E40: Beban BPJS jaminan kecelakaan kerja dan jaminan kematian karyawan | F40: 10354282 | G40: 0 | H40: 212320 | I40: 273261 | J40: 1202350 | K40: =SUM(F40:J40) -> 12042213 | L40: 0 | N40: 0 | O40: =SUM(L40:N40) -> 0 | P40: =O40/K40 -> 0
... A51: 0 | E51: Beban tunjangan lainnya | F51: 91501256 | G51: 0 | H51: 1876277 | I51: 2414818 | J51: 10625224 | K51: =SUM(F51:J51) -> 106417575 | L51: 58436602 | N51: 25871732 | O51: =SUM(L51:N51) -> 84308334 | P51: =O51/K51 -> 0.7922407
B52: 21 | C52: Y2 | E52: Total Beban Karyawan | F52: =SUM(F29:F51) -> 5710120358 | G52: =SUM(G29:G51) -> 0 | H52: =SUM(H29:H51) -> 117088776 | I52: =SUM(I29:I51) -> 150696336 | J52: =SUM(J29:J51) -> 663065289 | K52: =SUM(K29:K51) -> 6640970759 | L52: =SUM(L29:L51) -> 2.0753305e+09 | M52: =SUM(M29:M51) -> 0 | ... O52: =SUM(O29:O51) -> 2.9916781e+09 | P52: =O52/K52 -> 0.45048807
C54: X2 | E54: BEBAN ADMINISTRASI & UMUM
A55: 169 | E55: Imbal jasa profesional - akuntan publik | F55: 0 | G55: 0 | H55: 0 | I55: 0 | J55: 0 | K55: =SUM(F55:J55) -> 0 | L55: 0 | N55: 0 | O55: =SUM(L55:N55) -> 0 | P55: =O55/K55 -> #DIV/0!
A56: 171 | E56: Imbal jasa profesional - konsultan hukum | F56: 0 | G56: 0 | H56: 0 | I56: 0 | J56: 0 | K56: =SUM(F56:J56) -> 0 | L56: 0 | N56: 0 | O56: =SUM(L56:N56) -> 0 | P56: =O56/K56 -> #DIV/0!
A57: 175 | E57: Imbal jasa profesional - konsultan manajemen (SDM, SOP, Akuntansi dll) | F57: 0 | G57: 0 | H57: 0 | I57: 0 | J57: 0 | K57: =SUM(F57:J57) -> 0 | L57: 0 | N57: 0 | O57: =SUM(L57:N57) -> 0 | P57: =O57/K57 -> #DIV/0!
A58: 176 | E58: Beban imbal jasa profesional IT | F58: 0 | G58: 0 | H58: 0 | I58: 0 | J58: 0 | K58: =SUM(F58:J58) -> 0 | L58: 0 | N58: 0 | O58: =SUM(L58:N58) -> 0 | P58: =O58/K58 -> #DIV/0!
A59: 177 | E59: Imbal jasa profesional - lainnya | F59: 0 | G59: 0 | H59: 0 | I59: 0 | J59: 0 | K59: =SUM(F59:J59) -> 0 | L59: 0 | N59: 0 | O59: =SUM(L59:N59) -> 0 | P59: =O59/K59 -> #DIV/0!
A60: 179 | E60: Air, listrik dan utilitas - gedung | F60: 107469017 | G60: 0 | H60: 2203704 | I60: 2836225 | J60: 12479417 | K60: =SUM(F60:J60) -> 124988363 | L60: 60100254 | N60: 26191682 | O60: =SUM(L60:N60) -> 86291936 | P60: =O60/K60 -> 0.69039976
A61: 180 | E61: Air, listrik dan utilitas - rumah dinas | F61: 8352161 | G61: 0 | H61: 171265 | I61: 220423 | J61: 969862 | K61: =SUM(F61:J61) -> 9713711 | L61: 6133513.5 | N61: 2744486.5 | O61: =SUM(L61:N61) -> 8878000 | P61: =O61/K61 -> 0.91396584
A62: 181 | E62: Pemasaran | F62: 621272226 | G62: 0 | H62: 12739487 | I62: 16396055 | J62: 72142796 | K62: =SUM(F62:J62) -> 722550564 | L62: 2.9976307e+08 | N62: 1.3487587e+08 | O62: =SUM(L62:N62) -> 4.3463895e+08 | P62: =O62/K62 -> 0.6015343
A63: 134 | E63: Beban pelatihan manajemen | F63: 0 | G63: 0 | H63: 0 | I63: 0 | J63: 0 | K63: =SUM(F63:J63) -> 0 | L63: 0 | N63: 0 | O63: =SUM(L63:N63) -> 0 | P63: =O63/K63 -> #DIV/0!
A64: 132 | E64: Beban pelatihan karyawan - insidentil | F64: 0 | G64: 0 | H64: 0 | I64: 0 | J64: 0 | K64: =SUM(F64:J64) -> 0 | L64: 0 | N64: 0 | O64: =SUM(L64:N64) -> 0 | P64: =O64/K64 -> #DIV/0!
A65: 133 | E65: Beban pelatihan karyawan - leadership | F65: 0 | G65: 0 | H65: 0 | I65: 0 | J65: 0 | K65: =SUM(F65:J65) -> 0 | L65: 0 | N65: 0 | O65: =SUM(L65:N65) -> 0 | P65: =O65/K65 -> #DIV/0!
A66: 182 | E66: Beban pelatihan karyawan - TNA | F66: 0 | G66: 0 | H66: 0 | I66: 0 | J66: 0 | K66: =SUM(F66:J66) -> 0 | L66: 0 | N66: 0 | O66: =SUM(L66:N66) -> 0 | P66: =O66/K66 -> #DIV/0!
... A90: 244 | E90: Beban aset bernilai rendah | F90: 8813446 | G90: 0 | H90: 180724 | I90: 232597 | J90: 1023427 | K90: =SUM(F90:J90) -> 10250194 | L90: 3348964.2 | N90: 1827035.8 | O90: =SUM(L90:N90) -> 5176000 | P90: =O90/K90 -> 0.50496605
A91: 213 | E91: Beban pemeliharaan lainnya | F91: 0 | G91: 0 | H91: 0 | I91: 0 | J91: 0 | K91: =SUM(F91:J91) -> 0 | L91: 0 | N91: 0 | O91: =SUM(L91:N91) -> 0 | P91: 0
A92: 207 | E92: Beban pemeliharaan gedung sewa | F92: 0 | G92: 0 | H92: 0 | I92: 0 | J92: 0 | K92: =SUM(F92:J92) -> 0 | L92: 0 | N92: 0 | O92: =SUM(L92:N92) -> 0 | P92: 0
A93: 208 | E93: Beban pemeliharaan gudang sewa | F93: 0 | G93: 0 | H93: 0 | I93: 0 | J93: 0 | K93: =SUM(F93:J93) -> 0 | L93: 0 | N93: 0 | O93: =SUM(L93:N93) -> 0 | P93: 0
A94: 209 | E94: Beban pemeliharaan rumah dinas sewa | F94: 0 | G94: 0 | H94: 0 | I94: 0 | J94: 0 | K94: =SUM(F94:J94) -> 0 | L94: 0 | N94: 0 | O94: =SUM(L94:N94) -> 0 | P94: 0
A95: 211 | E95: Beban pemeliharaan peralatan sewa | F95: 5891173 | G95: 0 | H95: 120801 | I95: 155474 | J95: 684089 | K95: =SUM(F95:J95) -> 6851537 | L95: 0 | N95: 0 | O95: =SUM(L95:N95) -> 0 | P95: =O95/K95 -> 0
A96: 212 | E96: Beban pemeliharaan aset sewa lainnya | F96: 0 | G96: 0 | H96: 0 | I96: 0 | J96: 0 | K96: =SUM(F96:J96) -> 0 | L96: 0 | N96: 0 | O96: =SUM(L96:N96) -> 0 | P96: 0
A97: 214 | E97: Sewa kantor | F97: 125008361 | G97: 0 | H97: 2563357 | I97: 3299108 | J97: 14516105 | K97: =SUM(F97:J97) -> 145386931 | L97: 57384700 | N97: 28112416 | O97: =SUM(L97:N97) -> 85497116 | P97: =O97/K97 -> 0.58806604
A98: 215 | E98: Sewa gudang | F98: 0 | G98: 0 | H98: 0 | I98: 0 | J98: 0 | K98: =SUM(F98:J98) -> 0 | L98: 6414012.7 | N98: 2744937.3 | O98: =SUM(L98:N98) -> 9158950 | P98: 0
A99: 216 | E99: Sewa kendaraan | F99: 72196154 | G99: 0 | H99: 1480417 | I99: 1905336 | J99: 8383495 | K99: =SUM(F99:J99) -> 83965402 | L99: 23336204 | N99: 10917570 | O99: =SUM(L99:N99) -> 34253774 | P99: =O99/K99 -> 0.40795105
A100: 210 | E100: Beban pemeliharaan kendaraan sewa | F100: 0 | G100: 0 | H100: 0 | I100: 0 | J100: 0 | K100: =SUM(F100:J100) -> 0 | L100: 0 | N100: 0 | O100: =SUM(L100:N100) -> 0 | P100: 0
A101: 217 | E101: Sewa peralatan | F101: 142178063 | G101: 0 | H101: 2915430 | I101: 3752235 | J101: 16509869 | K101: =SUM(F101:J101) -> 165355597 | L101: 1.6492549e+08 | N101: 69517213 | O101: =SUM(L101:N101) -> 234442700 | P101: =O101/K101 -> 1.4178093
A102: 218 | E102: Sewa rumah dinas | F102: 21347979 | G102: 0 | H102: 437751 | I102: 563397 | J102: 2478951 | K102: =SUM(F102:J102) -> 24828078 | L102: 0 | N102: 0 | O102: =SUM(L102:N102) -> 0 | P102: =O102/K102 -> 0
A103: 219 | E103: Biaya service charge | F103: 0 | G103: 0 | H103: 0 | I103: 0 | J103: 0 | K103: =SUM(F103:J103) -> 0 | L103: 0 | N103: 0 | O103: =SUM(L103:N103) -> 0 | P103: 0
A104: 220 | E104: Sewa lainnya | F104: 0 | G104: 0 | H104: 0 | I104: 0 | J104: 0 | K104: =SUM(F104:J104) -> 0 | L104: 0 | N104: 0 | O104: =SUM(L104:N104) -> 0 | P104: 0
A105: 0 | E105: Beban CKPN | F105: 0 | G105: 0 | H105: 0 | I105: 0 | J105: 0 | K105: =SUM(F105:J105) -> 0 | L105: 0 | N105: 0 | O105: =SUM(L105:N105) -> 0 | P105: 0
A106: 225 | E106: Beban pengumpulan informasi dan pengelolaan data | F106: 0 | G106: 0 | H106: 0 | I106: 0 | J106: 0 | K106: =SUM(F106:J106) -> 0 | L106: 0 | N106: 0 | O106: =SUM(L106:N106) -> 0 | P106: 0
A107: 229 | E107: Beban pengelolaan dana dan investasi | F107: 0 | G107: 0 | H107: 0 | I107: 0 | J107: 0 | K107: =SUM(F107:J107) -> 0 | L107: 0 | N107: 0 | O107: =SUM(L107:N107) -> 0 | P107: 0
A108: 230 | E108: Beban penelitian dan pengembangan | F108: 0 | G108: 0 | H108: 0 | I108: 0 | J108: 0 | K108: =SUM(F108:J108) -> 0 | L108: 0 | N108: 0 | O108: =SUM(L108:N108) -> 0 | P108: 0
A109: 231 | E109: Beban sosialisasi dan rekonsiliasi | F109: 37321435 | G109: 0 | H109: 765294 | I109: 984954 | J109: 4333805 | K109: =SUM(F109:J109) -> 43405488 | L109: 8524285.7 | N109: 2927896.3 | O109: =SUM(L109:N109) -> 11452182 | P109: =O109/K109 -> 0.2638418
A110: 255 | E110: Beban eksploitasi | F110: 366271168 | G110: 0 | H110: 7510567 | I110: 9666298 | J110: 42531800 | K110: =SUM(F110:J110) -> 425979833 | L110: 1.9386838e+08 | N110: 1.1096894e+08 | O110: =SUM(L110:N110) -> 3.0483732e+08 | P110: =O110/K110 -> 0.71561445
A111: 200 | E111: Beban asuransi | F111: 11748149 | G111: 0 | H111: 240902 | I111: 310047 | J111: 1364208 | K111: =SUM(F111:J111) -> 13663306 | L111: 10256328 | N111: 4587443.4 | O111: =SUM(L111:N111) -> 14843771 | P111: =O111/K111 -> 1.0863967
A112: 201 | E112: Beban iuran keanggotaan | F112: 6573006 | G112: 0 | H112: 134783 | I112: 173469 | J112: 763265 | K112: =SUM(F112:J112) -> 7644523 | L112: 0 | N112: 0 | O112: =SUM(L112:N112) -> 0 | P112: =O112/K112 -> 0
A113: 223 | E113: Beban pajak lainnya | F113: 4301089 | G113: 0 | H113: 88196 | I113: 113510 | J113: 499447 | K113: =SUM(F113:J113) -> 5002242 | L113: 0 | N113: 0 | O113: =SUM(L113:N113) -> 0 | P113: =O113/K113 -> 0
A114: 222 | E114: Denda pajak | F114: 1356267 | G114: 0 | H114: 27811 | I114: 35793 | J114: 157491 | K114: =SUM(F114:J114) -> 1577362 | L114: 0 | N114: 0 | O114: =SUM(L114:N114) -> 0 | P114: =O114/K114 -> 0
A115: 221 | E115: PPN masukan yang dibebankan | F115: 699271 | G115: 0 | H115: 14339 | I115: 18455 | J115: 81200 | K115: =SUM(F115:J115) -> 813265 | L115: 0 | N115: 0 | O115: =SUM(L115:N115) -> 0 | P115: =O115/K115 -> 0
A116: 235 | E116: Pungutan OJK | F116: 0 | G116: 0 | H116: 0 | I116: 0 | J116: 0 | K116: =SUM(F116:J116) -> 0 | L116: 0 | N116: 0 | O116: =SUM(L116:N116) -> 0 | P116: 0
A117: 236 | E117: Pajak bumi dan bangunan | F117: 3154608 | G117: 0 | H117: 64687 | I117: 83254 | J117: 366317 | K117: =SUM(F117:J117) -> 3668866 | L117: 2774803.7 | N117: 1432116.3 | O117: =SUM(L117:N117) -> 4206920 | P117: =O117/K117 -> 1.146654
A118: 240 | E118: Beban TJSL - Pilar Sosial | F118: 0 | G118: 0 | H118: 0 | I118: 0 | J118: 0 | K118: =SUM(F118:J118) -> 0 | L118: 0 | N118: 0 | O118: =SUM(L118:N118) -> 0 | P118: 0
A119: 241 | E119: Beban TJSL - Pilar Lingkungan | F119: 0 | G119: 0 | H119: 0 | I119: 0 | J119: 0 | K119: =SUM(F119:J119) -> 0 | L119: 0 | N119: 0 | O119: =SUM(L119:N119) -> 0 | P119: 0
A120: 242 | E120: Beban TJSL - Pilar Ekonomi | F120: 0 | G120: 0 | H120: 0 | I120: 0 | J120: 0 | K120: =SUM(F120:J120) -> 0 | L120: 0 | N120: 0 | O120: =SUM(L120:N120) -> 0 | P120: 0
A121: 243 | E121: Beban TJSL - Pilar Hukum dan Tata Kelola | F121: 0 | G121: 0 | H121: 0 | I121: 0 | J121: 0 | K121: =SUM(F121:J121) -> 0 | L121: 0 | N121: 0 | O121: =SUM(L121:N121) -> 0 | P121: 0
A122: 245 | E122: Beban sponsorship event | F122: 27044945 | G122: 0 | H122: 554570 | I122: 713746 | J122: 3140488 | K122: =SUM(F122:J122) -> 31453749 | L122: 3895917.7 | N122: 1206122.3 | O122: =SUM(L122:N122) -> 5102040 | P122: =O122/K122 -> 0.16220769
A123: 246 | E123: Beban sumbangan | F123: 0 | G123: 0 | H123: 0 | I123: 0 | J123: 0 | K123: =SUM(F123:J123) -> 0 | L123: 0 | N123: 0 | O123: =SUM(L123:N123) -> 0 | P123: 0
A124: 247 | E124: Beban akomodasi rapat | F124: 12331273 | G124: 0 | H124: 252859 | I124: 325436 | J124: 1431921 | K124: =SUM(F124:J124) -> 14341489 | L124: 1713767.4 | N124: 938932.55 | O124: =SUM(L124:N124) -> 2652700 | P124: =O124/K124 -> 0.18496685
A125: 248 | E125: Beban konsumsi rapat | F125: 29459671 | G125: 0 | H125: 604085 | I125: 777473 | J125: 3420889 | K125: =SUM(F125:J125) -> 34262118 | L125: 11291238 | N125: 4609208.6 | O125: =SUM(L125:N125) -> 15900447 | P125: =O125/K125 -> 0.46408243
A126: 249 | E126: Beban honorarium peserta rapat | F126: 0 | G126: 0 | H126: 0 | I126: 0 | J126: 0 | K126: =SUM(F126:J126) -> 0 | L126: 0 | N126: 0 | O126: =SUM(L126:N126) -> 0 | P126: 0
A127: 250 | E127: Beban jasa pelaksanaan rapat | F127: 0 | G127: 0 | H127: 0 | I127: 0 | J127: 0 | K127: =SUM(F127:J127) -> 0 | L127: 0 | N127: 0 | O127: =SUM(L127:N127) -> 0 | P127: 0
A128: 251 | E128: Beban representasi manajemen | F128: 94766714 | G128: 0 | H128: 1943237 | I128: 2500997 | J128: 11004412 | K128: =SUM(F128:J128) -> 110215360 | L128: 45062022 | N128: 19903189 | O128: =SUM(L128:N128) -> 64965211 | P128: =O128/K128 -> 0.58943881
A129: 252 | E129: Beban representasi perusahaan lainnya | F129: 30757764 | G129: 0 | H129: 630703 | I129: 811731 | J129: 3571625 | K129: =SUM(F129:J129) -> 35771823 | L129: 3579380.8 | N129: 1815315.2 | O129: =SUM(L129:N129) -> 5394696 | P129: =O129/K129 -> 0.15080853
A130: 253 | E130: Biaya admin bank | F130: 4980606 | G130: 0 | H130: 102130 | I130: 131444 | J130: 578353 | K130: =SUM(F130:J130) -> 5792533 | L130: 2604067 | N130: 1040933 | O130: =SUM(L130:N130) -> 3645000 | P130: =O130/K130 -> 0.62925839
A131: 254 | E131: Biaya transfer | F131: 2403714 | G131: 0 | H131: 49289 | I131: 63437 | J131: 279122 | K131: =SUM(F131:J131) -> 2795562 | L131: 480312.83 | N131: 152087.17 | O131: =SUM(L131:N131) -> 632400 | P131: =O131/K131 -> 0.22621569
A132: 233 | E132: Retribusi keamanan | F132: 0 | G132: 0 | H132: 0 | I132: 0 | J132: 0 | K132: =SUM(F132:J132) -> 0 | L132: 0 | N132: 0 | O132: =SUM(L132:N132) -> 0 | P132: 0
A133: 234 | E133: Retribusi kebersihan | F133: 402127 | G133: 0 | H133: 8246 | I133: 10613 | J133: 46695 | K133: =SUM(F133:J133) -> 467681 | L133: 2779450 | N133: 1220550 | O133: =SUM(L133:N133) -> 4000000 | P133: =O133/K133 -> 8.5528384
A134: 237 | E134: Beban pajak dan retribusi daerah | F134: 0 | G134: 0 | H134: 0 | I134: 0 | J134: 0 | K134: =SUM(F134:J134) -> 0 | L134: 0 | N134: 0 | O134: =SUM(L134:N134) -> 0 | P134: 0
A135: 256 | E135: Beban umum dan administrasi lainnya | F135: 194551343 | G135: 0 | H135: 3989369 | I135: 5134423 | J135: 22591510 | K135: =SUM(F135:J135) -> 226266645 | L135: 1.0428925e+08 | N135: 45367126 | O135: =SUM(L135:N135) -> 1.4965637e+08 | P135: =O135/K135 -> 0.66141598
A136: 261 | E136: Beban lainnya | F136: 0 | G136: 0 | H136: 0 | I136: 0 | J136: 0 | K136: =SUM(F136:J136) -> 0 | L136: 0 | N136: 0 | O136: =SUM(L136:N136) -> 0 | P136: 0
A137: 227 | E137: Biaya kegiatan internal | F137: 59115868 | G137: 0 | H137: 1212199 | I137: 1560133 | J137: 6864598 | K137: =SUM(F137:J137) -> 68752798 | L137: 0 | N137: 0 | O137: =SUM(L137:N137) -> 0 | P137: =O137/K137 -> 0
A138: 226 | E138: Biaya komunitas | F138: 69301 | G138: 0 | H138: 1421 | I138: 1829 | J138: 8047 | K138: =SUM(F138:J138) -> 80598 | L138: 0 | N138: 0 | O138: =SUM(L138:N138) -> 0 | P138: =O138/K138 -> 0
A139: 228 | E139: Biaya komunikasi dan kampanye | F139: 371039 | G139: 0 | H139: 7608 | I139: 9792 | J139: 43085 | K139: =SUM(F139:J139) -> 431524 | L139: 0 | N139: 0 | O139: =SUM(L139:N139) -> 0 | P139: =O139/K139 -> 0
A140: 260 | E140: Selisih biaya invoice | F140: 0 | G140: 0 | H140: 0 | I140: 0 | J140: 0 | K140: =SUM(F140:J140) -> 0 | L140: 0 | N140: 0 | O140: =SUM(L140:N140) -> 0 | P140: 0
A141: 238 | E141: Beban retribusi dan kontribusi lainnya | F141: 0 | G141: 0 | H141: 0 | I141: 0 | J141: 0 | K141: =SUM(F141:J141) -> 0 | L141: 0 | N141: 0 | O141: =SUM(L141:N141) -> 0 | P141: 0
...

Sheet MALANG
D1: PT JAMKRINDO KANWIL SURABAYA
D2: LABA RUGI RKA TAHUN 2026
O4: =#REF! -> #REF!
D5: URAIAN | F5: KANCA MALANG | L5: REALISASI KANCA MALANG | P5: %
F6: KUR | G6: PEN | H6: KBG/SURETYSHIP | I6: KONSUMTIF | J6: PRODUKTIF | K6: TOTAL | L6: KUR | M6: PEN | N6: NON KUR | O6: TOTAL | P6: %
C8: X1 | D8: VOLUME | F8: 4664917476573 | G8: 0 | H8: 795972655829 | I8: 458609665500 | J8: 884960450602 | K8: =SUM(F8:J8) -> 6804460248504 | L8: 3.1262652e+12 | N8: 4.1777788e+11 | O8: =SUM(L8:N8) -> 3.5440431e+12 | P8: =O8/K8 -> 0.52084118
C10: X2 | D10: PENDAPATAN PENJAMINAN
A11: 7 | B11: 8 | E11: Imbal Jasa Penjaminan Bruto | F11: 168672834905 | G11: 0 | H11: 2594038472 | I11: 4451461041 | J11: 19420563629 | K11: =SUM(F11:J11) -> 195138898047 | L11: 8.6405665e+10 | M11: 0 | N11: 2.8404527e+10 | O11: =SUM(L11:N11) -> 1.1481019e+11 | P11: =O11/K11 -> 0.58835113
A12: 12 | B12: 10 | E12: Restitusi penjaminan kredit | F12: 0 | G12: 0 | H12: 0 | I12: 0 | J12: 0 | K12: =SUM(F12:J12) -> 0 | L12: 0 | M12: 0 | N12: 0 | O12: =SUM(L12:N12) -> 0 | P12: 0
A13: 9 | B13: 9 | E13: Premi Penjaminan Ulang | F13: 15188327378 | G13: 0 | H13: 314963836 | I13: 664280590 | J13: 11526814963 | K13: =SUM(F13:J13) -> 27694386767 | L13: 9.3492692e+09 | M13: 0 | N13: 3.5012192e+09 | O13: =SUM(L13:N13) -> 1.2850488e+10 | P13: =O13/K13 -> 0.46401058
C14: Y2 | E14: IMBAL JASA PENJAMINAN BERSIH | F14: =F11-F12-F13 -> 153484507527 | G14: =G11-G12-G13 -> 0 | H14: =H11-H12-H13 -> 2279074636 | I14: =I11-I12-I13 -> 3787180451 | J14: =J11-J12-J13 -> 7893748666 | K14: =K11-K12-K13 -> 167444511280 | L14: =L11-L12-L13 -> 7.7056396e+10 | M14: =M11-M12-M13 -> 0 | ... O14: =O11-O12-O13 -> 1.019597e+11 | P14: =O14/K14 -> 0.60891637
C16: X2 | D16: BEBAN KLAIM
A17: 22 | B17: 13 | E17: Beban Klaim | F17: 115373687533 | G17: 8584555675 | H17: 75000000 | I17: 1271904226 | J17: 16228026979 | K17: =SUM(F17:J17) -> 141533174413 | L17: 6.2472544e+10 | M17: 6.790617e+08 | N17: 3.0437562e+10 | O17: =SUM(L17:N17) -> 9.3589167e+10 | P17: =O17/K17 -> 0.66125251
A18: 24 | B18: 14 | E18: Kenaikan (Penurunan) Cadangan Klaim | F18: 3434033608 | G18: -2934113950 | H18: 51649426 | I18: 87275286 | J18: 8568198213 | K18: =SUM(F18:J18) -> 9207042583 | L18: 1.1979626e+10 | M18: -1.6420494e+09 | N18: -1.2086151e+10 | O18: =SUM(L18:N18) -> -1.7485746e+09 | P18: =O18/K18 -> -0.18991708
A19: 32 | B19: 15 | E19: Pendapatan Subrogasi | F19: 38329244677 | G19: 6769350368 | H19: 22094493 | I19: 45084709 | J19: 16659323166 | K19: =SUM(F19:J19) -> 61825097413 | L19: 1.6502994e+10 | M19: 3.0560596e+09 | N19: 4.2118817e+09 | O19: =SUM(L19:N19) -> 2.3770936e+10 | P19: =O19/K19 -> 0.38448683
A20: 37 | B20: 16 | E20: Beban Komisi Netto | F20: 2396724198 | G20: 0 | H20: 54737539 | I20: 101532381 | J20: 1758987457 | K20: =SUM(F20:J20) -> 4311981575 | L20: 1.5270359e+09 | M20: 0 | N20: 5.0350954e+08 | O20: =SUM(L20:N20) -> 2.0305454e+09 | P20: =O20/K20 -> 0.47090773
C21: Y2 | E21: JUMLAH BEBAN KLAIM | F21: =F17+F18-F19-F20 -> 78081752266 | G21: =G17+G18-G19-G20 -> -1118908643 | H21: =H17+H18-H19-H20 -> 49817394 | I21: =I17+I18-I19-I20 -> 1212562422 | J21: =J17+J18-J19-J20 -> 6377914569 | K21: =K17+K18-K19-K20 -> 84603138008 | L21: =L17+L18-L19-L20 -> 5.6422139e+10 | M21: =M17+M18-M19-M20 -> -4.0190473e+09 | ... O21: =O17+O18-O19-O20 -> 6.6039112e+10 | P21: =O21/K21 -> 0.7805752
C23: X1 | D23: PENJAMINAN BERSIH | F23: =F14-F21 -> 75402755261 | G23: =G14-G21 -> 1118908643 | H23: =H14-H21 -> 2229257242 | I23: =I14-I21 -> 2574618029 | J23: =J14-J21 -> 1515834097 | K23: =K14-K21 -> 82841373272 | L23: =L14-L21 -> 2.0634256e+10 | M23: =M14-M21 -> 4.0190473e+09 | ... O23: =O14-O21 -> 3.5920592e+10 | P23: =O23/K23 -> 0.43360691
B25: 19 | C25: X1 | D25: PENDAPATAN INVESTASI BERSIH | O25: 0 | P25: 0
C27: X1 | D27: BEBAN USAHA
C28: X2 | E28: BEBAN KARYAWAN
A29: 94 | E29: Beban gaji karyawan | F29: 969596418 | G29: 0 | H29: 19882043 | I29: 25588713 | J29: 112590574 | K29: =SUM(F29:J29) -> 1127657748 | L29: 4.6431909e+08 | N29: 2.034509e+08 | O29: =SUM(L29:N29) -> 667769998 | P29: =O29/K29 -> 0.59217435
A30: 95 | E30: Beban lembur karyawan | F30: 30358275 | G30: 0 | H30: 622511 | I30: 801188 | J30: 3525235 | K30: =SUM(F30:J30) -> 35307209 | L30: 11683487 | N30: 5126852.6 | O30: =SUM(L30:N30) -> 16810340 | P30: =O30/K30 -> 0.47611636
A31: 96 | E31: Beban asuransi kesehatan karyawan | F31: 156401572 | G31: 0 | H31: 3207090 | I31: 4127609 | J31: 18161518 | K31: =SUM(F31:J31) -> 181897789 | L31: 4104850 | N31: 1395150 | O31: =SUM(L31:N31) -> 5500000 | P31: =O31/K31 -> 0.030236761
A32: 97 | E32: Beban asuransi jiwa karyawan | F32: 7165646 | G32: 0 | H32: 146935 | I32: 189109 | J32: 832083 | K32: =SUM(F32:J32) -> 8333773 | L32: 0 | N32: 0 | O32: =SUM(L32:N32) -> 0 | P32: =O32/K32 -> 0
A33: 100 | E33: Beban dana pensiun | F33: 113572620 | G33: 0 | H33: 2328861 | I33: 2997306 | J33: 13188174 | K33: =SUM(F33:J33) -> 132086961 | L33: 0 | N33: 0 | O33: =SUM(L33:N33) -> 0 | P33: =O33/K33 -> 0
A34: 101 | E34: Beban kompensasi kinerja karyawan | F34: 1048226553 | G34: 0 | H34: 21494392 | I34: 27663848 | J34: 121721190 | K34: =SUM(F34:J34) -> 1219105983 | L34: 6.6022275e+08 | N34: 2.8992602e+08 | O34: =SUM(L34:N34) -> 9.5014877e+08 | P34: =O34/K34 -> 0.7793816
A35: 102 | E35: Biaya jasa kini karyawan | F35: 0 | G35: 0 | H35: 0 | I35: 0 | J35: 0 | K35: =SUM(F35:J35) -> 0 | L35: 0 | N35: 0 | O35: =SUM(L35:N35) -> 0 | P35: 0
A36: 103 | E36: Biaya jasa lalu karyawan | F36: 0 | G36: 0 | H36: 0 | I36: 0 | J36: 0 | K36: =SUM(F36:J36) -> 0 | L36: 0 | N36: 0 | O36: =SUM(L36:N36) -> 0 | P36: 0
A37: 104 | E37: Bunga atas imbalan pasca kerja karyawan | F37: 171733351 | G37: 0 | H37: 3521475 | I37: 4532231 | J37: 19941861 | K37: =SUM(F37:J37) -> 199728918 | L37: 0 | N37: 0 | O37: =SUM(L37:N37) -> 0 | P37: =O37/K37 -> 0
A38: 105 | E38: Beban BPJS kesehatan karyawan | F38: 43586002 | G38: 0 | H38: 893752 | I38: 1150282 | J38: 5061253 | K38: =SUM(F38:J38) -> 50691289 | L38: 0 | N38: 0 | O38: =SUM(L38:N38) -> 0 | P38: =O38/K38 -> 0
A39: 106 | E39: Beban BPJS jaminan hari tua karyawan | F39: 61831059 | G39: 0 | H39: 1267876 | I39: 1631789 | J39: 7179889 | K39: =SUM(F39:J39) -> 71910613 | L39: 0 | N39: 0 | O39: =SUM(L39:N39) -> 0 | P39: =O39/K39 -> 0
A40: 107 | E40: Beban BPJS jaminan kecelakaan kerja dan jaminan kematian karyawan | F40: 8973711 | G40: 0 | H40: 184010 | I40: 236826 | J40: 1042037 | K40: =SUM(F40:J40) -> 10436584 | L40: 0 | N40: 0 | O40: =SUM(L40:N40) -> 0 | P40: =O40/K40 -> 0
A41: 108 | E41: Beban BPJS jaminan pensiun karyawan | F41: 20792745 | G41: 0 | H41: 426365 | I41: 548743 | J41: 2414476 | K41: =SUM(F41:J41) -> 24182329 | L41: 0 | N41: 0 | O41: =SUM(L41:N41) -> 0 | P41: =O41/K41 -> 0
A42: 109 | E42: Beban tunjangan hari raya karyawan | F42: 139469311 | G42: 0 | H42: 2859886 | I42: 3680748 | J42: 16195326 | K42: =SUM(F42:J42) -> 162205271 | L42: 1.9941911e+08 | N42: 91208692 | O42: =SUM(L42:N42) -> 2.906278e+08 | P42: =O42/K42 -> 1.7917285
A43: 110 | E43: Beban tunjangan PPh 21 karyawan | F43: 1113365698 | G43: 0 | H43: 22830101 | I43: 29382941 | J43: 129285217 | K43: =SUM(F43:J43) -> 1294863957 | L43: 1.4698206e+08 | N43: 74709037 | O43: =SUM(L43:N43) -> 2.2169109e+08 | P43: =O43/K43 -> 0.17120802
A44: 111 | E44: Beban tunjangan transportasi karyawan | F44: 29986962 | G44: 0 | H44: 614897 | I44: 791389 | J44: 3482118 | K44: =SUM(F44:J44) -> 34875366 | L44: 27794500 | N44: 12205500 | O44: =SUM(L44:N44) -> 40000000 | P44: =O44/K44 -> 1.1469414
A45: 112 | E45: Beban tunjangan jabatan | F45: 707805475 | G45: 0 | H45: 14513893 | I45: 18679762 | J45: 82191129 | K45: =SUM(F45:J45) -> 823190259 | L45: 3.0486689e+08 | N45: 1.3384978e+08 | O45: =SUM(L45:N45) -> 4.3871667e+08 | P45: =O45/K45 -> 0.53294686
A46: 113 | E46: Beban tunjangan cuti besar | F46: 14274196 | G46: 0 | H46: 292699 | I46: 376712 | J46: 1657535 | K46: =SUM(F46:J46) -> 16601142 | L46: 0 | N46: 0 | O46: =SUM(L46:N46) -> 0 | P46: =O46/K46 -> 0
A47: 114 | E47: Beban tunjangan cuti tahunan | F47: 136952980 | G47: 0 | H47: 2808287 | I47: 3614339 | J47: 15903127 | K47: =SUM(F47:J47) -> 159278733 | L47: 0 | N47: 0 | O47: =SUM(L47:N47) -> 0 | P47: =O47/K47 -> 0
A48: 115 | E48: Beban tunjangan makan | F48: 180733558 | G48: 0 | H48: 3706029 | I48: 4769757 | J48: 20986974 | K48: =SUM(F48:J48) -> 210196318 | L48: 1.0005379e+08 | N48: 42824206 | O48: =SUM(L48:N48) -> 142878000 | P48: =O48/K48 -> 0.67973598
A49: 124 | E49: Beban Tunjangan Pakaian Kerja | F49: 32127921 | G49: 0 | H49: 658799 | I49: 847891 | J49: 3730729 | K49: =SUM(F49:J49) -> 37365340 | L49: 0 | N49: 0 | O49: =SUM(L49:N49) -> 0 | P49: =O49/K49 -> 0
A50: 143 | E50: Beban kompensasi PKWT/PKWTT | F50: 0 | G50: 0 | H50: 0 | I50: 0 | J50: 0 | K50: =SUM(F50:J50) -> 0 | L50: 0 | N50: 0 | O50: =SUM(L50:N50) -> 0 | P50: 0
A51: 0 | E51: Beban tunjangan lainnya | F51: 79301088 | G51: 0 | H51: 1626107 | I51: 2092843 | J51: 9208527 | K51: =SUM(F51:J51) -> 92228565 | L51: 58182183 | N51: 26001150 | O51: =SUM(L51:N51) -> 84183333 | P51: =O51/K51 -> 0.91276854
B52: 21 | C52: Y2 | E52: Total Beban Karyawan | F52: =SUM(F29:F51) -> 5066255141 | G52: =SUM(G29:G51) -> 0 | H52: =SUM(H29:H51) -> 103886008 | I52: =SUM(I29:I51) -> 133704026 | J52: =SUM(J29:J51) -> 588298972 | K52: =SUM(K29:K51) -> 5892144147 | L52: =SUM(L29:L51) -> 1.9776287e+09 | M52: =SUM(M29:M51) -> 0 | ... O52: =SUM(O29:O51) -> 2.858326e+09 | P52: =O52/K52 -> 0.48510796
C54: X2 | E54: BEBAN ADMINISTRASI & UMUM
A55: 169 | E55: Imbal jasa profesional - akuntan publik | F55: 0 | G55: 0 | H55: 0 | I55: 0 | J55: 0 | K55: =SUM(F55:J55) -> 0 | L55: 0 | N55: 0 | O55: =SUM(L55:N55) -> 0 | P55: 0
A56: 171 | E56: Imbal jasa profesional - konsultan hukum | F56: 0 | G56: 0 | H56: 0 | I56: 0 | J56: 0 | K56: =SUM(F56:J56) -> 0 | L56: 0 | N56: 0 | O56: =SUM(L56:N56) -> 0 | P56: 0
A57: 175 | E57: Imbal jasa profesional - konsultan manajemen (SDM, SOP, Akuntansi dll) | F57: 0 | G57: 0 | H57: 0 | I57: 0 | J57: 0 | K57: =SUM(F57:J57) -> 0 | L57: 0 | N57: 0 | O57: =SUM(L57:N57) -> 0 | P57: 0
A58: 176 | E58: Beban imbal jasa profesional IT | F58: 0 | G58: 0 | H58: 0 | I58: 0 | J58: 0 | K58: =SUM(F58:J58) -> 0 | L58: 0 | N58: 0 | O58: =SUM(L58:N58) -> 0 | P58: 0
A59: 177 | E59: Imbal jasa profesional - lainnya | F59: 0 | G59: 0 | H59: 0 | I59: 0 | J59: 0 | K59: =SUM(F59:J59) -> 0 | L59: 0 | N59: 0 | O59: =SUM(L59:N59) -> 0 | P59: 0
A60: 179 | E60: Air, listrik dan utilitas - gedung | F60: 145489959 | G60: 0 | H60: 2983342 | I60: 3839640 | J60: 16894450 | K60: =SUM(F60:J60) -> 169207391 | L60: 63427433 | N60: 29669438 | O60: =SUM(L60:N60) -> 93096871 | P60: =O60/K60 -> 0.55019388
A61: 180 | E61: Air, listrik dan utilitas - rumah dinas | F61: 17069430 | G61: 0 | H61: 350017 | I61: 450481 | J61: 1982120 | K61: =SUM(F61:J61) -> 19852048 | L61: 5919841.4 | N61: 2682572.6 | O61: =SUM(L61:N61) -> 8602414 | P61: =O61/K61 -> 0.43332627
A62: 181 | E62: Pemasaran | F62: 647042055 | G62: 0 | H62: 13267910 | I62: 17076149 | J62: 75135216 | K62: =SUM(F62:J62) -> 752521330 | L62: 3.4916248e+08 | N62: 1.5326023e+08 | O62: =SUM(L62:N62) -> 5.0242271e+08 | P62: =O62/K62 -> 0.66765246
A63: 134 | E63: Beban pelatihan manajemen | F63: 0 | G63: 0 | H63: 0 | I63: 0 | J63: 0 | K63: =SUM(F63:J63) -> 0 | L63: 0 | N63: 0 | O63: =SUM(L63:N63) -> 0 | P63: 0
A64: 132 | E64: Beban pelatihan karyawan - insidentil | F64: 0 | G64: 0 | H64: 0 | I64: 0 | J64: 0 | K64: =SUM(F64:J64) -> 0 | L64: 0 | N64: 0 | O64: =SUM(L64:N64) -> 0 | P64: 0
A65: 133 | E65: Beban pelatihan karyawan - leadership | F65: 0 | G65: 0 | H65: 0 | I65: 0 | J65: 0 | K65: =SUM(F65:J65) -> 0 | L65: 0 | N65: 0 | O65: =SUM(L65:N65) -> 0 | P65: 0
A66: 182 | E66: Beban pelatihan karyawan - TNA | F66: 0 | G66: 0 | H66: 0 | I66: 0 | J66: 0 | K66: =SUM(F66:J66) -> 0 | L66: 0 | N66: 0 | O66: =SUM(L66:N66) -> 0 | P66: 0
A67: 137 | E67: Beban sertifikasi | F67: 0 | G67: 0 | H67: 0 | I67: 0 | J67: 0 | K67: =SUM(F67:J67) -> 0 | L67: 0 | N67: 0 | O67: =SUM(L67:N67) -> 0 | P67: 0
A68: 129 | E68: Beban perekrutan karyawan | F68: 0 | G68: 0 | H68: 0 | I68: 0 | J68: 0 | K68: =SUM(F68:J68) -> 0 | L68: 0 | N68: 0 | O68: =SUM(L68:N68) -> 0 | P68: 0
A69: 5 | E69: Beban uang saku magang | F69: 0 | G69: 0 | H69: 0 | I69: 0 | J69: 0 | K69: =SUM(F69:J69) -> 0 | L69: 0 | N69: 0 | O69: =SUM(L69:N69) -> 0 | P69: 0
A70: 183 | E70: Akomodasi dinas dalam negeri | F70: 88305142 | G70: 0 | H70: 1810740 | I70: 2330470 | J70: 10254088 | K70: =SUM(F70:J70) -> 102700440 | L70: 24986709 | N70: 10373967 | O70: =SUM(L70:N70) -> 35360675 | P70: =O70/K70 -> 0.3443089
A71: 184 | E71: Tranportasi dinas dalam negeri | F71: 8323041 | G71: 0 | H71: 170668 | I71: 219654 | J71: 966480 | K71: =SUM(F71:J71) -> 9679843 | L71: 8855705.7 | N71: 3613678.3 | O71: =SUM(L71:N71) -> 12469384 | P71: =O71/K71 -> 1.2881804
A72: 185 | E72: Tunjangan perjalanan dinas dalam negeri | F72: 46865884 | G72: 0 | H72: 961008 | I72: 1236842 | J72: 5442117 | K72: =SUM(F72:J72) -> 54505851 | L72: 40202020 | N72: 16697980 | O72: =SUM(L72:N72) -> 56900000 | P72: =O72/K72 -> 1.0439246
A73: 186 | E73: Akomodasi dinas luar negeri | F73: 0 | G73: 0 | H73: 0 | I73: 0 | J73: 0 | K73: =SUM(F73:J73) -> 0 | L73: 0 | N73: 0 | O73: =SUM(L73:N73) -> 0 | P73: 0
A74: 187 | E74: Tranportasi dinas luar negeri | F74: 0 | G74: 0 | H74: 0 | I74: 0 | J74: 0 | K74: =SUM(F74:J74) -> 0 | L74: 0 | N74: 0 | O74: =SUM(L74:N74) -> 0 | P74: 0
A75: 188 | E75: Tunjangan perjalanan dinas luar negeri | F75: 0 | G75: 0 | H75: 0 | I75: 0 | J75: 0 | K75: =SUM(F75:J75) -> 0 | L75: 0 | N75: 0 | O75: =SUM(L75:N75) -> 0 | P75: 0
A76: 189 | E76: Percetakan dan inventaris kantor | F76: 44093868 | G76: 0 | H76: 904166 | I76: 1163686 | J76: 5120227 | K76: =SUM(F76:J76) -> 51281947 | L76: 20208444 | N76: 9092468.6 | O76: =SUM(L76:N76) -> 29300913 | P76: =O76/K76 -> 0.57136897
A77: 190 | E77: Telepon, fax dan komunikasi - gedung | F77: 47472760 | G77: 0 | H77: 973452 | I77: 1252858 | J77: 5512588 | K77: =SUM(F77:J77) -> 55211658 | L77: 15892719 | N77: 7013155 | O77: =SUM(L77:N77) -> 22905874 | P77: =O77/K77 -> 0.41487387
A78: 192 | E78: Telepon, fax dan komunikasi - rumah dinas | F78: 8594985 | G78: 0 | H78: 176244 | I78: 226831 | J78: 998059 | K78: =SUM(F78:J78) -> 9996119 | L78: 2266571.8 | N78: 957633.25 | O78: =SUM(L78:N78) -> 3224205 | P78: =O78/K78 -> 0.32254568
A79: 193 | E79: Bensin dan parkir | F79: 25765958 | G79: 0 | H79: 528343 | I79: 679992 | J79: 2991971 | K79: =SUM(F79:J79) -> 29966264 | L79: 25241022 | N79: 11269016 | O79: =SUM(L79:N79) -> 36510038 | P79: =O79/K79 -> 1.2183714
A80: 204 | E80: Beban pemeliharaan kendaraan | F80: 140735718 | G80: 0 | H80: 2885854 | I80: 3714170 | J80: 16342382 | K80: =SUM(F80:J80) -> 163678124 | L80: 37904004 | N80: 15667995 | O80: =SUM(L80:N80) -> 53571999 | P80: =O80/K80 -> 0.32730091
A81: 194 | E81: Beban penggunaan Data Center | F81: 0 | G81: 0 | H81: 0 | I81: 0 | J81: 0 | K81: =SUM(F81:J81) -> 0 | L81: 0 | N81: 0 | O81: =SUM(L81:N81) -> 0 | P81: 0
A82: 195 | E82: Beban jaringan dan konektivitas | F82: 0 | G82: 0 | H82: 0 | I82: 0 | J82: 0 | K82: =SUM(F82:J82) -> 0 | L82: 0 | N82: 0 | O82: =SUM(L82:N82) -> 0 | P82: 0
A83: 196 | E83: Beban penyewaan peralatan IT | F83: 0 | G83: 0 | H83: 0 | I83: 0 | J83: 0 | K83: =SUM(F83:J83) -> 0 | L83: 0 | N83: 0 | O83: =SUM(L83:N83) -> 0 | P83: 0
A84: 197 | E84: Beban pemeliharaan peralatan IT | F84: 0 | G84: 0 | H84: 0 | I84: 0 | J84: 0 | K84: =SUM(F84:J84) -> 0 | L84: 0 | N84: 0 | O84: =SUM(L84:N84) -> 0 | P84: 0
A85: 198 | E85: Beban pemeliharaan perangkat lunak IT | F85: 0 | G85: 0 | H85: 0 | I85: 0 | J85: 0 | K85: =SUM(F85:J85) -> 0 | L85: 0 | N85: 0 | O85: =SUM(L85:N85) -> 0 | P85: 0
A86: 202 | E86: Beban pemeliharaan gedung | F86: 71636919 | G86: 0 | H86: 1468950 | I86: 1890577 | J86: 8318556 | K86: =SUM(F86:J86) -> 83315002 | L86: 61194034 | N86: 25982906 | O86: =SUM(L86:N86) -> 87176940 | P86: 0
A87: 203 | E87: Beban pemeliharaan rumah dinas | F87: 4048690 | G87: 0 | H87: 83020 | I87: 106849 | J87: 470138 | K87: =SUM(F87:J87) -> 4708697 | L87: 2777286.6 | N87: 1009549.4 | O87: =SUM(L87:N87) -> 3786836 | P87: =O87/K87 -> 0.80422163
A88: 205 | E88: Beban pemeliharaan mesin dan peralatan | F88: 43463197 | G88: 0 | H88: 891234 | I88: 1147041 | J88: 5046993 | K88: =SUM(F88:J88) -> 50548465 | L88: 31710347 | N88: 13970182 | O88: =SUM(L88:N88) -> 45680529 | P88: =O88/K88 -> 0.90369765
A89: 206 | E89: Beban pemeliharaan renovasi dan instalasi | F89: 0 | G89: 0 | H89: 0 | I89: 0 | J89: 0 | K89: =SUM(F89:J89) -> 0 | L89: 12169453 | N89: 4712423.8 | O89: =SUM(L89:N89) -> 16881877 | P89: =O89/K89 -> #DIV/0!
A90: 244 | E90: Beban aset bernilai rendah | F90: 6463194 | G90: 0 | H90: 132531 | I90: 170571 | J90: 750513 | K90: =SUM(F90:J90) -> 7516809 | L90: 5423522.9 | N90: 1268177.1 | O90: =SUM(L90:N90) -> 6691700 | P90: =O90/K90 -> 0.89023148
A91: 213 | E91: Beban pemeliharaan lainnya | F91: 0 | G91: 0 | H91: 0 | I91: 0 | J91: 0 | K91: =SUM(F91:J91) -> 0 | L91: 0 | N91: 0 | O91: =SUM(L91:N91) -> 0 | P91: 0
A92: 207 | E92: Beban pemeliharaan gedung sewa | F92: 0 | G92: 0 | H92: 0 | I92: 0 | J92: 0 | K92: =SUM(F92:J92) -> 0 | L92: 0 | N92: 0 | O92: =SUM(L92:N92) -> 0 | P92: 0
A93: 208 | E93: Beban pemeliharaan gudang sewa | F93: 0 | G93: 0 | H93: 0 | I93: 0 | J93: 0 | K93: =SUM(F93:J93) -> 0 | L93: 0 | N93: 0 | O93: =SUM(L93:N93) -> 0 | P93: 0
A94: 209 | E94: Beban pemeliharaan rumah dinas sewa | F94: 0 | G94: 0 | H94: 0 | I94: 0 | J94: 0 | K94: =SUM(F94:J94) -> 0 | L94: 0 | N94: 0 | O94: =SUM(L94:N94) -> 0 | P94: 0
A95: 211 | E95: Beban pemeliharaan peralatan sewa | F95: 0 | G95: 0 | H95: 0 | I95: 0 | J95: 0 | K95: =SUM(F95:J95) -> 0 | L95: 0 | N95: 0 | O95: =SUM(L95:N95) -> 0 | P95: 0
A96: 212 | E96: Beban pemeliharaan aset sewa lainnya | F96: 0 | G96: 0 | H96: 0 | I96: 0 | J96: 0 | K96: =SUM(F96:J96) -> 0 | L96: 0 | N96: 0 | O96: =SUM(L96:N96) -> 0 | P96: 0
A97: 214 | E97: Sewa kantor | F97: 125008360 | G97: 0 | H97: 2563357 | I97: 3299108 | J97: 14516105 | K97: =SUM(F97:J97) -> 145386930 | L97: 77187145 | N97: 38523238 | O97: =SUM(L97:N97) -> 1.1571038e+08 | P97: =O97/K97 -> 0.79587885
A98: 215 | E98: Sewa gudang | F98: 0 | G98: 0 | H98: 0 | I98: 0 | J98: 0 | K98: =SUM(F98:J98) -> 0 | L98: 0 | N98: 0 | O98: =SUM(L98:N98) -> 0 | P98: 0
A99: 216 | E99: Sewa kendaraan | F99: 60618036 | G99: 0 | H99: 1243002 | I99: 1599776 | J99: 7039031 | K99: =SUM(F99:J99) -> 70499845 | L99: 27281751 | N99: 12032119 | O99: =SUM(L99:N99) -> 39313870 | P99: =O99/K99 -> 0.55764477
A100: 210 | E100: Beban pemeliharaan kendaraan sewa | F100: 0 | G100: 0 | H100: 0 | I100: 0 | J100: 0 | K100: =SUM(F100:J100) -> 0 | L100: 0 | N100: 0 | O100: =SUM(L100:N100) -> 0 | P100: 0
A101: 217 | E101: Sewa peralatan | F101: 118481720 | G101: 0 | H101: 2429525 | I101: 3126862 | J101: 13758224 | K101: =SUM(F101:J101) -> 137796331 | L101: 92315552 | N101: 39288882 | O101: =SUM(L101:N101) -> 131604434 | P101: =O101/K101 -> 0.95506486
A102: 218 | E102: Sewa rumah dinas | F102: 21347985 | G102: 0 | H102: 437751 | I102: 563397 | J102: 2478951 | K102: =SUM(F102:J102) -> 24828084 | L102: 0 | N102: 0 | O102: =SUM(L102:N102) -> 0 | P102: =O102/K102 -> 0
A103: 219 | E103: Biaya service charge | F103: 0 | G103: 0 | H103: 0 | I103: 0 | J103: 0 | K103: =SUM(F103:J103) -> 0 | L103: 0 | N103: 0 | O103: =SUM(L103:N103) -> 0 | P103: 0
A104: 220 | E104: Sewa lainnya | F104: 0 | G104: 0 | H104: 0 | I104: 0 | J104: 0 | K104: =SUM(F104:J104) -> 0 | L104: 0 | N104: 0 | O104: =SUM(L104:N104) -> 0 | P104: 0
A105: 0 | E105: Beban CKPN | F105: 0 | G105: 0 | H105: 0 | I105: 0 | J105: 0 | K105: =SUM(F105:J105) -> 0 | L105: 0 | N105: 0 | O105: =SUM(L105:N105) -> 0 | P105: 0
A106: 225 | E106: Beban pengumpulan informasi dan pengelolaan data | F106: 0 | G106: 0 | H106: 0 | I106: 0 | J106: 0 | K106: =SUM(F106:J106) -> 0 | L106: 0 | N106: 0 | O106: =SUM(L106:N106) -> 0 | P106: 0
A107: 229 | E107: Beban pengelolaan dana dan investasi | F107: 0 | G107: 0 | H107: 0 | I107: 0 | J107: 0 | K107: =SUM(F107:J107) -> 0 | L107: 0 | N107: 0 | O107: =SUM(L107:N107) -> 0 | P107: 0
A108: 230 | E108: Beban penelitian dan pengembangan | F108: 0 | G108: 0 | H108: 0 | I108: 0 | J108: 0 | K108: =SUM(F108:J108) -> 0 | L108: 0 | N108: 0 | O108: =SUM(L108:N108) -> 0 | P108: 0
...

Sheet MADIUN
D1: PT JAMKRINDO KANWIL SURABAYA
D2: LABA RUGI RKA TAHUN 2026
O4: =#REF! -> #REF!
D5: URAIAN | F5: KANCA MADIUN | L5: REALISASI KANCA MADIUN | P5: %
F6: KUR | G6: PEN | H6: KBG/SURETYSHIP | I6: KONSUMTIF | J6: PRODUKTIF | K6: TOTAL | L6: KUR | M6: PEN | N6: NON KUR | O6: TOTAL | P6: %
C8: X1 | D8: VOLUME | F8: 4373360134287 | G8: 0 | H8: 596979491872 | I8: 429946561406 | J8: 797362922440 | K8: =SUM(F8:J8) -> 6197649110005 | L8: 3.1812747e+12 | N8: 2.4773032e+11 | O8: =SUM(L8:N8) -> 3.429005e+12 | P8: =O8/K8 -> 0.55327511
C10: X2 | D10: PENDAPATAN PENJAMINAN
A11: 7 | B11: 8 | E11: Imbal Jasa Penjaminan Bruto | F11: 158130782723 | G11: 0 | H11: 1945528854 | I11: 4173244726 | J11: 18113455973 | K11: =SUM(F11:J11) -> 182363012276 | L11: 9.1722602e+10 | M11: 400000 | N11: 3.6449675e+10 | O11: =SUM(L11:N11) -> 1.2817268e+11 | P11: =O11/K11 -> 0.7028436
A12: 12 | B12: 10 | E12: Restitusi penjaminan kredit | F12: 0 | G12: 0 | H12: 0 | I12: 0 | J12: 0 | K12: =SUM(F12:J12) -> 0 | L12: 0 | M12: 0 | N12: 0 | O12: =SUM(L12:N12) -> 0 | P12: 0
A13: 9 | B13: 9 | E13: Premi Penjaminan Ulang | F13: 14239056917 | G13: 0 | H13: 236222877 | I13: 622763053 | J13: 10794828562 | K13: =SUM(F13:J13) -> 25892871409 | L13: 9.8884319e+09 | M13: 0 | N13: 4.6307741e+09 | O13: =SUM(L13:N13) -> 1.4519206e+10 | P13: =O13/K13 -> 0.56074144
C14: Y2 | E14: IMBAL JASA PENJAMINAN BERSIH | F14: =F11-F12-F13 -> 143891725806 | G14: =G11-G12-G13 -> 0 | H14: =H11-H12-H13 -> 1709305977 | I14: =I11-I12-I13 -> 3550481673 | J14: =J11-J12-J13 -> 7318627411 | K14: =K11-K12-K13 -> 156470140867 | L14: =L11-L12-L13 -> 8.183417e+10 | M14: =M11-M12-M13 -> 400000 | ... O14: =O11-O12-O13 -> 1.1365347e+11 | P14: =O14/K14 -> 0.72635884
C16: X2 | D16: BEBAN KLAIM
A17: 22 | B17: 13 | E17: Beban Klaim | F17: 114016714018 | G17: 862699986 | H17: 65000000 | I17: 681243458 | J17: 6355201369 | K17: =SUM(F17:J17) -> 121980858831 | L17: 2.4497858e+10 | M17: 1050000000 | N17: 2.5627569e+10 | O17: =SUM(L17:N17) -> 5.1175427e+10 | P17: =O17/K17 -> 0.41953654
A18: 24 | B18: 14 | E18: Kenaikan (Penurunan) Cadangan Klaim | F18: 1226655107 | G18: -1050000000 | H18: 17700890 | I18: 0 | J18: 7006457653 | K18: =SUM(F18:J18) -> 7200813650 | L18: 37858644394 | M18: -1050000000 | N18: 11324597939 | O18: =SUM(L18:N18) -> 48133242333 | P18: =O18/K18 -> 6.6844172
A19: 32 | B19: 15 | E19: Pendapatan Subrogasi | F19: 14796402193 | G19: 1780216045 | H19: 10434947 | I19: 21292932 | J19: 6451123904 | K19: =SUM(F19:J19) -> 23059470021 | L19: 9.4424025e+09 | M19: 42441861 | N19: 3.1137272e+09 | O19: =SUM(L19:N19) -> 1.2598572e+10 | P19: =O19/K19 -> 0.54635131
A20: 37 | B20: 16 | E20: Beban Komisi Netto | F20: 2246928935 | G20: 0 | H20: 41053154 | I20: 95186607 | J20: 1647108492 | K20: =SUM(F20:J20) -> 4030277188 | L20: 1.6269396e+09 | M20: 0 | N20: 6.6824481e+08 | O20: =SUM(L20:N20) -> 2.2951844e+09 | P20: =O20/K20 -> 0.56948549
C21: Y2 | E21: JUMLAH BEBAN KLAIM | F21: =F17+F18-F19-F20 -> 98200037997 | G21: =G17+G18-G19-G20 -> -1967516059 | H21: =H17+H18-H19-H20 -> 31212789 | I21: =I17+I18-I19-I20 -> 564763919 | J21: =J17+J18-J19-J20 -> 5263426626 | K21: =K17+K18-K19-K20 -> 102091925272 | L21: =L17+L18-L19-L20 -> 5.128716e+10 | M21: =M17+M18-M19-M20 -> -42441861 | ... O21: =O17+O18-O19-O20 -> 8.4414913e+10 | P21: =O21/K21 -> 0.82685201
C23: X1 | D23: PENJAMINAN BERSIH | F23: =F14-F21 -> 45691687809 | G23: =G14-G21 -> 1967516059 | H23: =H14-H21 -> 1678093188 | I23: =I14-I21 -> 2985717754 | J23: =J14-J21 -> 2055200785 | K23: =K14-K21 -> 54378215595 | L23: =L14-L21 -> 3.054701e+10 | M23: =M14-M21 -> 42841861 | ... O23: =O14-O21 -> 2.9238557e+10 | P23: =O23/K23 -> 0.5376888
B25: 19 | C25: X1 | D25: PENDAPATAN INVESTASI BERSIH | F25: 0 | G25: 0 | H25: 0 | I25: 0 | J25: 0 | K25: 0 | O25: 0 | P25: 0
C27: X1 | D27: BEBAN USAHA
C28: X2 | E28: BEBAN KARYAWAN
A29: 94 | E29: Beban gaji karyawan | F29: 1050396120 | G29: 0 | H29: 21538880 | I29: 27721105 | J29: 121973122 | K29: =SUM(F29:J29) -> 1221629227 | L29: 4.5728931e+08 | N29: 2.0017423e+08 | O29: =SUM(L29:N29) -> 657463540 | P29: =O29/K29 -> 0.53818583
A30: 95 | E30: Beban lembur karyawan | F30: 20238850 | G30: 0 | H30: 415007 | I30: 534125 | J30: 2350157 | K30: =SUM(F30:J30) -> 23538139 | L30: 13343676 | N30: 5285771 | O30: =SUM(L30:N30) -> 18629447 | P30: =O30/K30 -> 0.79145794
A31: 96 | E31: Beban asuransi kesehatan karyawan | F31: 132339791 | G31: 0 | H31: 2713691 | I31: 3492592 | J31: 15367438 | K31: =SUM(F31:J31) -> 153913512 | L31: 6261080 | N31: 2538920 | O31: =SUM(L31:N31) -> 8800000 | P31: =O31/K31 -> 0.057174967
A32: 97 | E32: Beban asuransi jiwa karyawan | F32: 6063239 | G32: 0 | H32: 124330 | I32: 160016 | J32: 704070 | K32: =SUM(F32:J32) -> 7051655 | L32: 0 | N32: 0 | O32: =SUM(L32:N32) -> 0 | P32: =O32/K32 -> 0
A33: 100 | E33: Beban dana pensiun | F33: 96099909 | G33: 0 | H33: 1970575 | I33: 2536182 | J33: 11159224 | K33: =SUM(F33:J33) -> 111765890 | L33: 0 | N33: 0 | O33: =SUM(L33:N33) -> 0 | P33: =O33/K33 -> 0
A34: 101 | E34: Beban kompensasi kinerja karyawan | F34: 1386873266 | G34: 0 | H34: 28438506 | I34: 36601106 | J34: 161045208 | K34: =SUM(F34:J34) -> 1612958086 | L34: 5.1392862e+08 | N34: 2.2568335e+08 | O34: =SUM(L34:N34) -> 7.3961197e+08 | P34: =O34/K34 -> 0.45854382
A35: 102 | E35: Biaya jasa kini karyawan | F35: 0 | G35: 0 | H35: 0 | I35: 0 | J35: 0 | K35: =SUM(F35:J35) -> 0 | L35: 0 | N35: 0 | O35: =SUM(L35:N35) -> 0 | P35: 0
A36: 103 | E36: Biaya jasa lalu karyawan | F36: 0 | G36: 0 | H36: 0 | I36: 0 | J36: 0 | K36: =SUM(F36:J36) -> 0 | L36: 0 | N36: 0 | O36: =SUM(L36:N36) -> 0 | P36: 0
A37: 104 | E37: Bunga atas imbalan pasca kerja karyawan | F37: 145312835 | G37: 0 | H37: 2979710 | I37: 3834965 | J37: 16873882 | K37: =SUM(F37:J37) -> 169001392 | L37: 0 | N37: 0 | O37: =SUM(L37:N37) -> 0 | P37: =O37/K37 -> 0
A38: 105 | E38: Beban BPJS kesehatan karyawan | F38: 36880463 | G38: 0 | H38: 756252 | I38: 973316 | J38: 4282599 | K38: =SUM(F38:J38) -> 42892630 | L38: 0 | N38: 0 | O38: =SUM(L38:N38) -> 0 | P38: =O38/K38 -> 0
A39: 106 | E39: Beban BPJS jaminan hari tua karyawan | F39: 52318588 | G39: 0 | H39: 1072818 | I39: 1380745 | J39: 6075290 | K39: =SUM(F39:J39) -> 60847441 | L39: 0 | N39: 0 | O39: =SUM(L39:N39) -> 0 | P39: =O39/K39 -> 0
A40: 107 | E40: Beban BPJS jaminan kecelakaan kerja dan jaminan kematian karyawan | F40: 7593140 | G40: 0 | H40: 155701 | I40: 200391 | J40: 881724 | K40: =SUM(F40:J40) -> 8830956 | L40: 0 | N40: 0 | O40: =SUM(L40:N40) -> 0 | P40: =O40/K40 -> 0
A41: 108 | E41: Beban BPJS jaminan pensiun karyawan | F41: 17593861 | G41: 0 | H41: 360771 | I41: 464321 | J41: 2043018 | K41: =SUM(F41:J41) -> 20461971 | L41: 0 | N41: 0 | O41: =SUM(L41:N41) -> 0 | P41: =O41/K41 -> 0
A42: 109 | E42: Beban tunjangan hari raya karyawan | F42: 292490206 | G42: 0 | H42: 5997653 | I42: 7719137 | J42: 33964276 | K42: =SUM(F42:J42) -> 340171272 | L42: 1.5523123e+08 | N42: 70998398 | O42: =SUM(L42:N42) -> 2.2622963e+08 | P42: =O42/K42 -> 0.66504624
A43: 110 | E43: Beban tunjangan PPh 21 karyawan | F43: 1385260694 | G43: 0 | H43: 28405440 | I43: 36558548 | J43: 160857955 | K43: =SUM(F43:J43) -> 1611082637 | L43: 1.3047696e+08 | N43: 63381842 | O43: =SUM(L43:N43) -> 1.9385881e+08 | P43: =O43/K43 -> 0.12032828
A44: 111 | E44: Beban tunjangan transportasi karyawan | F44: 29986962 | G44: 0 | H44: 614897 | I44: 791389 | J44: 3482118 | K44: =SUM(F44:J44) -> 34875366 | L44: 26393900 | N44: 11606100 | O44: =SUM(L44:N44) -> 38000000 | P44: =O44/K44 -> 1.0895943
A45: 112 | E45: Beban tunjangan jabatan | F45: 613431411 | G45: 0 | H45: 12578707 | I45: 16189127 | J45: 71232312 | K45: =SUM(F45:J45) -> 713431557 | L45: 269971130 | N45: 1.1842887e+08 | O45: =SUM(L45:N45) -> 388400000 | P45: =O45/K45 -> 0.54441102
A46: 113 | E46: Beban tunjangan cuti besar | F46: 12078166 | G46: 0 | H46: 247669 | I46: 318756 | J46: 1402530 | K46: =SUM(F46:J46) -> 14047121 | L46: 0 | N46: 0 | O46: =SUM(L46:N46) -> 0 | P46: =O46/K46 -> 0
A47: 114 | E47: Beban tunjangan cuti tahunan | F47: 115883291 | G47: 0 | H47: 2376243 | I47: 3058287 | J47: 13456492 | K47: =SUM(F47:J47) -> 134774313 | L47: 0 | N47: 0 | O47: =SUM(L47:N47) -> 0 | P47: =O47/K47 -> 0
A48: 115 | E48: Beban tunjangan makan | F48: 167824019 | G48: 0 | H48: 3441313 | I48: 4429060 | J48: 19487905 | K48: =SUM(F48:J48) -> 195182297 | L48: 73784923 | N48: 31691077 | O48: =SUM(L48:N48) -> 1.05476e+08 | P48: =O48/K48 -> 0.54039737
A49: 124 | E49: Beban Tunjangan Pakaian Kerja | F49: 34805248 | G49: 0 | H49: 713698 | I49: 918549 | J49: 4041623 | K49: =SUM(F49:J49) -> 40479118 | L49: 0 | N49: 0 | O49: =SUM(L49:N49) -> 0 | P49: =O49/K49 -> 0
A50: 143 | E50: Beban kompensasi PKWT/PKWTT | F50: 0 | G50: 0 | H50: 0 | I50: 0 | J50: 0 | K50: =SUM(F50:J50) -> 0 | L50: -867581.56 | N50: 867581.56 | O50: =SUM(L50:N50) -> 0 | P50: 0
A51: 0 | E51: Beban tunjangan lainnya | F51: 67100921 | G51: 0 | H51: 1375937 | I51: 1770867 | J51: 7791831 | K51: =SUM(F51:J51) -> 78039556 | L51: 47158270 | N51: 20791730 | O51: =SUM(L51:N51) -> 67950000 | P51: =O51/K51 -> 0.87071228
B52: 21 | C52: Y2 | E52: Total Beban Karyawan | F52: =SUM(F29:F51) -> 5670570980 | G52: =SUM(G29:G51) -> 0 | H52: =SUM(H29:H51) -> 116277798 | I52: =SUM(I29:I51) -> 149652584 | J52: =SUM(J29:J51) -> 658472774 | K52: =SUM(K29:K51) -> 6594974136 | L52: =SUM(L29:L51) -> 1.6929715e+09 | M52: =SUM(M29:M51) -> 0 | ... O52: =SUM(O29:O51) -> 2.4444194e+09 | P52: =O52/K52 -> 0.37064882
C54: X2 | E54: BEBAN ADMINISTRASI & UMUM
A55: 169 | E55: Imbal jasa profesional - akuntan publik | F55: 0 | G55: 0 | H55: 0 | I55: 0 | J55: 0 | K55: =SUM(F55:J55) -> 0 | L55: 0 | N55: 0 | O55: =SUM(L55:N55) -> 0 | P55: 0
A56: 171 | E56: Imbal jasa profesional - konsultan hukum | F56: 0 | G56: 0 | H56: 0 | I56: 0 | J56: 0 | K56: =SUM(F56:J56) -> 0 | L56: 0 | N56: 0 | O56: =SUM(L56:N56) -> 0 | P56: 0
A57: 175 | E57: Imbal jasa profesional - konsultan manajemen (SDM, SOP, Akuntansi dll) | F57: 0 | G57: 0 | H57: 0 | I57: 0 | J57: 0 | K57: =SUM(F57:J57) -> 0 | L57: 0 | N57: 0 | O57: =SUM(L57:N57) -> 0 | P57: 0
A58: 176 | E58: Beban imbal jasa profesional IT | F58: 0 | G58: 0 | H58: 0 | I58: 0 | J58: 0 | K58: =SUM(F58:J58) -> 0 | L58: 0 | N58: 0 | O58: =SUM(L58:N58) -> 0 | P58: 0
A59: 177 | E59: Imbal jasa profesional - lainnya | F59: 0 | G59: 0 | H59: 0 | I59: 0 | J59: 0 | K59: =SUM(F59:J59) -> 0 | L59: 0 | N59: 0 | O59: =SUM(L59:N59) -> 0 | P59: 0
A60: 179 | E60: Air, listrik dan utilitas - gedung | F60: 90227999 | G60: 0 | H60: 1850169 | I60: 2381216 | J60: 10477372 | K60: =SUM(F60:J60) -> 104936756 | L60: 38766554 | N60: 16964783 | O60: =SUM(L60:N60) -> 55731337 | P60: =O60/K60 -> 0.53109453
A61: 180 | E61: Air, listrik dan utilitas - rumah dinas | F61: 12940196 | G61: 0 | H61: 265345 | I61: 341506 | J61: 1502629 | K61: =SUM(F61:J61) -> 15049676 | L61: 3499719.2 | N61: 1521480.8 | O61: =SUM(L61:N61) -> 5021200 | P61: =O61/K61 -> 0.33364174
A62: 181 | E62: Pemasaran | F62: 620815008 | G62: 0 | H62: 12730112 | I62: 16383989 | J62: 72089703 | K62: =SUM(F62:J62) -> 722018812 | L62: 3.3285731e+08 | N62: 1.4298039e+08 | O62: =SUM(L62:N62) -> 4.758377e+08 | P62: =O62/K62 -> 0.65903782
A63: 134 | E63: Beban pelatihan manajemen | F63: 0 | G63: 0 | H63: 0 | I63: 0 | J63: 0 | K63: =SUM(F63:J63) -> 0 | L63: 0 | N63: 0 | O63: =SUM(L63:N63) -> 0 | P63: 0
A64: 132 | E64: Beban pelatihan karyawan - insidentil | F64: 0 | G64: 0 | H64: 0 | I64: 0 | J64: 0 | K64: =SUM(F64:J64) -> 0 | L64: 0 | N64: 0 | O64: =SUM(L64:N64) -> 0 | P64: 0
A65: 133 | E65: Beban pelatihan karyawan - leadership | F65: 0 | G65: 0 | H65: 0 | I65: 0 | J65: 0 | K65: =SUM(F65:J65) -> 0 | L65: 0 | N65: 0 | O65: =SUM(L65:N65) -> 0 | P65: 0
A66: 182 | E66: Beban pelatihan karyawan - TNA | F66: 0 | G66: 0 | H66: 0 | I66: 0 | J66: 0 | K66: =SUM(F66:J66) -> 0 | L66: 0 | N66: 0 | O66: =SUM(L66:N66) -> 0 | P66: 0
A67: 137 | E67: Beban sertifikasi | F67: 0 | G67: 0 | H67: 0 | I67: 0 | J67: 0 | K67: =SUM(F67:J67) -> 0 | L67: 0 | N67: 0 | O67: =SUM(L67:N67) -> 0 | P67: 0
A68: 129 | E68: Beban perekrutan karyawan | F68: 0 | G68: 0 | H68: 0 | I68: 0 | J68: 0 | K68: =SUM(F68:J68) -> 0 | L68: 0 | N68: 0 | O68: =SUM(L68:N68) -> 0 | P68: 0
A69: 5 | E69: Beban uang saku magang | F69: 0 | G69: 0 | H69: 0 | I69: 0 | J69: 0 | K69: =SUM(F69:J69) -> 0 | L69: 0 | N69: 0 | O69: =SUM(L69:N69) -> 0 | P69: 0
A70: 183 | E70: Akomodasi dinas dalam negeri | F70: 88305142 | G70: 0 | H70: 1810740 | I70: 2330470 | J70: 10254088 | K70: =SUM(F70:J70) -> 102700440 | L70: 24192676 | N70: 9717385.9 | O70: =SUM(L70:N70) -> 33910062 | P70: =O70/K70 -> 0.33018419
A71: 184 | E71: Tranportasi dinas dalam negeri | F71: 8323041 | G71: 0 | H71: 170668 | I71: 219654 | J71: 966480 | K71: =SUM(F71:J71) -> 9679843 | L71: 9218749.2 | N71: 3670822.8 | O71: =SUM(L71:N71) -> 12889572 | P71: =O71/K71 -> 1.331589
A72: 185 | E72: Tunjangan perjalanan dinas dalam negeri | F72: 46865884 | G72: 0 | H72: 961008 | I72: 1236842 | J72: 5442117 | K72: =SUM(F72:J72) -> 54505851 | L72: 41098260 | N72: 17301740 | O72: =SUM(L72:N72) -> 58400000 | P72: =O72/K72 -> 1.0714446
A73: 186 | E73: Akomodasi dinas luar negeri | F73: 0 | G73: 0 | H73: 0 | I73: 0 | J73: 0 | K73: =SUM(F73:J73) -> 0 | L73: 0 | N73: 0 | O73: =SUM(L73:N73) -> 0 | P73: 0
A74: 187 | E74: Tranportasi dinas luar negeri | F74: 0 | G74: 0 | H74: 0 | I74: 0 | J74: 0 | K74: =SUM(F74:J74) -> 0 | L74: 0 | N74: 0 | O74: =SUM(L74:N74) -> 0 | P74: 0
A75: 188 | E75: Tunjangan perjalanan dinas luar negeri | F75: 0 | G75: 0 | H75: 0 | I75: 0 | J75: 0 | K75: =SUM(F75:J75) -> 0 | L75: 0 | N75: 0 | O75: =SUM(L75:N75) -> 0 | P75: 0
A76: 189 | E76: Percetakan dan inventaris kantor | F76: 61078696 | G76: 0 | H76: 1252448 | I76: 1611934 | J76: 7092524 | K76: =SUM(F76:J76) -> 71035602 | L76: 24349065 | N76: 10995597 | O76: =SUM(L76:N76) -> 35344662 | P76: =O76/K76 -> 0.49756264
A77: 190 | E77: Telepon, fax dan komunikasi - gedung | F77: 29441016 | G77: 0 | H77: 603702 | I77: 776981 | J77: 3418722 | K77: =SUM(F77:J77) -> 34240421 | L77: 9120261.9 | N77: 4005030.1 | O77: =SUM(L77:N77) -> 13125292 | P77: =O77/K77 -> 0.38332741
A78: 192 | E78: Telepon, fax dan komunikasi - rumah dinas | F78: 6515788 | G78: 0 | H78: 133609 | I78: 171959 | J78: 756620 | K78: =SUM(F78:J78) -> 7577976 | L78: 1620975.2 | N78: 711824.76 | O78: =SUM(L78:N78) -> 2332800 | P78: =O78/K78 -> 0.30783945
A79: 193 | E79: Bensin dan parkir | F79: 32673799 | G79: 0 | H79: 669992 | I79: 862297 | J79: 3794117 | K79: =SUM(F79:J79) -> 38000205 | L79: 48055618 | N79: 19999521 | O79: =SUM(L79:N79) -> 68055139 | P79: =O79/K79 -> 1.790915
A80: 204 | E80: Beban pemeliharaan kendaraan | F80: 178466894 | G80: 0 | H80: 3659550 | I80: 4709937 | J80: 20723767 | K80: =SUM(F80:J80) -> 207560148 | L80: 17321433 | N80: 7940587.1 | O80: =SUM(L80:N80) -> 25262020 | P80: =O80/K80 -> 0.12170939
A81: 194 | E81: Beban penggunaan Data Center | F81: 0 | G81: 0 | H81: 0 | I81: 0 | J81: 0 | K81: =SUM(F81:J81) -> 0 | L81: 0 | N81: 0 | O81: =SUM(L81:N81) -> 0 | P81: 0
A82: 195 | E82: Beban jaringan dan konektivitas | F82: 0 | G82: 0 | H82: 0 | I82: 0 | J82: 0 | K82: =SUM(F82:J82) -> 0 | L82: 0 | N82: 0 | O82: =SUM(L82:N82) -> 0 | P82: 0
A83: 196 | E83: Beban penyewaan peralatan IT | F83: 0 | G83: 0 | H83: 0 | I83: 0 | J83: 0 | K83: =SUM(F83:J83) -> 0 | L83: 0 | N83: 0 | O83: =SUM(L83:N83) -> 0 | P83: 0
A84: 197 | E84: Beban pemeliharaan peralatan IT | F84: 0 | G84: 0 | H84: 0 | I84: 0 | J84: 0 | K84: =SUM(F84:J84) -> 0 | L84: 0 | N84: 0 | O84: =SUM(L84:N84) -> 0 | P84: 0
A85: 198 | E85: Beban pemeliharaan perangkat lunak IT | F85: 0 | G85: 0 | H85: 0 | I85: 0 | J85: 0 | K85: =SUM(F85:J85) -> 0 | L85: 0 | N85: 0 | O85: =SUM(L85:N85) -> 0 | P85: 0
A86: 202 | E86: Beban pemeliharaan gedung | F86: 35708449 | G86: 0 | H86: 732219 | I86: 942385 | J86: 4146503 | K86: =SUM(F86:J86) -> 41529556 | L86: 2774283.3 | N86: 858879.73 | O86: =SUM(L86:N86) -> 3633163 | P86: 0
A87: 203 | E87: Beban pemeliharaan rumah dinas | F87: 3069279 | G87: 0 | H87: 62937 | I87: 81002 | J87: 356408 | K87: =SUM(F87:J87) -> 3569626 | L87: 1909000 | N87: 591000 | O87: =SUM(L87:N87) -> 2500000 | P87: =O87/K87 -> 0.70035348
A88: 205 | E88: Beban pemeliharaan mesin dan peralatan | F88: 37159693 | G88: 0 | H88: 761977 | I88: 980685 | J88: 4315023 | K88: =SUM(F88:J88) -> 43217378 | L88: 9900346.8 | N88: 4019039.2 | O88: =SUM(L88:N88) -> 13919386 | P88: =O88/K88 -> 0.32207845
A89: 206 | E89: Beban pemeliharaan renovasi dan instalasi | F89: 0 | G89: 0 | H89: 0 | I89: 0 | J89: 0 | K89: =SUM(F89:J89) -> 0 | L89: -176088.87 | N89: 176088.87 | O89: =SUM(L89:N89) -> 0 | P89: =O89/K89 -> #DIV/0!
A90: 244 | E90: Beban aset bernilai rendah | F90: 7050757 | G90: 0 | H90: 144579 | I90: 186077 | J90: 818741 | K90: =SUM(F90:J90) -> 8200154 | L90: 1199274 | N90: 779726 | O90: =SUM(L90:N90) -> 1979000 | P90: =O90/K90 -> 0.24133693
A91: 213 | E91: Beban pemeliharaan lainnya | F91: 0 | G91: 0 | H91: 0 | I91: 0 | J91: 0 | K91: =SUM(F91:J91) -> 0 | L91: 0 | N91: 0 | O91: =SUM(L91:N91) -> 0 | P91: 0
A92: 207 | E92: Beban pemeliharaan gedung sewa | F92: 0 | G92: 0 | H92: 0 | I92: 0 | J92: 0 | K92: =SUM(F92:J92) -> 0 | L92: 0 | N92: 0 | O92: =SUM(L92:N92) -> 0 | P92: 0
A93: 208 | E93: Beban pemeliharaan gudang sewa | F93: 0 | G93: 0 | H93: 0 | I93: 0 | J93: 0 | K93: =SUM(F93:J93) -> 0 | L93: 0 | N93: 0 | O93: =SUM(L93:N93) -> 0 | P93: 0
A94: 209 | E94: Beban pemeliharaan rumah dinas sewa | F94: 0 | G94: 0 | H94: 0 | I94: 0 | J94: 0 | K94: =SUM(F94:J94) -> 0 | L94: 0 | N94: 0 | O94: =SUM(L94:N94) -> 0 | P94: 0
A95: 211 | E95: Beban pemeliharaan peralatan sewa | F95: 0 | G95: 0 | H95: 0 | I95: 0 | J95: 0 | K95: =SUM(F95:J95) -> 0 | L95: 0 | N95: 0 | O95: =SUM(L95:N95) -> 0 | P95: 0
A96: 212 | E96: Beban pemeliharaan aset sewa lainnya | F96: 0 | G96: 0 | H96: 0 | I96: 0 | J96: 0 | K96: =SUM(F96:J96) -> 0 | L96: 0 | N96: 0 | O96: =SUM(L96:N96) -> 0 | P96: 0
A97: 214 | E97: Sewa kantor | F97: 189495774 | G97: 0 | H97: 3885702 | I97: 5001001 | J97: 22004452 | K97: =SUM(F97:J97) -> 220386929 | L97: 0 | N97: 0 | O97: =SUM(L97:N97) -> 0 | P97: =O97/K97 -> 0
A98: 215 | E98: Sewa gudang | F98: 0 | G98: 0 | H98: 0 | I98: 0 | J98: 0 | K98: =SUM(F98:J98) -> 0 | L98: 6034287.8 | N98: 2649759.2 | O98: =SUM(L98:N98) -> 8684047 | P98: 0
A99: 216 | E99: Sewa kendaraan | F99: 43658332 | G99: 0 | H99: 895235 | I99: 1152191 | J99: 5069652 | K99: =SUM(F99:J99) -> 50775410 | L99: 10131818 | N99: 4449222.1 | O99: =SUM(L99:N99) -> 14581040 | P99: =O99/K99 -> 0.28716735
A100: 210 | E100: Beban pemeliharaan kendaraan sewa | F100: 0 | G100: 0 | H100: 0 | I100: 0 | J100: 0 | K100: =SUM(F100:J100) -> 0 | L100: 0 | N100: 0 | O100: =SUM(L100:N100) -> 0 | P100: 0
A101: 217 | E101: Sewa peralatan | F101: 47392688 | G101: 0 | H101: 971810 | I101: 1250745 | J101: 5503290 | K101: =SUM(F101:J101) -> 55118533 | L101: 10563689 | N101: 4638871.1 | O101: =SUM(L101:N101) -> 15202560 | P101: =O101/K101 -> 0.27581576
A102: 218 | E102: Sewa rumah dinas | F102: 21347985 | G102: 0 | H102: 437751 | I102: 563397 | J102: 2478951 | K102: =SUM(F102:J102) -> 24828084 | L102: 0 | N102: 0 | O102: =SUM(L102:N102) -> 0 | P102: =O102/K102 -> 0
A103: 219 | E103: Biaya service charge | F103: 0 | G103: 0 | H103: 0 | I103: 0 | J103: 0 | K103: =SUM(F103:J103) -> 0 | L103: 0 | N103: 0 | O103: =SUM(L103:N103) -> 0 | P103: 0
A104: 220 | E104: Sewa lainnya | F104: 255526064 | G104: 0 | H104: 5239685 | I104: 6743613 | J104: 29671960 | K104: =SUM(F104:J104) -> 297181322 | L104: 58917149 | N104: 26240699 | O104: =SUM(L104:N104) -> 85157848 | P104: =O104/K104 -> 0.28655182
A105: 0 | E105: Beban CKPN | F105: 0 | G105: 0 | H105: 0 | I105: 0 | J105: 0 | K105: =SUM(F105:J105) -> 0 | L105: 0 | N105: 0 | O105: =SUM(L105:N105) -> 0 | P105: 0
A106: 225 | E106: Beban pengumpulan informasi dan pengelolaan data | F106: 0 | G106: 0 | H106: 0 | I106: 0 | J106: 0 | K106: =SUM(F106:J106) -> 0 | L106: 0 | N106: 0 | O106: =SUM(L106:N106) -> 0 | P106: 0
A107: 229 | E107: Beban pengelolaan dana dan investasi | F107: 0 | G107: 0 | H107: 0 | I107: 0 | J107: 0 | K107: =SUM(F107:J107) -> 0 | L107: 0 | N107: 0 | O107: =SUM(L107:N107) -> 0 | P107: 0
A108: 230 | E108: Beban penelitian dan pengembangan | F108: 0 | G108: 0 | H108: 0 | I108: 0 | J108: 0 | K108: =SUM(F108:J108) -> 0 | L108: 0 | N108: 0 | O108: =SUM(L108:N108) -> 0 | P108: 0
...

Sheet BANYUWANGI
D1: PT JAMKRINDO KANWIL SURABAYA
D2: LABA RUGI RKA TAHUN 2026
O4: =#REF! -> #REF!
D5: URAIAN | F5: KANCA BANYUWANGI | L5: REALISASI KANCA BANYUWANGI | P5: %
F6: KUR | G6: PEN | H6: KBG/SURETYSHIP | I6: KONSUMTIF | J6: PRODUKTIF | K6: TOTAL | L6: KUR | M6: PEN | N6: NON KUR | O6: TOTAL | P6: %
C8: X1 | D8: VOLUME | F8: 4664917476572 | G8: 0 | H8: 596979491871 | I8: 458609665500 | J8: 841910450602 | K8: =SUM(F8:J8) -> 6562417084545 | L8: 3.402847e+12 | N8: 1.562313e+12 | O8: =SUM(L8:N8) -> 4.96516e+12 | P8: =O8/K8 -> 0.75660537
C10: X2 | D10: PENDAPATAN PENJAMINAN
A11: 7 | B11: 8 | E11: Imbal Jasa Penjaminan Bruto | F11: 168672834906 | G11: 0 | H11: 1945528854 | I11: 4451461040 | J11: 19296133723 | K11: =SUM(F11:J11) -> 194365958523 | L11: 7.3404052e+10 | M11: 0 | N11: 2.7397055e+10 | O11: =SUM(L11:N11) -> 1.0080111e+11 | P11: =O11/K11 -> 0.51861503
A12: 12 | B12: 10 | E12: Restitusi penjaminan kredit | F12: 0 | G12: 0 | H12: 0 | I12: 0 | J12: 0 | K12: =SUM(F12:J12) -> 0 | L12: 0 | M12: 0 | N12: 0 | O12: =SUM(L12:N12) -> 0 | P12: 0
A13: 9 | B13: 9 | E13: Premi Penjaminan Ulang | F13: 15188327377 | G13: 0 | H13: 236222877 | I13: 664280590 | J13: 11511401008 | K13: =SUM(F13:J13) -> 27600231852 | L13: 7.1571834e+09 | M13: 0 | N13: 3.4614868e+09 | O13: =SUM(L13:N13) -> 1.061867e+10 | P13: =O13/K13 -> 0.38473119
C14: Y2 | E14: IMBAL JASA PENJAMINAN BERSIH | F14: =F11-F12-F13 -> 153484507529 | G14: =G11-G12-G13 -> 0 | H14: =H11-H12-H13 -> 1709305977 | I14: =I11-I12-I13 -> 3787180450 | J14: =J11-J12-J13 -> 7784732715 | K14: =K11-K12-K13 -> 166765726671 | L14: =L11-L12-L13 -> 6.6246869e+10 | M14: =M11-M12-M13 -> 0 | ... O14: =O11-O12-O13 -> 9.0182436e+10 | P14: =O14/K14 -> 0.5407732
C16: X2 | D16: BEBAN KLAIM
A17: 22 | B17: 13 | E17: Beban Klaim | F17: 151625659785 | G17: 1294117808 | H17: 156790885 | I17: 1592120829 | J17: 17171350143 | K17: =SUM(F17:J17) -> 171840039450 | L17: 5.0206005e+10 | M17: 297554420 | N17: 3.7477193e+10 | O17: =SUM(L17:N17) -> 8.7980753e+10 | P17: =O17/K17 -> 0.51199216
A18: 24 | B18: 14 | E18: Kenaikan (Penurunan) Cadangan Klaim | F18: 2087831866 | G18: -320525468 | H18: 573231291 | I18: 45281226 | J18: 3760153971 | K18: =SUM(F18:J18) -> 6145972886 | L18: 2.3003485e+09 | M18: -320525468 | N18: 1.491054e+09 | O18: =SUM(L18:N18) -> 3.470877e+09 | P18: =O18/K18 -> 0.56474005
A19: 32 | B19: 15 | E19: Pendapatan Subrogasi | F19: 40935666622 | G19: 4443882066 | H19: 26048340 | I19: 53152695 | J19: 14103682420 | K19: =SUM(F19:J19) -> 59562432143 | L19: 1.3785695e+10 | M19: 1268095741 | N19: 7.059753e+09 | O19: =SUM(L19:N19) -> 2.2113544e+10 | P19: =O19/K19 -> 0.37126664
A20: 37 | B20: 16 | E20: Beban Komisi Netto | F20: 2396724198 | G20: 0 | H20: 41053155 | I20: 101532380 | J20: 1756397793 | K20: =SUM(F20:J20) -> 4295707526 | L20: 1.1876769e+09 | M20: 0 | N20: 5.0546625e+08 | O20: =SUM(L20:N20) -> 1.6931432e+09 | P20: =O20/K20 -> 0.39414768
C21: Y2 | E21: JUMLAH BEBAN KLAIM | F21: =F17+F18-F19-F20 -> 110381100831 | G21: =G17+G18-G19-G20 -> -3470289726 | H21: =H17+H18-H19-H20 -> 662920681 | I21: =I17+I18-I19-I20 -> 1482716980 | J21: =J17+J18-J19-J20 -> 5071423901 | K21: =K17+K18-K19-K20 -> 114127872667 | L21: =L17+L18-L19-L20 -> 3.7532981e+10 | M21: =M17+M18-M19-M20 -> -1291066789 | ... O21: =O17+O18-O19-O20 -> 6.7644942e+10 | P21: =O21/K21 -> 0.59271185
C23: X1 | D23: PENJAMINAN BERSIH | F23: =F14-F21 -> 43103406698 | G23: =G14-G21 -> 3470289726 | H23: =H14-H21 -> 1046385296 | I23: =I14-I21 -> 2304463470 | J23: =J14-J21 -> 2713308814 | K23: =K14-K21 -> 52637854004 | L23: =L14-L21 -> 2.8713887e+10 | M23: =M14-M21 -> 1291066789 | ... O23: =O14-O21 -> 2.2537494e+10 | P23: =O23/K23 -> 0.42816134
B25: 19 | C25: X1 | D25: PENDAPATAN INVESTASI BERSIH | F25: 0 | G25: 0 | H25: 0 | I25: 0 | J25: 0 | K25: 0 | O25: 0 | P25: 0
C27: X1 | D27: BEBAN USAHA
C28: X2 | E28: BEBAN KARYAWAN
A29: 94 | E29: Beban gaji karyawan | F29: 1373594926 | G29: 0 | H29: 28166228 | I29: 36250676 | J29: 159503313 | K29: =SUM(F29:J29) -> 1597515143 | L29: 5.8618355e+08 | N29: 2.5738991e+08 | O29: =SUM(L29:N29) -> 843573458 | P29: =O29/K29 -> 0.5280535
A30: 95 | E30: Beban lembur karyawan | F30: 43007556 | G30: 0 | H30: 881891 | I30: 1135017 | J30: 4994083 | K30: =SUM(F30:J30) -> 50018547 | L30: 13063149 | N30: 6360182.3 | O30: =SUM(L30:N30) -> 19423331 | P30: =O30/K30 -> 0.38832258
A31: 96 | E31: Beban asuransi kesehatan karyawan | F31: 192494242 | G31: 0 | H31: 3947187 | I31: 5080134 | J31: 22352637 | K31: =SUM(F31:J31) -> 223874200 | L31: 8343150 | N31: 3656850 | O31: =SUM(L31:N31) -> 12000000 | P31: =O31/K31 -> 0.053601532
A32: 97 | E32: Beban asuransi jiwa karyawan | F32: 8819257 | G32: 0 | H32: 180843 | I32: 232750 | J32: 1024102 | K32: =SUM(F32:J32) -> 10256952 | L32: 0 | N32: 0 | O32: =SUM(L32:N32) -> 0 | P32: =O32/K32 -> 0
A33: 100 | E33: Beban dana pensiun | F33: 139781686 | G33: 0 | H33: 2866291 | I33: 3688992 | J33: 16231599 | K33: =SUM(F33:J33) -> 162568568 | L33: 0 | N33: 0 | O33: =SUM(L33:N33) -> 0 | P33: =O33/K33 -> 0
A34: 101 | E34: Beban kompensasi kinerja karyawan | F34: 1320125564 | G34: 0 | H34: 27069812 | I34: 34839561 | J34: 153294394 | K34: =SUM(F34:J34) -> 1535329331 | L34: 7.175736e+08 | N34: 3.1511071e+08 | O34: =SUM(L34:N34) -> 1.0326843e+09 | P34: =O34/K34 -> 0.6726142
A35: 102 | E35: Biaya jasa kini karyawan | F35: 0 | G35: 0 | H35: 0 | I35: 0 | J35: 0 | K35: =SUM(F35:J35) -> 0 | L35: 0 | N35: 0 | O35: =SUM(L35:N35) -> 0 | P35: 0
A36: 103 | E36: Biaya jasa lalu karyawan | F36: 0 | G36: 0 | H36: 0 | I36: 0 | J36: 0 | K36: =SUM(F36:J36) -> 0 | L36: 0 | N36: 0 | O36: =SUM(L36:N36) -> 0 | P36: 0
A37: 104 | E37: Bunga atas imbalan pasca kerja karyawan | F37: 211364124 | G37: 0 | H37: 4334123 | I37: 5578131 | J37: 24543828 | K37: =SUM(F37:J37) -> 245820206 | L37: 0 | N37: 0 | O37: =SUM(L37:N37) -> 0 | P37: =O37/K37 -> 0
A38: 105 | E38: Beban BPJS kesehatan karyawan | F38: 53644310 | G38: 0 | H38: 1100002 | I38: 1415732 | J38: 6229235 | K38: =SUM(F38:J38) -> 62389279 | L38: 0 | N38: 0 | O38: =SUM(L38:N38) -> 0 | P38: =O38/K38 -> 0
A39: 106 | E39: Beban BPJS jaminan hari tua karyawan | F39: 76099765 | G39: 0 | H39: 1560462 | I39: 2008356 | J39: 8836786 | K39: =SUM(F39:J39) -> 88505369 | L39: 0 | N39: 0 | O39: =SUM(L39:N39) -> 0 | P39: =O39/K39 -> 0
A40: 107 | E40: Beban BPJS jaminan kecelakaan kerja dan jaminan kematian karyawan | F40: 11044568 | G40: 0 | H40: 226474 | I40: 291478 | J40: 1282507 | K40: =SUM(F40:J40) -> 12845027 | L40: 0 | N40: 0 | O40: =SUM(L40:N40) -> 0 | P40: =O40/K40 -> 0
A41: 108 | E41: Beban BPJS jaminan pensiun karyawan | F41: 25591071 | G41: 0 | H41: 524757 | I41: 675376 | J41: 2971663 | K41: =SUM(F41:J41) -> 29762867 | L41: 0 | N41: 0 | O41: =SUM(L41:N41) -> 0 | P41: =O41/K41 -> 0
A42: 109 | E42: Beban tunjangan hari raya karyawan | F42: 208448745 | G42: 0 | H42: 4274342 | I42: 5501191 | J42: 24205291 | K42: =SUM(F42:J42) -> 242429569 | L42: 2.1674183e+08 | N42: 99131618 | O42: =SUM(L42:N42) -> 3.1587345e+08 | P42: =O42/K42 -> 1.3029494
A43: 110 | E43: Beban tunjangan PPh 21 karyawan | F43: 1636557381 | G43: 0 | H43: 33558400 | I43: 43190544 | J43: 190038795 | K43: =SUM(F43:J43) -> 1903345120 | L43: 3.0354231e+08 | N43: 1.4581564e+08 | O43: =SUM(L43:N43) -> 4.4935795e+08 | P43: =O43/K43 -> 0.23608853
A44: 111 | E44: Beban tunjangan transportasi karyawan | F44: 32713050 | G44: 0 | H44: 670797 | I44: 863333 | J44: 3798674 | K44: =SUM(F44:J44) -> 38045854 | L44: 27000827 | N44: 11865840 | O44: =SUM(L44:N44) -> 38866667 | P44: =O44/K44 -> 1.0215743
A45: 112 | E45: Beban tunjangan jabatan | F45: 754992506 | G45: 0 | H45: 15481486 | I45: 19925080 | J45: 87670538 | K45: =SUM(F45:J45) -> 878069610 | L45: 3.4695236e+08 | N45: 1.5261431e+08 | O45: =SUM(L45:N45) -> 4.9956667e+08 | P45: =O45/K45 -> 0.56893743
A46: 113 | E46: Beban tunjangan cuti besar | F46: 17568241 | G46: 0 | H46: 360245 | I46: 463645 | J46: 2040043 | K46: =SUM(F46:J46) -> 20432174 | L46: 0 | N46: 0 | O46: =SUM(L46:N46) -> 0 | P46: =O46/K46 -> 0
A47: 114 | E47: Beban tunjangan cuti tahunan | F47: 168557514 | G47: 0 | H47: 3456353 | I47: 4448418 | J47: 19573079 | K47: =SUM(F47:J47) -> 196035364 | L47: 0 | N47: 0 | O47: =SUM(L47:N47) -> 0 | P47: =O47/K47 -> 0
A48: 115 | E48: Beban tunjangan makan | F48: 193643098 | G48: 0 | H48: 3970745 | I48: 5110454 | J48: 22486044 | K48: =SUM(F48:J48) -> 225210341 | L48: 1.1794857e+08 | N48: 50359431 | O48: =SUM(L48:N48) -> 168308000 | P48: =O48/K48 -> 0.74733691
A49: 124 | E49: Beban Tunjangan Pakaian Kerja | F49: 45514555 | G49: 0 | H49: 933298 | I49: 1201179 | J49: 5285199 | K49: =SUM(F49:J49) -> 52934231 | L49: 0 | N49: 0 | O49: =SUM(L49:N49) -> 0 | P49: =O49/K49 -> 0
A50: 143 | E50: Beban kompensasi PKWT/PKWTT | F50: 0 | G50: 0 | H50: 0 | I50: 0 | J50: 0 | K50: =SUM(F50:J50) -> 0 | L50: 0 | N50: 0 | O50: =SUM(L50:N50) -> 0 | P50: 0
A51: 0 | E51: Beban tunjangan lainnya | F51: 97601340 | G51: 0 | H51: 2001363 | I51: 2575806 | J51: 11333572 | K51: =SUM(F51:J51) -> 113512081 | L51: 63692204 | N51: 28199463 | O51: =SUM(L51:N51) -> 91891667 | P51: =O51/K51 -> 0.80953204
B52: 21 | C52: Y2 | E52: Total Beban Karyawan | F52: =SUM(F29:F51) -> 6611163499 | G52: =SUM(G29:G51) -> 0 | H52: =SUM(H29:H51) -> 135565099 | I52: =SUM(I29:I51) -> 174475853 | J52: =SUM(J29:J51) -> 767695382 | K52: =SUM(K29:K51) -> 7688899833 | L52: =SUM(L29:L51) -> 2.4010415e+09 | M52: =SUM(M29:M51) -> 0 | ... O52: =SUM(O29:O51) -> 3.4715455e+09 | P52: =O52/K52 -> 0.45150094
C54: X2 | E54: BEBAN ADMINISTRASI & UMUM
A55: 169 | E55: Imbal jasa profesional - akuntan publik | F55: 0 | G55: 0 | H55: 0 | I55: 0 | J55: 0 | K55: =SUM(F55:J55) -> 0 | L55: 0 | N55: 0 | O55: =SUM(L55:N55) -> 0 | P55: 0
A56: 171 | E56: Imbal jasa profesional - konsultan hukum | F56: 0 | G56: 0 | H56: 0 | I56: 0 | J56: 0 | K56: =SUM(F56:J56) -> 0 | L56: 0 | N56: 0 | O56: =SUM(L56:N56) -> 0 | P56: 0
A57: 175 | E57: Imbal jasa profesional - konsultan manajemen (SDM, SOP, Akuntansi dll) | F57: 0 | G57: 0 | H57: 0 | I57: 0 | J57: 0 | K57: =SUM(F57:J57) -> 0 | L57: 0 | N57: 0 | O57: =SUM(L57:N57) -> 0 | P57: 0
A58: 176 | E58: Beban imbal jasa profesional IT | F58: 0 | G58: 0 | H58: 0 | I58: 0 | J58: 0 | K58: =SUM(F58:J58) -> 0 | L58: 0 | N58: 0 | O58: =SUM(L58:N58) -> 0 | P58: 0
A59: 177 | E59: Imbal jasa profesional - lainnya | F59: 0 | G59: 0 | H59: 0 | I59: 0 | J59: 0 | K59: =SUM(F59:J59) -> 0 | L59: 0 | N59: 0 | O59: =SUM(L59:N59) -> 0 | P59: 0
A60: 179 | E60: Air, listrik dan utilitas - gedung | F60: 62905579 | G60: 0 | H60: 1289909 | I60: 1660147 | J60: 7304663 | K60: =SUM(F60:J60) -> 73160298 | L60: 41076053 | N60: 17902098 | O60: =SUM(L60:N60) -> 58978151 | P60: =O60/K60 -> 0.80614968
A61: 180 | E61: Air, listrik dan utilitas - rumah dinas | F61: 9390882 | G61: 0 | H61: 192565 | I61: 247836 | J61: 1090479 | K61: =SUM(F61:J61) -> 10921762 | L61: 4605260 | N61: 2068140 | O61: =SUM(L61:N61) -> 6673400 | P61: =O61/K61 -> 0.61101863
A62: 181 | E62: Pemasaran | F62: 446963084 | G62: 0 | H62: 9165194 | I62: 11795846 | J62: 51901832 | K62: =SUM(F62:J62) -> 519825956 | L62: 2.2815429e+08 | N62: 1.0673992e+08 | O62: =SUM(L62:N62) -> 3.3489422e+08 | P62: =O62/K62 -> 0.64424297
A63: 134 | E63: Beban pelatihan manajemen | F63: 0 | G63: 0 | H63: 0 | I63: 0 | J63: 0 | K63: =SUM(F63:J63) -> 0 | L63: 0 | N63: 0 | O63: =SUM(L63:N63) -> 0 | P63: 0
A64: 132 | E64: Beban pelatihan karyawan - insidentil | F64: 0 | G64: 0 | H64: 0 | I64: 0 | J64: 0 | K64: =SUM(F64:J64) -> 0 | L64: 0 | N64: 0 | O64: =SUM(L64:N64) -> 0 | P64: 0
A65: 133 | E65: Beban pelatihan karyawan - leadership | F65: 0 | G65: 0 | H65: 0 | I65: 0 | J65: 0 | K65: =SUM(F65:J65) -> 0 | L65: 0 | N65: 0 | O65: =SUM(L65:N65) -> 0 | P65: 0
A66: 182 | E66: Beban pelatihan karyawan - TNA | F66: 0 | G66: 0 | H66: 0 | I66: 0 | J66: 0 | K66: =SUM(F66:J66) -> 0 | L66: 0 | N66: 0 | O66: =SUM(L66:N66) -> 0 | P66: 0
A67: 137 | E67: Beban sertifikasi | F67: 0 | G67: 0 | H67: 0 | I67: 0 | J67: 0 | K67: =SUM(F67:J67) -> 0 | L67: 0 | N67: 0 | O67: =SUM(L67:N67) -> 0 | P67: 0
A68: 129 | E68: Beban perekrutan karyawan | F68: 0 | G68: 0 | H68: 0 | I68: 0 | J68: 0 | K68: =SUM(F68:J68) -> 0 | L68: 0 | N68: 0 | O68: =SUM(L68:N68) -> 0 | P68: 0
A69: 5 | E69: Beban uang saku magang | F69: 0 | G69: 0 | H69: 0 | I69: 0 | J69: 0 | K69: =SUM(F69:J69) -> 0 | L69: 0 | N69: 0 | O69: =SUM(L69:N69) -> 0 | P69: 0
A70: 183 | E70: Akomodasi dinas dalam negeri | F70: 88305142 | G70: 0 | H70: 1810740 | I70: 2330470 | J70: 10254088 | K70: =SUM(F70:J70) -> 102700440 | L70: 22031578 | N70: 9173109.3 | O70: =SUM(L70:N70) -> 31204687 | P70: =O70/K70 -> 0.3038418
A71: 184 | E71: Tranportasi dinas dalam negeri | F71: 8323041 | G71: 0 | H71: 170668 | I71: 219654 | J71: 966480 | K71: =SUM(F71:J71) -> 9679843 | L71: 15882731 | N71: 7066943.2 | O71: =SUM(L71:N71) -> 22949674 | P71: =O71/K71 -> 2.3708725
A72: 185 | E72: Tunjangan perjalanan dinas dalam negeri | F72: 46865884 | G72: 0 | H72: 961008 | I72: 1236842 | J72: 5442117 | K72: =SUM(F72:J72) -> 54505851 | L72: 54589570 | N72: 24510430 | O72: =SUM(L72:N72) -> 79100000 | P72: =O72/K72 -> 1.4512203
A73: 186 | E73: Akomodasi dinas luar negeri | F73: 0 | G73: 0 | H73: 0 | I73: 0 | J73: 0 | K73: =SUM(F73:J73) -> 0 | L73: 0 | N73: 0 | O73: =SUM(L73:N73) -> 0 | P73: 0
A74: 187 | E74: Tranportasi dinas luar negeri | F74: 0 | G74: 0 | H74: 0 | I74: 0 | J74: 0 | K74: =SUM(F74:J74) -> 0 | L74: 0 | N74: 0 | O74: =SUM(L74:N74) -> 0 | P74: 0
A75: 188 | E75: Tunjangan perjalanan dinas luar negeri | F75: 0 | G75: 0 | H75: 0 | I75: 0 | J75: 0 | K75: =SUM(F75:J75) -> 0 | L75: 0 | N75: 0 | O75: =SUM(L75:N75) -> 0 | P75: 0
A76: 189 | E76: Percetakan dan inventaris kantor | F76: 128875222 | G76: 0 | H76: 2642649 | I76: 3401158 | J76: 14965129 | K76: =SUM(F76:J76) -> 149884158 | L76: 64498559 | N76: 28735141 | O76: =SUM(L76:N76) -> 93233700 | P76: =O76/K76 -> 0.62203839
A77: 190 | E77: Telepon, fax dan komunikasi - gedung | F77: 20525825 | G77: 0 | H77: 420892 | I77: 541699 | J77: 2383481 | K77: =SUM(F77:J77) -> 23871897 | L77: 26897370 | N77: 11832478 | O77: =SUM(L77:N77) -> 38729848 | P77: =O77/K77 -> 1.6224034
A78: 192 | E78: Telepon, fax dan komunikasi - rumah dinas | F78: 4728599 | G78: 0 | H78: 96962 | I78: 124793 | J78: 549090 | K78: =SUM(F78:J78) -> 5499444 | L78: 1902806.4 | N78: 839093.68 | O78: =SUM(L78:N78) -> 2741900 | P78: =O78/K78 -> 0.49857768
A79: 193 | E79: Bensin dan parkir | F79: 22095102 | G79: 0 | H79: 453071 | I79: 583114 | J79: 2565707 | K79: =SUM(F79:J79) -> 25696994 | L79: 34206029 | N79: 15826538 | O79: =SUM(L79:N79) -> 50032567 | P79: =O79/K79 -> 1.9470202
A80: 204 | E80: Beban pemeliharaan kendaraan | F80: 106595790 | G80: 0 | H80: 2185798 | I80: 2813180 | J80: 12378017 | K80: =SUM(F80:J80) -> 123972785 | L80: 47577523 | N80: 21078261 | O80: =SUM(L80:N80) -> 68655784 | P80: =O80/K80 -> 0.55379722
A81: 194 | E81: Beban penggunaan Data Center | F81: 0 | G81: 0 | H81: 0 | I81: 0 | J81: 0 | K81: =SUM(F81:J81) -> 0 | L81: 0 | N81: 0 | O81: =SUM(L81:N81) -> 0 | P81: 0
A82: 195 | E82: Beban jaringan dan konektivitas | F82: 0 | G82: 0 | H82: 0 | I82: 0 | J82: 0 | K82: =SUM(F82:J82) -> 0 | L82: 0 | N82: 0 | O82: =SUM(L82:N82) -> 0 | P82: 0
A83: 196 | E83: Beban penyewaan peralatan IT | F83: 0 | G83: 0 | H83: 0 | I83: 0 | J83: 0 | K83: =SUM(F83:J83) -> 0 | L83: 0 | N83: 0 | O83: =SUM(L83:N83) -> 0 | P83: 0
A84: 197 | E84: Beban pemeliharaan peralatan IT | F84: 0 | G84: 0 | H84: 0 | I84: 0 | J84: 0 | K84: =SUM(F84:J84) -> 0 | L84: 0 | N84: 0 | O84: =SUM(L84:N84) -> 0 | P84: 0
A85: 198 | E85: Beban pemeliharaan perangkat lunak IT | F85: 0 | G85: 0 | H85: 0 | I85: 0 | J85: 0 | K85: =SUM(F85:J85) -> 0 | L85: 0 | N85: 0 | O85: =SUM(L85:N85) -> 0 | P85: 0
A86: 202 | E86: Beban pemeliharaan gedung | F86: 103898926 | G86: 0 | H86: 2130498 | I86: 2742007 | J86: 12064855 | K86: =SUM(F86:J86) -> 120836286 | L86: 46073841 | N86: 21660809 | O86: =SUM(L86:N86) -> 67734650 | P86: 0
A87: 203 | E87: Beban pemeliharaan rumah dinas | F87: 2227419 | G87: 0 | H87: 45674 | I87: 58784 | J87: 258650 | K87: =SUM(F87:J87) -> 2590527 | L87: 0 | N87: 0 | O87: =SUM(L87:N87) -> 0 | P87: =O87/K87 -> 0
A88: 205 | E88: Beban pemeliharaan mesin dan peralatan | F88: 36237013 | G88: 0 | H88: 743057 | I88: 956335 | J88: 4207881 | K88: =SUM(F88:J88) -> 42144286 | L88: 23861073 | N88: 11155182 | O88: =SUM(L88:N88) -> 35016255 | P88: =O88/K88 -> 0.83086602
A89: 206 | E89: Beban pemeliharaan renovasi dan instalasi | F89: 0 | G89: 0 | H89: 0 | I89: 0 | J89: 0 | K89: =SUM(F89:J89) -> 0 | L89: 0 | N89: 0 | O89: =SUM(L89:N89) -> 0 | P89: 0
A90: 244 | E90: Beban aset bernilai rendah | F90: 9988572 | G90: 0 | H90: 204821 | I90: 263609 | J90: 1159884 | K90: =SUM(F90:J90) -> 11616886 | L90: 7847148.2 | N90: 3979751.8 | O90: =SUM(L90:N90) -> 11826900 | P90: =O90/K90 -> 1.0180783
A91: 213 | E91: Beban pemeliharaan lainnya | F91: 0 | G91: 0 | H91: 0 | I91: 0 | J91: 0 | K91: =SUM(F91:J91) -> 0 | L91: 0 | N91: 0 | O91: =SUM(L91:N91) -> 0 | P91: 0
A92: 207 | E92: Beban pemeliharaan gedung sewa | F92: 0 | G92: 0 | H92: 0 | I92: 0 | J92: 0 | K92: =SUM(F92:J92) -> 0 | L92: 0 | N92: 0 | O92: =SUM(L92:N92) -> 0 | P92: 0
A93: 208 | E93: Beban pemeliharaan gudang sewa | F93: 0 | G93: 0 | H93: 0 | I93: 0 | J93: 0 | K93: =SUM(F93:J93) -> 0 | L93: 0 | N93: 0 | O93: =SUM(L93:N93) -> 0 | P93: 0
A94: 209 | E94: Beban pemeliharaan rumah dinas sewa | F94: 0 | G94: 0 | H94: 0 | I94: 0 | J94: 0 | K94: =SUM(F94:J94) -> 0 | L94: 0 | N94: 0 | O94: =SUM(L94:N94) -> 0 | P94: 0
A95: 211 | E95: Beban pemeliharaan peralatan sewa | F95: 0 | G95: 0 | H95: 0 | I95: 0 | J95: 0 | K95: =SUM(F95:J95) -> 0 | L95: 0 | N95: 0 | O95: =SUM(L95:N95) -> 0 | P95: 0
A96: 212 | E96: Beban pemeliharaan aset sewa lainnya | F96: 0 | G96: 0 | H96: 0 | I96: 0 | J96: 0 | K96: =SUM(F96:J96) -> 0 | L96: 0 | N96: 0 | O96: =SUM(L96:N96) -> 0 | P96: 0
A97: 214 | E97: Sewa kantor | F97: 189495774 | G97: 0 | H97: 3885702 | I97: 5001001 | J97: 22004452 | K97: =SUM(F97:J97) -> 220386929 | L97: 13003081 | N97: 5965673.1 | O97: =SUM(L97:N97) -> 18968754 | P97: =O97/K97 -> 0.086070232
A98: 215 | E98: Sewa gudang | F98: 0 | G98: 0 | H98: 0 | I98: 0 | J98: 0 | K98: =SUM(F98:J98) -> 0 | L98: 0 | N98: 0 | O98: =SUM(L98:N98) -> 0 | P98: 0
A99: 216 | E99: Sewa kendaraan | F99: 43884781 | G99: 0 | H99: 899879 | I99: 1158167 | J99: 5095948 | K99: =SUM(F99:J99) -> 51038775 | L99: 17980394 | N99: 7657227.2 | O99: =SUM(L99:N99) -> 25637621 | P99: =O99/K99 -> 0.50231654
A100: 210 | E100: Beban pemeliharaan kendaraan sewa | F100: 0 | G100: 0 | H100: 0 | I100: 0 | J100: 0 | K100: =SUM(F100:J100) -> 0 | L100: 0 | N100: 0 | O100: =SUM(L100:N100) -> 0 | P100: 0
A101: 217 | E101: Sewa peralatan | F101: 110582938 | G101: 0 | H101: 2267557 | I101: 2918405 | J101: 12841009 | K101: =SUM(F101:J101) -> 128609909 | L101: 1.2015815e+08 | N101: 52841406 | O101: =SUM(L101:N101) -> 172999557 | P101: =O101/K101 -> 1.3451495
A102: 218 | E102: Sewa rumah dinas | F102: 21347985 | G102: 0 | H102: 437751 | I102: 563397 | J102: 2478951 | K102: =SUM(F102:J102) -> 24828084 | L102: 0 | N102: 0 | O102: =SUM(L102:N102) -> 0 | P102: =O102/K102 -> 0
A103: 219 | E103: Biaya service charge | F103: 0 | G103: 0 | H103: 0 | I103: 0 | J103: 0 | K103: =SUM(F103:J103) -> 0 | L103: 0 | N103: 0 | O103: =SUM(L103:N103) -> 0 | P103: 0
A104: 220 | E104: Sewa lainnya | F104: 0 | G104: 0 | H104: 0 | I104: 0 | J104: 0 | K104: =SUM(F104:J104) -> 0 | L104: 0 | N104: 0 | O104: =SUM(L104:N104) -> 0 | P104: 0
A105: 0 | E105: Beban CKPN | F105: 0 | G105: 0 | H105: 0 | I105: 0 | J105: 0 | K105: =SUM(F105:J105) -> 0 | L105: 0 | N105: 0 | O105: =SUM(L105:N105) -> 0 | P105: 0
A106: 225 | E106: Beban pengumpulan informasi dan pengelolaan data | F106: 0 | G106: 0 | H106: 0 | I106: 0 | J106: 0 | K106: =SUM(F106:J106) -> 0 | L106: 0 | N106: 0 | O106: =SUM(L106:N106) -> 0 | P106: 0
A107: 229 | E107: Beban pengelolaan dana dan investasi | F107: 0 | G107: 0 | H107: 0 | I107: 0 | J107: 0 | K107: =SUM(F107:J107) -> 0 | L107: 0 | N107: 0 | O107: =SUM(L107:N107) -> 0 | P107: 0
A108: 230 | E108: Beban penelitian dan pengembangan | F108: 0 | G108: 0 | H108: 0 | I108: 0 | J108: 0 | K108: =SUM(F108:J108) -> 0 | L108: 0 | N108: 0 | O108: =SUM(L108:N108) -> 0 | P108: 0
...
