Workbook

Sheet Detail Absensi Harian
A1: DETAIL ABSENSI HARIAN KARYAWAN
A2: Periode: 1 Agustus 2026 s/d 31 Agustus 2026
A4: Keterangan Kode: | B4: H = Hadir Tepat Waktu | C4: TL = Terlambat | D4: I = Izin | E4: A = Alpha | F4: I = Izin | H4: S = Sakit | K4: TAP = Tdk Absen Pulang | P4: OFF = Libur / Weekend | T4: TPA = Masuk tapi tidak absen | Y4: TAM = Tdk Absen Masuk | AC4: TAP = Tdk Absen Pulang
A6: No | B6: NPP | C6: Nama Karyawan | D6: Jabatan | E6: Bagian | F6: 1 | G6: 2 | H6: 3 | I6: 4 | J6: 5 | K6: 6 | L6: 7 | M6: 8 | N6: 9 | O6: 10 | P6: 11 | Q6: 12 | R6: 13 | S6: 14 | T6: 15 | U6: 16 | V6: 17 | W6: 18 | X6: 19 | Y6: 20 | Z6: 21 | AA6: 22 | AB6: 23 | AC6: 24 | AD6: 25 | AE6: 26 | AF6: 27 | AG6: 28 | AH6: 29 | AI6: 30 | AJ6: 31 | AK6: Total Hadir
F7: OFF | G7: OFF | H7: KRJ | I7: KRJ | J7: KRJ | K7: KRJ | L7: KRJ | M7: OFF | N7: OFF | O7: KRJ | P7: KRJ | Q7: KRJ | R7: KRJ | S7: KRJ | T7: OFF | U7: OFF | V7: LIBUR | W7: KRJ | X7: KRJ | Y7: KRJ | Z7: KRJ | AA7: OFF | AB7: OFF | AC7: KRJ | AD7: LIBUR | AE7: KRJ | AF7: KRJ | AG7: KRJ | AH7: OFF | AI7: OFF | AJ7: KRJ
A8: 1 | B8: 00283 | C8: M. Robith Azmi | D8: Pemimpin Wilayah | E8: Pemimpin Wilayah | F8: OFF | G8: OFF | H8: H | I8: H | J8: H | K8: H | L8: H | M8: OFF | N8: OFF | O8: H | P8: H | Q8: H | R8: H | S8: H | T8: OFF | U8: OFF | V8: OFF | W8: H | X8: H | Y8: H | Z8: TAP | AA8: OFF | AB8: OFF | AC8: TPA | AD8: OFF | AE8: H | AF8: H | AG8: H | AH8: OFF | AI8: OFF | AJ8: TAM | AK8: =COUNTIF(F8:AJ8, "H") + COUNTIF(F8:AJ8, "TL") + COUNTIF(F8:AJ8, "TAM") + COUNTIF(F8:AJ8, "TAP") + COUNTIF(F8:AJ8, "TPA") -> 19
A9: 2 | B9: 00598 | C9: Antoro Asih | D9: Wakil Pemimpin Wilayah | E9: Wakil Pemimpin Wilayah | F9: OFF | G9: OFF | H9: TAP | I9: TAM | J9: TAM | K9: H | L9: TPA | M9: OFF | N9: OFF | O9: H | P9: TAP | Q9: H | R9: H | S9: H | T9: OFF | U9: OFF | V9: OFF | W9: TAM | X9: TPA | Y9: H | Z9: TAP | AA9: OFF | AB9: OFF | AC9: TPA | AD9: OFF | AE9: H | AF9: H | AG9: H | AH9: OFF | AI9: OFF | AJ9: H | AK9: =COUNTIF(F9:AJ9, "H") + COUNTIF(F9:AJ9, "TL") + COUNTIF(F9:AJ9, "TAM") + COUNTIF(F9:AJ9, "TAP") + COUNTIF(F9:AJ9, "TPA") -> 19
A10: 3 | B10: 00193 | C10: Aneka Prasyanti W.S | D10: Kepala Bagian | E10: Operasional | F10: OFF | G10: OFF | H10: H | I10: H | J10: H | K10: H | L10: H | M10: OFF | N10: OFF | O10: H | P10: H | Q10: H | R10: H | S10: H | T10: OFF | U10: OFF | V10: OFF | W10: H | X10: H | Y10: H | Z10: H | AA10: OFF | AB10: OFF | AC10: H | AD10: OFF | AE10: H | AF10: H | AG10: H | AH10: OFF | AI10: OFF | AJ10: H | AK10: =COUNTIF(F10:AJ10, "H") + COUNTIF(F10:AJ10, "TL") + COUNTIF(F10:AJ10, "TAM") + COUNTIF(F10:AJ10, "TAP") + COUNTIF(F10:AJ10, "TPA") -> 19
A11: 4 | B11: 00174 | C11: Hilmiyah Fitriana | D11: Kepala Bagian | E11: Klaim dan Subrogasi | F11: OFF | G11: OFF | H11: H | I11: H | J11: H | K11: H | L11: H | M11: OFF | N11: OFF | O11: H | P11: H | Q11: H | R11: H | S11: H | T11: OFF | U11: OFF | V11: OFF | W11: H | X11: H | Y11: H | Z11: H | AA11: OFF | AB11: OFF | AC11: H | AD11: OFF | AE11: H | AF11: H | AG11: H | AH11: OFF | AI11: OFF | AJ11: H | AK11: =COUNTIF(F11:AJ11, "H") + COUNTIF(F11:AJ11, "TL") + COUNTIF(F11:AJ11, "TAM") + COUNTIF(F11:AJ11, "TAP") + COUNTIF(F11:AJ11, "TPA") -> 19
A12: 5 | B12: 00606 | C12: Deni Tri Kuncoro | D12: Kepala Bagian | E12: Bisnis | F12: OFF | G12: OFF | H12: H | I12: H | J12: H | K12: H | L12: H | M12: OFF | N12: OFF | O12: H | P12: H | Q12: H | R12: TAP | S12: H | T12: OFF | U12: OFF | V12: OFF | W12: H | X12: H | Y12: H | Z12: TAP | AA12: OFF | AB12: OFF | AC12: I | AD12: OFF | AE12: H | AF12: H | AG12: H | AH12: OFF | AI12: OFF | AJ12: TAP | AK12: =COUNTIF(F12:AJ12, "H") + COUNTIF(F12:AJ12, "TL") + COUNTIF(F12:AJ12, "TAM") + COUNTIF(F12:AJ12, "TAP") + COUNTIF(F12:AJ12, "TPA") -> 18
A13: 6 | B13: 00452 | C13: Kemal Rismandaru | D13: Fungsional | E13: Klaim dan Subrogasi | F13: OFF | G13: OFF | H13: TL | I13: TL | J13: TL | K13: TL | L13: H | M13: OFF | N13: OFF | O13: H | P13: H | Q13: TL | R13: TL | S13: H | T13: OFF | U13: OFF | V13: OFF | W13: H | X13: H | Y13: H | Z13: H | AA13: OFF | AB13: OFF | AC13: H | AD13: OFF | AE13: H | AF13: H | AG13: H | AH13: OFF | AI13: OFF | AJ13: H | AK13: =COUNTIF(F13:AJ13, "H") + COUNTIF(F13:AJ13, "TL") + COUNTIF(F13:AJ13, "TAM") + COUNTIF(F13:AJ13, "TAP") + COUNTIF(F13:AJ13, "TPA") -> 19
A14: 7 | B14: 00175 | C14: Irgun Wahju Drijanto | D14: Fungsional | E14: Operasional | F14: OFF | G14: OFF | H14: H | I14: H | J14: H | K14: TL | L14: TL | M14: OFF | N14: OFF | O14: TPA | P14: TL | Q14: H | R14: H | S14: H | T14: OFF | U14: OFF | V14: OFF | W14: TL | X14: H | Y14: H | Z14: H | AA14: OFF | AB14: OFF | AC14: TAM | AD14: OFF | AE14: H | AF14: TL | AG14: TL | AH14: OFF | AI14: OFF | AJ14: TL | AK14: =COUNTIF(F14:AJ14, "H") + COUNTIF(F14:AJ14, "TL") + COUNTIF(F14:AJ14, "TAM") + COUNTIF(F14:AJ14, "TAP") + COUNTIF(F14:AJ14, "TPA") -> 19
A15: 8 | B15: 01098 | C15: Dhia Shofiah Mardiana | D15: Staf | E15: Bisnis | F15: OFF | G15: OFF | H15: H | I15: H | J15: H | K15: H | L15: H | M15: OFF | N15: OFF | O15: S | P15: C | Q15: H | R15: H | S15: H | T15: OFF | U15: OFF | V15: OFF | W15: H | X15: H | Y15: H | Z15: H | AA15: OFF | AB15: OFF | AC15: H | AD15: OFF | AE15: H | AF15: H | AG15: H | AH15: OFF | AI15: OFF | AJ15: H | AK15: =COUNTIF(F15:AJ15, "H") + COUNTIF(F15:AJ15, "TL") + COUNTIF(F15:AJ15, "TAM") + COUNTIF(F15:AJ15, "TAP") + COUNTIF(F15:AJ15, "TPA") -> 17
A16: 9 | B16: 01337 | C16: Faridatul Mukhodaroh | D16: Staf | E16: Klaim dan Subrogasi | F16: OFF | G16: OFF | H16: TL | I16: TL | J16: H | K16: TAP | L16: TL | M16: OFF | N16: OFF | O16: H | P16: H | Q16: H | R16: H | S16: H | T16: OFF | U16: OFF | V16: OFF | W16: H | X16: H | Y16: TL | Z16: H | AA16: OFF | AB16: OFF | AC16: H | AD16: OFF | AE16: H | AF16: H | AG16: H | AH16: OFF | AI16: OFF | AJ16: H | AK16: =COUNTIF(F16:AJ16, "H") + COUNTIF(F16:AJ16, "TL") + COUNTIF(F16:AJ16, "TAM") + COUNTIF(F16:AJ16, "TAP") + COUNTIF(F16:AJ16, "TPA") -> 19
A17: 10 | B17: 01413 | C17: Muhammad Khoirudin | D17: Staf | E17: Klaim dan Subrogasi | F17: OFF | G17: OFF | H17: H | I17: H | J17: H | K17: H | L17: H | M17: OFF | N17: OFF | O17: H | P17: H | Q17: H | R17: H | S17: H | T17: OFF | U17: OFF | V17: OFF | W17: H | X17: H | Y17: H | Z17: H | AA17: OFF | AB17: OFF | AC17: H | AD17: OFF | AE17: H | AF17: H | AG17: H | AH17: OFF | AI17: OFF | AJ17: H | AK17: =COUNTIF(F17:AJ17, "H") + COUNTIF(F17:AJ17, "TL") + COUNTIF(F17:AJ17, "TAM") + COUNTIF(F17:AJ17, "TAP") + COUNTIF(F17:AJ17, "TPA") -> 19
A18: 11 | B18: 00579 | C18: Alfan Andrianto | D18: Staf | E18: Klaim dan Subrogasi | F18: OFF | G18: OFF | H18: H | I18: H | J18: H | K18: H | L18: H | M18: OFF | N18: OFF | O18: H | P18: H | Q18: H | R18: H | S18: H | T18: OFF | U18: OFF | V18: OFF | W18: H | X18: H | Y18: H | Z18: H | AA18: OFF | AB18: OFF | AC18: H | AD18: OFF | AE18: H | AF18: H | AG18: H | AH18: OFF | AI18: OFF | AJ18: H | AK18: =COUNTIF(F18:AJ18, "H") + COUNTIF(F18:AJ18, "TL") + COUNTIF(F18:AJ18, "TAM") + COUNTIF(F18:AJ18, "TAP") + COUNTIF(F18:AJ18, "TPA") -> 19
A19: 12 | B19: 01035 | C19: Indro Hartanto | D19: Staf | E19: Operasional | F19: OFF | G19: OFF | H19: H | I19: H | J19: C | K19: C | L19: C | M19: OFF | N19: OFF | O19: C | P19: C | Q19: C | R19: C | S19: C | T19: OFF | U19: OFF | V19: OFF | W19: C | X19: C | Y19: H | Z19: H | AA19: OFF | AB19: OFF | AC19: H | AD19: OFF | AE19: H | AF19: H | AG19: H | AH19: OFF | AI19: OFF | AJ19: H | AK19: =COUNTIF(F19:AJ19, "H") + COUNTIF(F19:AJ19, "TL") + COUNTIF(F19:AJ19, "TAM") + COUNTIF(F19:AJ19, "TAP") + COUNTIF(F19:AJ19, "TPA") -> 9
... A23: 16 | B23: 90870 | C23: Angger Wicaksono | D23: PKWT | E23: Operasional | F23: OFF | G23: OFF | H23: H | I23: H | J23: H | K23: H | L23: H | M23: OFF | N23: OFF | O23: H | P23: H | Q23: H | R23: H | S23: H | T23: OFF | U23: OFF | V23: OFF | W23: H | X23: H | Y23: H | Z23: H | AA23: OFF | AB23: OFF | AC23: H | AD23: OFF | AE23: H | AF23: H | AG23: H | AH23: OFF | AI23: OFF | AJ23: H | AK23: =COUNTIF(F23:AJ23, "H") + COUNTIF(F23:AJ23, "TL") + COUNTIF(F23:AJ23, "TAM") + COUNTIF(F23:AJ23, "TAP") + COUNTIF(F23:AJ23, "TPA") -> 19
C24: Rata-rata | AK24: =SUM(AK8:AK23) -> 290

Sheet Rekap Absensi Agustus 2026
A1: REKAPITULASI PRESENSI KARYAWAN
A3: Informasi Jam Kerja & Kalender:
A4: Total Hari Kalender | C4: Hari Off (Weekend) | E4: Tanggal Merah | G4: Hari Kerja Efektif
A5: 31 Hari | C5: 10 Hari | E5: 2 Hari | G5: 19 Hari
A8: No | B8: NIK | C8: Nama Karyawan | D8: Jabatan | E8: Departemen | F8: Hari Kerja Efektif | G8: Hadir Tepat Waktu | H8: Terlambat (TL) | I8: Izin / Sakit | J8: Alpha (Tanpa Ket.) | K8: Tidak Absen Masuk (TAM) | L8: Tidak Absen Pulang (TAP) | M8: Masuk Tdk Absen (TPA) | N8: Kehadiran Efektif (Hari) | O8: % Kehadiran | P8: % Ketepatan Waktu | Q8: Indeks Kedisiplinan
A9: 1 | B9: 00283 | C9: M. Robith Azmi | D9: Pemimpin Wilayah | E9: Pemimpin Wilayah | F9: 19 | G9: =COUNTIF('Detail Absensi Harian'!F8:AJ8, "H") -> 16 | H9: =COUNTIF('Detail Absensi Harian'!F8:AJ8, "TL") -> 0 | I9: =COUNTIF('Detail Absensi Harian'!F8:AJ8, "I") -> 0 | J9: =COUNTIF('Detail Absensi Harian'!F8:AJ8, "A") -> 0 | K9: =COUNTIF('Detail Absensi Harian'!F8:AJ8, "TAM") -> 1 | L9: =COUNTIF('Detail Absensi Harian'!F8:AJ8, "TAP") -> 1 | M9: =COUNTIF('Detail Absensi Harian'!F8:AJ8, "TPA") -> 1 | N9: =G9 + (H9*0.75) + (K9*0.5) + (L9*0.5) + (M9*0.25) -> 17.25 | O9: =N9/F9 -> 0.90789474 | P9: =IF((G9+H9+K9+L9+M9)>0, G9/(G9+H9+K9+L9+M9), 0) -> 0.84210526 | Q9: =AVERAGE(O9, P9) -> 0.875
A10: 2 | B10: 00598 | C10: Antoro Asih | D10: Wakil Pemimpin Wilayah | E10: Wakil Pemimpin Wilayah | F10: 19 | G10: =COUNTIF('Detail Absensi Harian'!F9:AJ9, "H") -> 10 | H10: =COUNTIF('Detail Absensi Harian'!F9:AJ9, "TL") -> 0 | I10: =COUNTIF('Detail Absensi Harian'!F9:AJ9, "I") -> 0 | J10: =COUNTIF('Detail Absensi Harian'!F9:AJ9, "A") -> 0 | K10: =COUNTIF('Detail Absensi Harian'!F9:AJ9, "TAM") -> 3 | L10: =COUNTIF('Detail Absensi Harian'!F9:AJ9, "TAP") -> 3 | M10: =COUNTIF('Detail Absensi Harian'!F9:AJ9, "TPA") -> 3 | N10: =G10 + (H10*0.75) + (K10*0.5) + (L10*0.5) + (M10*0.25) -> 13.75 | O10: =N10/F10 -> 0.72368421 | P10: =IF((G10+H10+K10+L10+M10)>0, G10/(G10+H10+K10+L10+M10), 0) -> 0.52631579 | Q10: =AVERAGE(O10, P10) -> 0.625
A11: 3 | B11: 00193 | C11: Aneka Prasyanti W.S | D11: Kepala Bagian | E11: Operasional | F11: 19 | G11: =COUNTIF('Detail Absensi Harian'!F10:AJ10, "H") -> 19 | H11: =COUNTIF('Detail Absensi Harian'!F10:AJ10, "TL") -> 0 | I11: =COUNTIF('Detail Absensi Harian'!F10:AJ10, "I") -> 0 | J11: =COUNTIF('Detail Absensi Harian'!F10:AJ10, "A") -> 0 | K11: =COUNTIF('Detail Absensi Harian'!F10:AJ10, "TAM") -> 0 | L11: =COUNTIF('Detail Absensi Harian'!F10:AJ10, "TAP") -> 0 | M11: =COUNTIF('Detail Absensi Harian'!F10:AJ10, "TPA") -> 0 | N11: =G11 + (H11*0.75) + (K11*0.5) + (L11*0.5) + (M11*0.25) -> 19 | O11: =N11/F11 -> 1 | P11: =IF((G11+H11+K11+L11+M11)>0, G11/(G11+H11+K11+L11+M11), 0) -> 1 | Q11: =AVERAGE(O11, P11) -> 1
A12: 4 | B12: 00174 | C12: Hilmiyah Fitriana | D12: Kepala Bagian | E12: Klaim dan Subrogasi | F12: 19 | G12: =COUNTIF('Detail Absensi Harian'!F11:AJ11, "H") -> 19 | H12: =COUNTIF('Detail Absensi Harian'!F11:AJ11, "TL") -> 0 | I12: =COUNTIF('Detail Absensi Harian'!F11:AJ11, "I") -> 0 | J12: =COUNTIF('Detail Absensi Harian'!F11:AJ11, "A") -> 0 | K12: =COUNTIF('Detail Absensi Harian'!F11:AJ11, "TAM") -> 0 | L12: =COUNTIF('Detail Absensi Harian'!F11:AJ11, "TAP") -> 0 | M12: =COUNTIF('Detail Absensi Harian'!F11:AJ11, "TPA") -> 0 | N12: =G12 + (H12*0.75) + (K12*0.5) + (L12*0.5) + (M12*0.25) -> 19 | O12: =N12/F12 -> 1 | P12: =IF((G12+H12+K12+L12+M12)>0, G12/(G12+H12+K12+L12+M12), 0) -> 1 | Q12: =AVERAGE(O12, P12) -> 1
A13: 5 | B13: 00606 | C13: Deni Tri Kuncoro | D13: Kepala Bagian | E13: Bisnis | F13: 19 | G13: =COUNTIF('Detail Absensi Harian'!F12:AJ12, "H") -> 15 | H13: =COUNTIF('Detail Absensi Harian'!F12:AJ12, "TL") -> 0 | I13: =COUNTIF('Detail Absensi Harian'!F12:AJ12, "I") -> 1 | J13: =COUNTIF('Detail Absensi Harian'!F12:AJ12, "A") -> 0 | K13: =COUNTIF('Detail Absensi Harian'!F12:AJ12, "TAM") -> 0 | L13: =COUNTIF('Detail Absensi Harian'!F12:AJ12, "TAP") -> 3 | M13: =COUNTIF('Detail Absensi Harian'!F12:AJ12, "TPA") -> 0 | N13: =G13 + (H13*0.75) + (K13*0.5) + (L13*0.5) + (M13*0.25) -> 16.5 | O13: =N13/F13 -> 0.86842105 | P13: =IF((G13+H13+K13+L13+M13)>0, G13/(G13+H13+K13+L13+M13), 0) -> 0.83333333 | Q13: =AVERAGE(O13, P13) -> 0.85087719
A14: 6 | B14: 00452 | C14: Kemal Rismandaru | D14: Fungsional | E14: Klaim dan Subrogasi | F14: 19 | G14: =COUNTIF('Detail Absensi Harian'!F13:AJ13, "H") -> 13 | H14: =COUNTIF('Detail Absensi Harian'!F13:AJ13, "TL") -> 6 | I14: =COUNTIF('Detail Absensi Harian'!F13:AJ13, "I") -> 0 | J14: =COUNTIF('Detail Absensi Harian'!F13:AJ13, "A") -> 0 | K14: =COUNTIF('Detail Absensi Harian'!F13:AJ13, "TAM") -> 0 | L14: =COUNTIF('Detail Absensi Harian'!F13:AJ13, "TAP") -> 0 | M14: =COUNTIF('Detail Absensi Harian'!F13:AJ13, "TPA") -> 0 | N14: =G14 + (H14*0.75) + (K14*0.5) + (L14*0.5) + (M14*0.25) -> 17.5 | O14: =N14/F14 -> 0.92105263 | P14: =IF((G14+H14+K14+L14+M14)>0, G14/(G14+H14+K14+L14+M14), 0) -> 0.68421053 | Q14: =AVERAGE(O14, P14) -> 0.80263158
A15: 7 | B15: 00175 | C15: Irgun Wahju Drijanto | D15: Fungsional | E15: Operasional | F15: 19 | G15: =COUNTIF('Detail Absensi Harian'!F14:AJ14, "H") -> 10 | H15: =COUNTIF('Detail Absensi Harian'!F14:AJ14, "TL") -> 7 | I15: =COUNTIF('Detail Absensi Harian'!F14:AJ14, "I") -> 0 | J15: =COUNTIF('Detail Absensi Harian'!F14:AJ14, "A") -> 0 | K15: =COUNTIF('Detail Absensi Harian'!F14:AJ14, "TAM") -> 1 | L15: =COUNTIF('Detail Absensi Harian'!F14:AJ14, "TAP") -> 0 | M15: =COUNTIF('Detail Absensi Harian'!F14:AJ14, "TPA") -> 1 | N15: =G15 + (H15*0.75) + (K15*0.5) + (L15*0.5) + (M15*0.25) -> 16 | O15: =N15/F15 -> 0.84210526 | P15: =IF((G15+H15+K15+L15+M15)>0, G15/(G15+H15+K15+L15+M15), 0) -> 0.52631579 | Q15: =AVERAGE(O15, P15) -> 0.68421053
A16: 8 | B16: 01098 | C16: Dhia Shofiah Mardiana | D16: Staf | E16: Bisnis | F16: 19 | G16: =COUNTIF('Detail Absensi Harian'!F15:AJ15, "H") -> 17 | H16: =COUNTIF('Detail Absensi Harian'!F15:AJ15, "TL") -> 0 | I16: =COUNTIF('Detail Absensi Harian'!F15:AJ15, "I") -> 0 | J16: =COUNTIF('Detail Absensi Harian'!F15:AJ15, "A") -> 0 | K16: =COUNTIF('Detail Absensi Harian'!F15:AJ15, "TAM") -> 0 | L16: =COUNTIF('Detail Absensi Harian'!F15:AJ15, "TAP") -> 0 | M16: =COUNTIF('Detail Absensi Harian'!F15:AJ15, "TPA") -> 0 | N16: =G16 + (H16*0.75) + (K16*0.5) + (L16*0.5) + (M16*0.25) -> 17 | O16: =N16/F16 -> 0.89473684 | P16: =IF((G16+H16+K16+L16+M16)>0, G16/(G16+H16+K16+L16+M16), 0) -> 1 | Q16: =AVERAGE(O16, P16) -> 0.94736842
A17: 9 | B17: 01337 | C17: Faridatul Mukhodaroh | D17: Staf | E17: Klaim dan Subrogasi | F17: 19 | G17: =COUNTIF('Detail Absensi Harian'!F16:AJ16, "H") -> 14 | H17: =COUNTIF('Detail Absensi Harian'!F16:AJ16, "TL") -> 4 | I17: =COUNTIF('Detail Absensi Harian'!F16:AJ16, "I") -> 0 | J17: =COUNTIF('Detail Absensi Harian'!F16:AJ16, "A") -> 0 | K17: =COUNTIF('Detail Absensi Harian'!F16:AJ16, "TAM") -> 0 | L17: =COUNTIF('Detail Absensi Harian'!F16:AJ16, "TAP") -> 1 | M17: =COUNTIF('Detail Absensi Harian'!F16:AJ16, "TPA") -> 0 | N17: =G17 + (H17*0.75) + (K17*0.5) + (L17*0.5) + (M17*0.25) -> 17.5 | O17: =N17/F17 -> 0.92105263 | P17: =IF((G17+H17+K17+L17+M17)>0, G17/(G17+H17+K17+L17+M17), 0) -> 0.73684211 | Q17: =AVERAGE(O17, P17) -> 0.82894737
A18: 10 | B18: 01413 | C18: Muhammad Khoirudin | D18: Staf | E18: Klaim dan Subrogasi | F18: 19 | G18: =COUNTIF('Detail Absensi Harian'!F17:AJ17, "H") -> 19 | H18: =COUNTIF('Detail Absensi Harian'!F17:AJ17, "TL") -> 0 | I18: =COUNTIF('Detail Absensi Harian'!F17:AJ17, "I") -> 0 | J18: =COUNTIF('Detail Absensi Harian'!F17:AJ17, "A") -> 0 | K18: =COUNTIF('Detail Absensi Harian'!F17:AJ17, "TAM") -> 0 | L18: =COUNTIF('Detail Absensi Harian'!F17:AJ17, "TAP") -> 0 | M18: =COUNTIF('Detail Absensi Harian'!F17:AJ17, "TPA") -> 0 | N18: =G18 + (H18*0.75) + (K18*0.5) + (L18*0.5) + (M18*0.25) -> 19 | O18: =N18/F18 -> 1 | P18: =IF((G18+H18+K18+L18+M18)>0, G18/(G18+H18+K18+L18+M18), 0) -> 1 | Q18: =AVERAGE(O18, P18) -> 1
A19: 11 | B19: 00579 | C19: Alfan Andrianto | D19: Staf | E19: Klaim dan Subrogasi | F19: 19 | G19: =COUNTIF('Detail Absensi Harian'!F18:AJ18, "H") -> 19 | H19: =COUNTIF('Detail Absensi Harian'!F18:AJ18, "TL") -> 0 | I19: =COUNTIF('Detail Absensi Harian'!F18:AJ18, "I") -> 0 | J19: =COUNTIF('Detail Absensi Harian'!F18:AJ18, "A") -> 0 | K19: =COUNTIF('Detail Absensi Harian'!F18:AJ18, "TAM") -> 0 | L19: =COUNTIF('Detail Absensi Harian'!F18:AJ18, "TAP") -> 0 | M19: =COUNTIF('Detail Absensi Harian'!F18:AJ18, "TPA") -> 0 | N19: =G19 + (H19*0.75) + (K19*0.5) + (L19*0.5) + (M19*0.25) -> 19 | O19: =N19/F19 -> 1 | P19: =IF((G19+H19+K19+L19+M19)>0, G19/(G19+H19+K19+L19+M19), 0) -> 1 | Q19: =AVERAGE(O19, P19) -> 1
A20: 12 | B20: 01035 | C20: Indro Hartanto | D20: Staf | E20: Operasional | F20: 19 | G20: =COUNTIF('Detail Absensi Harian'!F19:AJ19, "H") -> 9 | H20: =COUNTIF('Detail Absensi Harian'!F19:AJ19, "TL") -> 0 | I20: =COUNTIF('Detail Absensi Harian'!F19:AJ19, "I") -> 0 | J20: =COUNTIF('Detail Absensi Harian'!F19:AJ19, "A") -> 0 | K20: =COUNTIF('Detail Absensi Harian'!F19:AJ19, "TAM") -> 0 | L20: =COUNTIF('Detail Absensi Harian'!F19:AJ19, "TAP") -> 0 | M20: =COUNTIF('Detail Absensi Harian'!F19:AJ19, "TPA") -> 0 | N20: =G20 + (H20*0.75) + (K20*0.5) + (L20*0.5) + (M20*0.25) -> 9 | O20: =N20/F20 -> 0.47368421 | P20: =IF((G20+H20+K20+L20+M20)>0, G20/(G20+H20+K20+L20+M20), 0) -> 1 | Q20: =AVERAGE(O20, P20) -> 0.73684211
... A24: 16 | B24: 90870 | C24: Angger Wicaksono | D24: PKWT | E24: Operasional | F24: 19 | G24: =COUNTIF('Detail Absensi Harian'!F23:AJ23, "H") -> 19 | H24: =COUNTIF('Detail Absensi Harian'!F23:AJ23, "TL") -> 0 | I24: =COUNTIF('Detail Absensi Harian'!F23:AJ23, "I") -> 0 | J24: =COUNTIF('Detail Absensi Harian'!F23:AJ23, "A") -> 0 | K24: =COUNTIF('Detail Absensi Harian'!F23:AJ23, "TAM") -> 0 | L24: =COUNTIF('Detail Absensi Harian'!F23:AJ23, "TAP") -> 0 | M24: =COUNTIF('Detail Absensi Harian'!F23:AJ23, "TPA") -> 0 | N24: =G24 + (H24*0.75) + (K24*0.5) + (L24*0.5) + (M24*0.25) -> 19 | O24: =N24/F24 -> 1 | P24: =IF((G24+H24+K24+L24+M24)>0, G24/(G24+H24+K24+L24+M24), 0) -> 1 | Q24: =AVERAGE(O24, P24) -> 1
C25: Total / Rata-rata | F25: 20 | G25: =SUM(G9:G24) -> 242 | H25: =SUM(H9:H24) -> 27 | I25: =SUM(I9:I24) -> 1 | J25: =SUM(J9:J24) -> 0 | K25: =SUM(K9:K24) -> 6 | L25: =SUM(L9:L24) -> 9 | M25: =SUM(M9:M24) -> 6 | N25: =SUM(N9:N24) -> 271.25 | O25: =AVERAGE(O9:O24) -> 0.89226974 | P25: =AVERAGE(P9:P24) -> 0.84155702 | Q25: =AVERAGE(Q9:Q24) -> 0.86691338
