Workbook

Sheet KORPORAT KANWIL
D1: PT JAMKRINDO KANWIL SURABAYA
D2: LABA RUGI RKA TAHUN 2026
D5: URAIAN | F5: KORPORAT WILAYAH SURABAYA | L5: REALISASI KORPORAT KANWIL SURABAYA | S5: %
F6: KUR | G6: PEN | H6: KBG/SURETYSHIP | I6: KONSUMTIF | J6: PRODUKTIF | K6: TOTAL | L6: KUR | M6: PEN | N6: KBG/SURETYSHIP | O6: KONSUMTIF | P6: PRODUKTIF | Q6: NON KUR | R6: TOTAL | S6: %
F7: (a) | G7: (b) | H7: (c) | I7: (d) | J7: (e) | K7: (f) | L7: (g) | M7: (h) | N7: (i) | O7: (j) | P7: (k) | Q7: (l)=i+j+k | R7: (m) | S7: (n)=m/f
C9: X1 | D9: VOLUME | F9: =KANWIL!F9+SURABAYA!F9+KEDIRI!F9+MALANG!F9+MADIUN!F9+BANYUWANGI!F9 -> 29155734228583 | G9: =KANWIL!G9+SURABAYA!G9+KEDIRI!G9+MALANG!G9+MADIUN!G9+BANYUWANGI!G9 -> 0 | H9: =KANWIL!H9+SURABAYA!H9+KEDIRI!H9+MALANG!H9+MADIUN!H9+BANYUWANGI!H9 -> 6633105465239 | I9: =KANWIL!I9+SURABAYA!I9+KEDIRI!I9+MALANG!I9+MADIUN!I9+BANYUWANGI!I9 -> 2866310409375 | J9: =KANWIL!J9+SURABAYA!J9+KEDIRI!J9+MALANG!J9+MADIUN!J9+BANYUWANGI!J9 -> 5889752816264 | K9: =SUM(F9:J9) -> 44544902919461
C11: X2 | D11: PENDAPATAN PENJAMINAN
A12: 7 | B12: 8 | E12: Imbal Jasa Penjaminan Bruto | F12: =KANWIL!F12+SURABAYA!F12+KEDIRI!F12+MALANG!F12+MADIUN!F12+BANYUWANGI!F12 -> 1054205218156 | G12: =KANWIL!G12+SURABAYA!G12+KEDIRI!G12+MALANG!G12+MADIUN!G12+BANYUWANGI!G12 -> 0 | H12: =KANWIL!H12+SURABAYA!H12+KEDIRI!H12+MALANG!H12+MADIUN!H12+BANYUWANGI!H12 -> 21616987266 | I12: =KANWIL!I12+SURABAYA!I12+KEDIRI!I12+MALANG!I12+MADIUN!I12+BANYUWANGI!I12 -> 27821631504 | J12: =KANWIL!J12+SURABAYA!J12+KEDIRI!J12+MALANG!J12+MADIUN!J12+BANYUWANGI!J12 -> 122415438555 | K12: =SUM(F12:J12) -> 1226059275481 | L12: =KANWIL!L12+SURABAYA!L12+KEDIRI!L12+MALANG!L12+MADIUN!L12+BANYUWANGI!L12 -> 5.455123e+11 | M12: =KANWIL!M12+SURABAYA!M12+KEDIRI!M12+MALANG!M12+MADIUN!M12+BANYUWANGI!M12 -> 400000 | N12: =KANWIL!N12+SURABAYA!N12+KEDIRI!N12+MALANG!N12+MADIUN!N12+BANYUWANGI!N12 -> 5.6910708e+09 | O12: =KANWIL!O12+SURABAYA!O12+KEDIRI!O12+MALANG!O12+MADIUN!O12+BANYUWANGI!O12 -> 1.0105604e+10 | P12: =KANWIL!P12+SURABAYA!P12+KEDIRI!P12+MALANG!P12+MADIUN!P12+BANYUWANGI!P12 -> 1.9253154e+11 | Q12: =N12+O12+P12 -> 2.0832822e+11 | R12: =SUM(L12:P12) -> 7.5384092e+11 | S12: =IF(K12=0,0,R12/K12) -> 0.61484867
A13: 12 | B13: 10 | E13: Restitusi penjaminan kredit | F13: =KANWIL!F13+SURABAYA!F13+KEDIRI!F13+MALANG!F13+MADIUN!F13+BANYUWANGI!F13 -> 0 | G13: =KANWIL!G13+SURABAYA!G13+KEDIRI!G13+MALANG!G13+MADIUN!G13+BANYUWANGI!G13 -> 0 | H13: =KANWIL!H13+SURABAYA!H13+KEDIRI!H13+MALANG!H13+MADIUN!H13+BANYUWANGI!H13 -> 0 | I13: =KANWIL!I13+SURABAYA!I13+KEDIRI!I13+MALANG!I13+MADIUN!I13+BANYUWANGI!I13 -> 0 | J13: =KANWIL!J13+SURABAYA!J13+KEDIRI!J13+MALANG!J13+MADIUN!J13+BANYUWANGI!J13 -> 0 | K13: =SUM(F13:J13) -> 0
A14: 9 | B14: 9 | E14: Premi Penjaminan Ulang | F14: =KANWIL!F14+SURABAYA!F14+KEDIRI!F14+MALANG!F14+MADIUN!F14+BANYUWANGI!F14 -> 94927046114 | G14: =KANWIL!G14+SURABAYA!G14+KEDIRI!G14+MALANG!G14+MADIUN!G14+BANYUWANGI!G14 -> 0 | H14: =KANWIL!H14+SURABAYA!H14+KEDIRI!H14+MALANG!H14+MADIUN!H14+BANYUWANGI!H14 -> 2624698636 | I14: =KANWIL!I14+SURABAYA!I14+KEDIRI!I14+MALANG!I14+MADIUN!I14+BANYUWANGI!I14 -> 4151753688 | J14: =KANWIL!J14+SURABAYA!J14+KEDIRI!J14+MALANG!J14+MADIUN!J14+BANYUWANGI!J14 -> 72171043143 | K14: =SUM(F14:J14) -> 173874541581 | L14: =KANWIL!L14+SURABAYA!L14+KEDIRI!L14+MALANG!L14+MADIUN!L14+BANYUWANGI!L14 -> 5.776021e+10 | N14: =KANWIL!N14+SURABAYA!N14+KEDIRI!N14+MALANG!N14+MADIUN!N14+BANYUWANGI!N14 -> 5.8801525e+08 | O14: =KANWIL!O14+SURABAYA!O14+KEDIRI!O14+MALANG!O14+MADIUN!O14+BANYUWANGI!O14 -> 1.1248546e+09 | P14: =KANWIL!P14+SURABAYA!P14+KEDIRI!P14+MALANG!P14+MADIUN!P14+BANYUWANGI!P14 -> 2.5041922e+10 | Q14: =N14+O14+P14 -> 2.6754792e+10 | R14: =SUM(L14:P14) -> 8.4515001e+10 | S14: =IF(K14=0,0,R14/K14) -> 0.48606887
C15: Y2 | E15: IMBAL JASA PENJAMINAN BERSIH | F15: =F12-F13-F14 -> 959278172042 | G15: =G12-G13-G14 -> 0 | H15: =H12-H13-H14 -> 18992288630 | I15: =I12-I13-I14 -> 23669877816 | J15: =J12-J13-J14 -> 50244395412 | K15: =K12-K13-K14 -> 1052184733900 | L15: =L12-L13-L14 -> 4.877521e+11 | M15: =M12-M13-M14 -> 400000 | ... R15: =R12-R13-R14 -> 6.6932592e+11 | S15: =IF(K15=0,0,R15/K15) -> 0.63612966
C16: 22
C17: X2 | D17: BEBAN KLAIM
A18: 22 | B18: 13 | E18: Beban Klaim | F18: =KANWIL!F18+SURABAYA!F18+KEDIRI!F18+MALANG!F18+MADIUN!F18+BANYUWANGI!F18 -> 809802922564 | G18: =KANWIL!G18+SURABAYA!G18+KEDIRI!G18+MALANG!G18+MADIUN!G18+BANYUWANGI!G18 -> 34965416239 | H18: =KANWIL!H18+SURABAYA!H18+KEDIRI!H18+MALANG!H18+MADIUN!H18+BANYUWANGI!H18 -> 5658069138 | I18: =KANWIL!I18+SURABAYA!I18+KEDIRI!I18+MALANG!I18+MADIUN!I18+BANYUWANGI!I18 -> 9169963227 | J18: =KANWIL!J18+SURABAYA!J18+KEDIRI!J18+MALANG!J18+MADIUN!J18+BANYUWANGI!J18 -> 102940478187 | K18: =SUM(F18:J18) -> 962536849355 | L18: =KANWIL!L18+SURABAYA!L18+KEDIRI!L18+MALANG!L18+MADIUN!L18+BANYUWANGI!L18 -> 3.3259949e+11 | M18: =KANWIL!M18+SURABAYA!M18+KEDIRI!M18+MALANG!M18+MADIUN!M18+BANYUWANGI!M18 -> 6.5023855e+09 | N18: =KANWIL!N18+SURABAYA!N18+KEDIRI!N18+MALANG!N18+MADIUN!N18+BANYUWANGI!N18 -> 2.1865236e+09 | O18: =KANWIL!O18+SURABAYA!O18+KEDIRI!O18+MALANG!O18+MADIUN!O18+BANYUWANGI!O18 -> 9.623651e+08 | P18: =KANWIL!P18+SURABAYA!P18+KEDIRI!P18+MALANG!P18+MADIUN!P18+BANYUWANGI!P18 -> 1.7894665e+11 | Q18: =N18+O18+P18 -> 1.8209554e+11 | R18: =SUM(L18:P18) -> 5.2119741e+11 | S18: =IF(K18=0,0,R18/K18) -> 0.54148307
A19: 24 | B19: 14 | E19: Kenaikan (Penurunan) Cadangan Klaim | F19: =KANWIL!F19+SURABAYA!F19+KEDIRI!F19+MALANG!F19+MADIUN!F19+BANYUWANGI!F19 -> 9715485499 | G19: =KANWIL!G19+SURABAYA!G19+KEDIRI!G19+MALANG!G19+MADIUN!G19+BANYUWANGI!G19 -> -10323848200 | H19: =KANWIL!H19+SURABAYA!H19+KEDIRI!H19+MALANG!H19+MADIUN!H19+BANYUWANGI!H19 -> 677983388 | I19: =KANWIL!I19+SURABAYA!I19+KEDIRI!I19+MALANG!I19+MADIUN!I19+BANYUWANGI!I19 -> 397223586 | J19: =KANWIL!J19+SURABAYA!J19+KEDIRI!J19+MALANG!J19+MADIUN!J19+BANYUWANGI!J19 -> 31382109977 | K19: =SUM(F19:J19) -> 31848954250 | L19: =KANWIL!L19+SURABAYA!L19+KEDIRI!L19+MALANG!L19+MADIUN!L19+BANYUWANGI!L19 -> 7.9489583e+10 | M19: =KANWIL!M19+SURABAYA!M19+KEDIRI!M19+MALANG!M19+MADIUN!M19+BANYUWANGI!M19 -> -9.0317836e+09 | N19: =KANWIL!N19+SURABAYA!N19+KEDIRI!N19+MALANG!N19+MADIUN!N19+BANYUWANGI!N19 -> 0 | O19: =KANWIL!O19+SURABAYA!O19+KEDIRI!O19+MALANG!O19+MADIUN!O19+BANYUWANGI!O19 -> 0 | P19: =KANWIL!P19+SURABAYA!P19+KEDIRI!P19+MALANG!P19+MADIUN!P19+BANYUWANGI!P19 -> 0 | Q19: =KANWIL!Q19+SURABAYA!Q19+KEDIRI!Q19+MALANG!Q19+MADIUN!Q19+BANYUWANGI!Q19 -> 1.5236457e+10 | R19: =SUM(L19:Q19) -> 8.5694256e+10 | S19: =IF(K19=0,0,R19/K19) -> 2.6906458
A20: 32 | B20: 15 | E20: Pendapatan Subrogasi | F20: =KANWIL!F20+SURABAYA!F20+KEDIRI!F20+MALANG!F20+MADIUN!F20+BANYUWANGI!F20 -> 208858906675 | G20: =KANWIL!G20+SURABAYA!G20+KEDIRI!G20+MALANG!G20+MADIUN!G20+BANYUWANGI!G20 -> 34248988772 | H20: =KANWIL!H20+SURABAYA!H20+KEDIRI!H20+MALANG!H20+MADIUN!H20+BANYUWANGI!H20 -> 147999934 | I20: =KANWIL!I20+SURABAYA!I20+KEDIRI!I20+MALANG!I20+MADIUN!I20+BANYUWANGI!I20 -> 301999866 | J20: =KANWIL!J20+SURABAYA!J20+KEDIRI!J20+MALANG!J20+MADIUN!J20+BANYUWANGI!J20 -> 83496959312 | K20: =SUM(F20:J20) -> 327054854559 | L20: =KANWIL!L20+SURABAYA!L20+KEDIRI!L20+MALANG!L20+MADIUN!L20+BANYUWANGI!L20 -> 1.0831009e+11 | M20: =KANWIL!M20+SURABAYA!M20+KEDIRI!M20+MALANG!M20+MADIUN!M20+BANYUWANGI!M20 -> 1.2937903e+10 | O20: =KANWIL!O20+SURABAYA!O20+KEDIRI!O20+MALANG!O20+MADIUN!O20+BANYUWANGI!O20 -> 1.0136337e+08 | P20: =KANWIL!P20+SURABAYA!P20+KEDIRI!P20+MALANG!P20+MADIUN!P20+BANYUWANGI!P20 -> 4.6403826e+10 | Q20: =KANWIL!Q20+SURABAYA!Q20+KEDIRI!Q20+MALANG!Q20+MADIUN!Q20+BANYUWANGI!Q20 -> 4.0738256e+10 | R20: 1.6198625e+11 | S20: =IF(K20=0,0,R20/K20) -> 0.49528772
A21: 37 | B21: 16 | E21: Beban Komisi Netto | F21: =KANWIL!F21+SURABAYA!F21+KEDIRI!F21+MALANG!F21+MADIUN!F21+BANYUWANGI!F21 -> 14979526236 | G21: =KANWIL!G21+SURABAYA!G21+KEDIRI!G21+MALANG!G21+MADIUN!G21+BANYUWANGI!G21 -> 0 | H21: =KANWIL!H21+SURABAYA!H21+KEDIRI!H21+MALANG!H21+MADIUN!H21+BANYUWANGI!H21 -> 456146159 | I21: =KANWIL!I21+SURABAYA!I21+KEDIRI!I21+MALANG!I21+MADIUN!I21+BANYUWANGI!I21 -> 634577379 | J21: =KANWIL!J21+SURABAYA!J21+KEDIRI!J21+MALANG!J21+MADIUN!J21+BANYUWANGI!J21 -> 11015252139 | K21: =SUM(F21:J21) -> 27085501913 | L21: =KANWIL!L21+SURABAYA!L21+KEDIRI!L21+MALANG!L21+MADIUN!L21+BANYUWANGI!L21 -> 9.4954242e+09 | N21: =KANWIL!N21+SURABAYA!N21+KEDIRI!N21+MALANG!N21+MADIUN!N21+BANYUWANGI!N21 -> 89860144 | O21: =KANWIL!O21+SURABAYA!O21+KEDIRI!O21+MALANG!O21+MADIUN!O21+BANYUWANGI!O21 -> -11303879 | P21: =KANWIL!P21+SURABAYA!P21+KEDIRI!P21+MALANG!P21+MADIUN!P21+BANYUWANGI!P21 -> 3.6332457e+09 | Q21: =N21+O21+P21 -> 3.711802e+09 | R21: =SUM(L21:P21) -> 1.3207226e+10 | S21: =IF(K21=0,0,R21/K21) -> 0.48761239
C22: Y2 | E22: JUMLAH BEBAN KLAIM | F22: =F18+F19-F20-F21 -> 595679975152 | G22: =G18+G19-G20-G21 -> -9607420733 | H22: =H18+H19-H20-H21 -> 5731906433 | I22: =I18+I19-I20-I21 -> 8630609568 | J22: =J18+J19-J20-J21 -> 39810376713 | K22: =K18+K19-K20-K21 -> 640245447133 | L22: =L18+L19-L20-L21 -> 2.9428355e+11 | M22: =M18+M19-M20-M21 -> -1.5467301e+10 | ... R22: =R18+R19-R20-R21 -> 4.3169819e+11 | S22: =IF(K22=0,0,R22/K22) -> 0.67426983
C24: X1 | D24: PENJAMINAN BERSIH | F24: =F15-F22 -> 363598196890 | G24: =G15-G22 -> 9607420733 | H24: =H15-H22 -> 13260382197 | I24: =I15-I22 -> 15039268248 | J24: =J15-J22 -> 10434018699 | K24: =K15-K22 -> 411939286767 | L24: =L15-L22 -> 1.9346854e+11 | M24: =M15-M22 -> 1.5467701e+10 | ... R24: =R15-R22 -> 2.3762773e+11 | S24: =IF(K24=0,0,R24/K24) -> 0.57685134
B26: 19 | C26: X1 | D26: PENDAPATAN INVESTASI BERSIH | F26: 0 | G26: 0 | H26: 0 | I26: 0 | J26: 0 | K26: 0
C28: X1 | D28: BEBAN USAHA
C29: X2 | E29: BEBAN KARYAWAN
A30: 94 | E30: Beban gaji karyawan | F30: =KANWIL!F30+SURABAYA!F30+KEDIRI!F30+MALANG!F30+MADIUN!F30+BANYUWANGI!F30 -> 8079970152 | G30: =KANWIL!G30+SURABAYA!G30+KEDIRI!G30+MALANG!G30+MADIUN!G30+BANYUWANGI!G30 -> 0 | H30: =KANWIL!H30+SURABAYA!H30+KEDIRI!H30+MALANG!H30+MADIUN!H30+BANYUWANGI!H30 -> 165683692 | I30: =KANWIL!I30+SURABAYA!I30+KEDIRI!I30+MALANG!I30+MADIUN!I30+BANYUWANGI!I30 -> 213239272 | J30: =KANWIL!J30+SURABAYA!J30+KEDIRI!J30+MALANG!J30+MADIUN!J30+BANYUWANGI!J30 -> 938254784 | K30: =SUM(F30:J30) -> 9397147900 | L30: =KANWIL!L30+SURABAYA!L30+KEDIRI!L30+MALANG!L30+MADIUN!L30+BANYUWANGI!L30 -> 3.8425372e+09 | N30: =KANWIL!N30+SURABAYA!N30+KEDIRI!N30+MALANG!N30+MADIUN!N30+BANYUWANGI!N30 -> 45827998 | O30: =KANWIL!O30+SURABAYA!O30+KEDIRI!O30+MALANG!O30+MADIUN!O30+BANYUWANGI!O30 -> 87565693 | P30: =KANWIL!P30+SURABAYA!P30+KEDIRI!P30+MALANG!P30+MADIUN!P30+BANYUWANGI!P30 -> 1.55286e+09 | Q30: =N30+O30+P30 -> 1.6862537e+09 | R30: =SUM(L30:P30) -> 5.528791e+09 | S30: =IF(K30=0,0,R30/K30) -> 0.58834777
A31: 95 | E31: Beban lembur karyawan | F31: =KANWIL!F31+SURABAYA!F31+KEDIRI!F31+MALANG!F31+MADIUN!F31+BANYUWANGI!F31 -> 252985625 | G31: =KANWIL!G31+SURABAYA!G31+KEDIRI!G31+MALANG!G31+MADIUN!G31+BANYUWANGI!G31 -> 0 | H31: =KANWIL!H31+SURABAYA!H31+KEDIRI!H31+MALANG!H31+MADIUN!H31+BANYUWANGI!H31 -> 5187593 | I31: =KANWIL!I31+SURABAYA!I31+KEDIRI!I31+MALANG!I31+MADIUN!I31+BANYUWANGI!I31 -> 6676569 | J31: =KANWIL!J31+SURABAYA!J31+KEDIRI!J31+MALANG!J31+MADIUN!J31+BANYUWANGI!J31 -> 29376961 | K31: =SUM(F31:J31) -> 294226748 | L31: =KANWIL!L31+SURABAYA!L31+KEDIRI!L31+MALANG!L31+MADIUN!L31+BANYUWANGI!L31 -> 1.0881745e+08 | N31: =KANWIL!N31+SURABAYA!N31+KEDIRI!N31+MALANG!N31+MADIUN!N31+BANYUWANGI!N31 -> 1456717.1 | O31: =KANWIL!O31+SURABAYA!O31+KEDIRI!O31+MALANG!O31+MADIUN!O31+BANYUWANGI!O31 -> 2434899 | P31: =KANWIL!P31+SURABAYA!P31+KEDIRI!P31+MALANG!P31+MADIUN!P31+BANYUWANGI!P31 -> 42718799 | Q31: =N31+O31+P31 -> 46610415 | R31: =SUM(L31:P31) -> 1.5542786e+08 | S31: =IF(K31=0,0,R31/K31) -> 0.52825877
A32: 96 | E32: Beban asuransi kesehatan karyawan | F32: =KANWIL!F32+SURABAYA!F32+KEDIRI!F32+MALANG!F32+MADIUN!F32+BANYUWANGI!F32 -> 1203089015 | G32: =KANWIL!G32+SURABAYA!G32+KEDIRI!G32+MALANG!G32+MADIUN!G32+BANYUWANGI!G32 -> 0 | H32: =KANWIL!H32+SURABAYA!H32+KEDIRI!H32+MALANG!H32+MADIUN!H32+BANYUWANGI!H32 -> 24669920 | I32: =KANWIL!I32+SURABAYA!I32+KEDIRI!I32+MALANG!I32+MADIUN!I32+BANYUWANGI!I32 -> 31750838 | J32: =KANWIL!J32+SURABAYA!J32+KEDIRI!J32+MALANG!J32+MADIUN!J32+BANYUWANGI!J32 -> 139703984 | K32: =SUM(F32:J32) -> 1399213757 | L32: =KANWIL!L32+SURABAYA!L32+KEDIRI!L32+MALANG!L32+MADIUN!L32+BANYUWANGI!L32 -> 32771149 | N32: =KANWIL!N32+SURABAYA!N32+KEDIRI!N32+MALANG!N32+MADIUN!N32+BANYUWANGI!N32 -> 184268.97 | O32: =KANWIL!O32+SURABAYA!O32+KEDIRI!O32+MALANG!O32+MADIUN!O32+BANYUWANGI!O32 -> 722029.47 | P32: =KANWIL!P32+SURABAYA!P32+KEDIRI!P32+MALANG!P32+MADIUN!P32+BANYUWANGI!P32 -> 12331553 | Q32: =N32+O32+P32 -> 13237851 | R32: =SUM(L32:P32) -> 46009000 | S32: =IF(K32=0,0,R32/K32) -> 0.032882038
A33: 97 | E33: Beban asuransi jiwa karyawan | F33: =KANWIL!F33+SURABAYA!F33+KEDIRI!F33+MALANG!F33+MADIUN!F33+BANYUWANGI!F33 -> 55120357 | G33: =KANWIL!G33+SURABAYA!G33+KEDIRI!G33+MALANG!G33+MADIUN!G33+BANYUWANGI!G33 -> 0 | H33: =KANWIL!H33+SURABAYA!H33+KEDIRI!H33+MALANG!H33+MADIUN!H33+BANYUWANGI!H33 -> 1130269 | I33: =KANWIL!I33+SURABAYA!I33+KEDIRI!I33+MALANG!I33+MADIUN!I33+BANYUWANGI!I33 -> 1454687 | J33: =KANWIL!J33+SURABAYA!J33+KEDIRI!J33+MALANG!J33+MADIUN!J33+BANYUWANGI!J33 -> 6400635 | K33: =SUM(F33:J33) -> 64105948
A34: 100 | E34: Beban dana pensiun | F34: =KANWIL!F34+SURABAYA!F34+KEDIRI!F34+MALANG!F34+MADIUN!F34+BANYUWANGI!F34 -> 873635539 | G34: =KANWIL!G34+SURABAYA!G34+KEDIRI!G34+MALANG!G34+MADIUN!G34+BANYUWANGI!G34 -> 0 | H34: =KANWIL!H34+SURABAYA!H34+KEDIRI!H34+MALANG!H34+MADIUN!H34+BANYUWANGI!H34 -> 17914319 | I34: =KANWIL!I34+SURABAYA!I34+KEDIRI!I34+MALANG!I34+MADIUN!I34+BANYUWANGI!I34 -> 23056200 | J34: =KANWIL!J34+SURABAYA!J34+KEDIRI!J34+MALANG!J34+MADIUN!J34+BANYUWANGI!J34 -> 101447493 | K34: =SUM(F34:J34) -> 1016053551
A35: 101 | E35: Beban kompensasi kinerja karyawan | F35: =KANWIL!F35+SURABAYA!F35+KEDIRI!F35+MALANG!F35+MADIUN!F35+BANYUWANGI!F35 -> 9945044587 | G35: =KANWIL!G35+SURABAYA!G35+KEDIRI!G35+MALANG!G35+MADIUN!G35+BANYUWANGI!G35 -> 0 | H35: =KANWIL!H35+SURABAYA!H35+KEDIRI!H35+MALANG!H35+MADIUN!H35+BANYUWANGI!H35 -> 203927943 | I35: =KANWIL!I35+SURABAYA!I35+KEDIRI!I35+MALANG!I35+MADIUN!I35+BANYUWANGI!I35 -> 262460630 | J35: =KANWIL!J35+SURABAYA!J35+KEDIRI!J35+MALANG!J35+MADIUN!J35+BANYUWANGI!J35 -> 1154829224 | K35: =SUM(F35:J35) -> 11566262384 | L35: =KANWIL!L35+SURABAYA!L35+KEDIRI!L35+MALANG!L35+MADIUN!L35+BANYUWANGI!L35 -> 4.9904913e+09 | N35: =KANWIL!N35+SURABAYA!N35+KEDIRI!N35+MALANG!N35+MADIUN!N35+BANYUWANGI!N35 -> 60963588 | O35: =KANWIL!O35+SURABAYA!O35+KEDIRI!O35+MALANG!O35+MADIUN!O35+BANYUWANGI!O35 -> 1.1345645e+08 | P35: =KANWIL!P35+SURABAYA!P35+KEDIRI!P35+MALANG!P35+MADIUN!P35+BANYUWANGI!P35 -> 2.0170726e+09 | Q35: =N35+O35+P35 -> 2.1914926e+09 | R35: =SUM(L35:P35) -> 7.181984e+09 | S35: =IF(K35=0,0,R35/K35) -> 0.62094251
A36: 102 | E36: Biaya jasa kini karyawan | F36: =KANWIL!F36+SURABAYA!F36+KEDIRI!F36+MALANG!F36+MADIUN!F36+BANYUWANGI!F36 -> 0 | G36: =KANWIL!G36+SURABAYA!G36+KEDIRI!G36+MALANG!G36+MADIUN!G36+BANYUWANGI!G36 -> 0 | H36: =KANWIL!H36+SURABAYA!H36+KEDIRI!H36+MALANG!H36+MADIUN!H36+BANYUWANGI!H36 -> 0 | I36: =KANWIL!I36+SURABAYA!I36+KEDIRI!I36+MALANG!I36+MADIUN!I36+BANYUWANGI!I36 -> 0 | J36: =KANWIL!J36+SURABAYA!J36+KEDIRI!J36+MALANG!J36+MADIUN!J36+BANYUWANGI!J36 -> 0 | K36: =SUM(F36:J36) -> 0
A37: 103 | E37: Biaya jasa lalu karyawan | F37: =KANWIL!F37+SURABAYA!F37+KEDIRI!F37+MALANG!F37+MADIUN!F37+BANYUWANGI!F37 -> 0 | G37: =KANWIL!G37+SURABAYA!G37+KEDIRI!G37+MALANG!G37+MADIUN!G37+BANYUWANGI!G37 -> 0 | H37: =KANWIL!H37+SURABAYA!H37+KEDIRI!H37+MALANG!H37+MADIUN!H37+BANYUWANGI!H37 -> 0 | I37: =KANWIL!I37+SURABAYA!I37+KEDIRI!I37+MALANG!I37+MADIUN!I37+BANYUWANGI!I37 -> 0 | J37: =KANWIL!J37+SURABAYA!J37+KEDIRI!J37+MALANG!J37+MADIUN!J37+BANYUWANGI!J37 -> 0 | K37: =SUM(F37:J37) -> 0
A38: 104 | E38: Bunga atas imbalan pasca kerja karyawan | F38: =KANWIL!F38+SURABAYA!F38+KEDIRI!F38+MALANG!F38+MADIUN!F38+BANYUWANGI!F38 -> 1321025775 | G38: =KANWIL!G38+SURABAYA!G38+KEDIRI!G38+MALANG!G38+MADIUN!G38+BANYUWANGI!G38 -> 0 | H38: =KANWIL!H38+SURABAYA!H38+KEDIRI!H38+MALANG!H38+MADIUN!H38+BANYUWANGI!H38 -> 27088272 | I38: =KANWIL!I38+SURABAYA!I38+KEDIRI!I38+MALANG!I38+MADIUN!I38+BANYUWANGI!I38 -> 34863319 | J38: =KANWIL!J38+SURABAYA!J38+KEDIRI!J38+MALANG!J38+MADIUN!J38+BANYUWANGI!J38 -> 153398927 | K38: =SUM(F38:J38) -> 1536376293
A39: 105 | E39: Beban BPJS kesehatan karyawan | F39: =KANWIL!F39+SURABAYA!F39+KEDIRI!F39+MALANG!F39+MADIUN!F39+BANYUWANGI!F39 -> 335276936 | G39: =KANWIL!G39+SURABAYA!G39+KEDIRI!G39+MALANG!G39+MADIUN!G39+BANYUWANGI!G39 -> 0 | H39: =KANWIL!H39+SURABAYA!H39+KEDIRI!H39+MALANG!H39+MADIUN!H39+BANYUWANGI!H39 -> 6875015 | I39: =KANWIL!I39+SURABAYA!I39+KEDIRI!I39+MALANG!I39+MADIUN!I39+BANYUWANGI!I39 -> 8848326 | J39: =KANWIL!J39+SURABAYA!J39+KEDIRI!J39+MALANG!J39+MADIUN!J39+BANYUWANGI!J39 -> 38932718 | K39: =SUM(F39:J39) -> 389932995
A40: 106 | E40: Beban BPJS jaminan hari tua karyawan | F40: =KANWIL!F40+SURABAYA!F40+KEDIRI!F40+MALANG!F40+MADIUN!F40+BANYUWANGI!F40 -> 475623528 | G40: =KANWIL!G40+SURABAYA!G40+KEDIRI!G40+MALANG!G40+MADIUN!G40+BANYUWANGI!G40 -> 0 | H40: =KANWIL!H40+SURABAYA!H40+KEDIRI!H40+MALANG!H40+MADIUN!H40+BANYUWANGI!H40 -> 9752891 | I40: =KANWIL!I40+SURABAYA!I40+KEDIRI!I40+MALANG!I40+MADIUN!I40+BANYUWANGI!I40 -> 12552226 | J40: =KANWIL!J40+SURABAYA!J40+KEDIRI!J40+MALANG!J40+MADIUN!J40+BANYUWANGI!J40 -> 55229913 | K40: =SUM(F40:J40) -> 553158558
A41: 107 | E41: Beban BPJS jaminan kecelakaan kerja dan jaminan kematian karyawan | F41: =KANWIL!F41+SURABAYA!F41+KEDIRI!F41+MALANG!F41+MADIUN!F41+BANYUWANGI!F41 -> 69028547 | G41: =KANWIL!G41+SURABAYA!G41+KEDIRI!G41+MALANG!G41+MADIUN!G41+BANYUWANGI!G41 -> 0 | H41: =KANWIL!H41+SURABAYA!H41+KEDIRI!H41+MALANG!H41+MADIUN!H41+BANYUWANGI!H41 -> 1415464 | I41: =KANWIL!I41+SURABAYA!I41+KEDIRI!I41+MALANG!I41+MADIUN!I41+BANYUWANGI!I41 -> 1821739 | J41: =KANWIL!J41+SURABAYA!J41+KEDIRI!J41+MALANG!J41+MADIUN!J41+BANYUWANGI!J41 -> 8015669 | K41: =SUM(F41:J41) -> 80281419
A42: 108 | E42: Beban BPJS jaminan pensiun karyawan | F42: =KANWIL!F42+SURABAYA!F42+KEDIRI!F42+MALANG!F42+MADIUN!F42+BANYUWANGI!F42 -> 159944196 | G42: =KANWIL!G42+SURABAYA!G42+KEDIRI!G42+MALANG!G42+MADIUN!G42+BANYUWANGI!G42 -> 0 | H42: =KANWIL!H42+SURABAYA!H42+KEDIRI!H42+MALANG!H42+MADIUN!H42+BANYUWANGI!H42 -> 3279733 | I42: =KANWIL!I42+SURABAYA!I42+KEDIRI!I42+MALANG!I42+MADIUN!I42+BANYUWANGI!I42 -> 4221101 | J42: =KANWIL!J42+SURABAYA!J42+KEDIRI!J42+MALANG!J42+MADIUN!J42+BANYUWANGI!J42 -> 18572892 | K42: =SUM(F42:J42) -> 186017922
A43: 109 | E43: Beban tunjangan hari raya karyawan | F43: =KANWIL!F43+SURABAYA!F43+KEDIRI!F43+MALANG!F43+MADIUN!F43+BANYUWANGI!F43 -> 2027967651 | G43: =KANWIL!G43+SURABAYA!G43+KEDIRI!G43+MALANG!G43+MADIUN!G43+BANYUWANGI!G43 -> 0 | H43: =KANWIL!H43+SURABAYA!H43+KEDIRI!H43+MALANG!H43+MADIUN!H43+BANYUWANGI!H43 -> 41584457 | I43: =KANWIL!I43+SURABAYA!I43+KEDIRI!I43+MALANG!I43+MADIUN!I43+BANYUWANGI!I43 -> 53520289 | J43: =KANWIL!J43+SURABAYA!J43+KEDIRI!J43+MALANG!J43+MADIUN!J43+BANYUWANGI!J43 -> 235489774 | K43: =SUM(F43:J43) -> 2358562171 | L43: =KANWIL!L43+SURABAYA!L43+KEDIRI!L43+MALANG!L43+MADIUN!L43+BANYUWANGI!L43 -> 1.5073691e+09 | N43: =KANWIL!N43+SURABAYA!N43+KEDIRI!N43+MALANG!N43+MADIUN!N43+BANYUWANGI!N43 -> 19178717 | O43: =KANWIL!O43+SURABAYA!O43+KEDIRI!O43+MALANG!O43+MADIUN!O43+BANYUWANGI!O43 -> 35692602 | P43: =KANWIL!P43+SURABAYA!P43+KEDIRI!P43+MALANG!P43+MADIUN!P43+BANYUWANGI!P43 -> 6.3455689e+08 | Q43: =N43+O43+P43 -> 6.8942821e+08 | R43: =SUM(L43:P43) -> 2.1967973e+09 | S43: =IF(K43=0,0,R43/K43) -> 0.93141376
A44: 110 | E44: Beban tunjangan PPh 21 karyawan | F44: =KANWIL!F44+SURABAYA!F44+KEDIRI!F44+MALANG!F44+MADIUN!F44+BANYUWANGI!F44 -> 6863069834 | G44: =KANWIL!G44+SURABAYA!G44+KEDIRI!G44+MALANG!G44+MADIUN!G44+BANYUWANGI!G44 -> 0 | H44: =KANWIL!H44+SURABAYA!H44+KEDIRI!H44+MALANG!H44+MADIUN!H44+BANYUWANGI!H44 -> 140730562 | I44: =KANWIL!I44+SURABAYA!I44+KEDIRI!I44+MALANG!I44+MADIUN!I44+BANYUWANGI!I44 -> 181123936 | J44: =KANWIL!J44+SURABAYA!J44+KEDIRI!J44+MALANG!J44+MADIUN!J44+BANYUWANGI!J44 -> 796947017 | K44: =SUM(F44:J44) -> 7981871349 | L44: =KANWIL!L44+SURABAYA!L44+KEDIRI!L44+MALANG!L44+MADIUN!L44+BANYUWANGI!L44 -> 9.8119677e+08 | N44: =KANWIL!N44+SURABAYA!N44+KEDIRI!N44+MALANG!N44+MADIUN!N44+BANYUWANGI!N44 -> 11178206 | O44: =KANWIL!O44+SURABAYA!O44+KEDIRI!O44+MALANG!O44+MADIUN!O44+BANYUWANGI!O44 -> 28157712 | P44: =KANWIL!P44+SURABAYA!P44+KEDIRI!P44+MALANG!P44+MADIUN!P44+BANYUWANGI!P44 -> 4.3173176e+08 | Q44: =N44+O44+P44 -> 4.7106768e+08 | R44: =SUM(L44:P44) -> 1.4522645e+09 | S44: =IF(K44=0,0,R44/K44) -> 0.18194536
A45: 111 | E45: Beban tunjangan transportasi karyawan | F45: =KANWIL!F45+SURABAYA!F45+KEDIRI!F45+MALANG!F45+MADIUN!F45+BANYUWANGI!F45 -> 313456462 | G45: =KANWIL!G45+SURABAYA!G45+KEDIRI!G45+MALANG!G45+MADIUN!G45+BANYUWANGI!G45 -> 0 | H45: =KANWIL!H45+SURABAYA!H45+KEDIRI!H45+MALANG!H45+MADIUN!H45+BANYUWANGI!H45 -> 6427576 | I45: =KANWIL!I45+SURABAYA!I45+KEDIRI!I45+MALANG!I45+MADIUN!I45+BANYUWANGI!I45 -> 8272461 | J45: =KANWIL!J45+SURABAYA!J45+KEDIRI!J45+MALANG!J45+MADIUN!J45+BANYUWANGI!J45 -> 36398899 | K45: =SUM(F45:J45) -> 364555398 | L45: =KANWIL!L45+SURABAYA!L45+KEDIRI!L45+MALANG!L45+MADIUN!L45+BANYUWANGI!L45 -> 1.784013e+08 | N45: =KANWIL!N45+SURABAYA!N45+KEDIRI!N45+MALANG!N45+MADIUN!N45+BANYUWANGI!N45 -> 1869203.5 | O45: =KANWIL!O45+SURABAYA!O45+KEDIRI!O45+MALANG!O45+MADIUN!O45+BANYUWANGI!O45 -> 3876255.7 | P45: =KANWIL!P45+SURABAYA!P45+KEDIRI!P45+MALANG!P45+MADIUN!P45+BANYUWANGI!P45 -> 72569909 | Q45: =N45+O45+P45 -> 78315368 | R45: =SUM(L45:P45) -> 256716667 | S45: =IF(K45=0,0,R45/K45) -> 0.7041911
A46: 112 | E46: Beban tunjangan jabatan | F46: =KANWIL!F46+SURABAYA!F46+KEDIRI!F46+MALANG!F46+MADIUN!F46+BANYUWANGI!F46 -> 4718703168 | G46: =KANWIL!G46+SURABAYA!G46+KEDIRI!G46+MALANG!G46+MADIUN!G46+BANYUWANGI!G46 -> 0 | H46: =KANWIL!H46+SURABAYA!H46+KEDIRI!H46+MALANG!H46+MADIUN!H46+BANYUWANGI!H46 -> 96759287 | I46: =KANWIL!I46+SURABAYA!I46+KEDIRI!I46+MALANG!I46+MADIUN!I46+BANYUWANGI!I46 -> 124531748 | J46: =KANWIL!J46+SURABAYA!J46+KEDIRI!J46+MALANG!J46+MADIUN!J46+BANYUWANGI!J46 -> 547940862 | K46: =SUM(F46:J46) -> 5487935065 | L46: =KANWIL!L46+SURABAYA!L46+KEDIRI!L46+MALANG!L46+MADIUN!L46+BANYUWANGI!L46 -> 2.3255393e+09 | N46: =KANWIL!N46+SURABAYA!N46+KEDIRI!N46+MALANG!N46+MADIUN!N46+BANYUWANGI!N46 -> 27118692 | O46: =KANWIL!O46+SURABAYA!O46+KEDIRI!O46+MALANG!O46+MADIUN!O46+BANYUWANGI!O46 -> 52577544 | P46: =KANWIL!P46+SURABAYA!P46+KEDIRI!P46+MALANG!P46+MADIUN!P46+BANYUWANGI!P46 -> 9.4212279e+08 | Q46: =N46+O46+P46 -> 1.021819e+09 | R46: =SUM(L46:P46) -> 3347358334 | S46: =IF(K46=0,0,R46/K46) -> 0.6099486
A47: 113 | E47: Beban tunjangan cuti besar | F47: =KANWIL!F47+SURABAYA!F47+KEDIRI!F47+MALANG!F47+MADIUN!F47+BANYUWANGI!F47 -> 109801507 | G47: =KANWIL!G47+SURABAYA!G47+KEDIRI!G47+MALANG!G47+MADIUN!G47+BANYUWANGI!G47 -> 0 | H47: =KANWIL!H47+SURABAYA!H47+KEDIRI!H47+MALANG!H47+MADIUN!H47+BANYUWANGI!H47 -> 2251533 | I47: =KANWIL!I47+SURABAYA!I47+KEDIRI!I47+MALANG!I47+MADIUN!I47+BANYUWANGI!I47 -> 2897782 | J47: =KANWIL!J47+SURABAYA!J47+KEDIRI!J47+MALANG!J47+MADIUN!J47+BANYUWANGI!J47 -> 12750269 | K47: =SUM(F47:J47) -> 127701091
A48: 114 | E48: Beban tunjangan cuti tahunan | F48: =KANWIL!F48+SURABAYA!F48+KEDIRI!F48+MALANG!F48+MADIUN!F48+BANYUWANGI!F48 -> 1053484460 | G48: =KANWIL!G48+SURABAYA!G48+KEDIRI!G48+MALANG!G48+MADIUN!G48+BANYUWANGI!G48 -> 0 | H48: =KANWIL!H48+SURABAYA!H48+KEDIRI!H48+MALANG!H48+MADIUN!H48+BANYUWANGI!H48 -> 21602207 | I48: =KANWIL!I48+SURABAYA!I48+KEDIRI!I48+MALANG!I48+MADIUN!I48+BANYUWANGI!I48 -> 27802609 | J48: =KANWIL!J48+SURABAYA!J48+KEDIRI!J48+MALANG!J48+MADIUN!J48+BANYUWANGI!J48 -> 122331745 | K48: =SUM(F48:J48) -> 1225221021
A49: 115 | E49: Beban tunjangan makan | F49: =KANWIL!F49+SURABAYA!F49+KEDIRI!F49+MALANG!F49+MADIUN!F49+BANYUWANGI!F49 -> 1290953987 | G49: =KANWIL!G49+SURABAYA!G49+KEDIRI!G49+MALANG!G49+MADIUN!G49+BANYUWANGI!G49 -> 0 | H49: =KANWIL!H49+SURABAYA!H49+KEDIRI!H49+MALANG!H49+MADIUN!H49+BANYUWANGI!H49 -> 26471636 | I49: =KANWIL!I49+SURABAYA!I49+KEDIRI!I49+MALANG!I49+MADIUN!I49+BANYUWANGI!I49 -> 34069692 | J49: =KANWIL!J49+SURABAYA!J49+KEDIRI!J49+MALANG!J49+MADIUN!J49+BANYUWANGI!J49 -> 149906959 | K49: =SUM(F49:J49) -> 1501402274 | L49: =KANWIL!L49+SURABAYA!L49+KEDIRI!L49+MALANG!L49+MADIUN!L49+BANYUWANGI!L49 -> 6.9184806e+08 | N49: =KANWIL!N49+SURABAYA!N49+KEDIRI!N49+MALANG!N49+MADIUN!N49+BANYUWANGI!N49 -> 8064422.1 | O49: =KANWIL!O49+SURABAYA!O49+KEDIRI!O49+MALANG!O49+MADIUN!O49+BANYUWANGI!O49 -> 15664396 | P49: =KANWIL!P49+SURABAYA!P49+KEDIRI!P49+MALANG!P49+MADIUN!P49+BANYUWANGI!P49 -> 2.7247312e+08 | Q49: =N49+O49+P49 -> 2.9620194e+08 | R49: =SUM(L49:P49) -> 988050000 | S49: =IF(K49=0,0,R49/K49) -> 0.65808479
A50: 124 | E50: Beban Tunjangan Pakaian Kerja | F50: =KANWIL!F50+SURABAYA!F50+KEDIRI!F50+MALANG!F50+MADIUN!F50+BANYUWANGI!F50 -> 267732673 | G50: =KANWIL!G50+SURABAYA!G50+KEDIRI!G50+MALANG!G50+MADIUN!G50+BANYUWANGI!G50 -> 0 | H50: =KANWIL!H50+SURABAYA!H50+KEDIRI!H50+MALANG!H50+MADIUN!H50+BANYUWANGI!H50 -> 5489988 | I50: =KANWIL!I50+SURABAYA!I50+KEDIRI!I50+MALANG!I50+MADIUN!I50+BANYUWANGI!I50 -> 7065759 | J50: =KANWIL!J50+SURABAYA!J50+KEDIRI!J50+MALANG!J50+MADIUN!J50+BANYUWANGI!J50 -> 31089406 | K50: =SUM(F50:J50) -> 311377826
A51: 143 | E51: Beban kompensasi PKWT/PKWTT | F51: =KANWIL!F51+SURABAYA!F51+KEDIRI!F51+MALANG!F51+MADIUN!F51+BANYUWANGI!F51 -> 0 | G51: =KANWIL!G51+SURABAYA!G51+KEDIRI!G51+MALANG!G51+MADIUN!G51+BANYUWANGI!G51 -> 0 | H51: =KANWIL!H51+SURABAYA!H51+KEDIRI!H51+MALANG!H51+MADIUN!H51+BANYUWANGI!H51 -> 0 | I51: =KANWIL!I51+SURABAYA!I51+KEDIRI!I51+MALANG!I51+MADIUN!I51+BANYUWANGI!I51 -> 0 | J51: =KANWIL!J51+SURABAYA!J51+KEDIRI!J51+MALANG!J51+MADIUN!J51+BANYUWANGI!J51 -> 0 | K51: =SUM(F51:J51) -> 0 | L51: =KANWIL!L51+SURABAYA!L51+KEDIRI!L51+MALANG!L51+MADIUN!L51+BANYUWANGI!L51 -> -867581.56 | N51: =KANWIL!N51+SURABAYA!N51+KEDIRI!N51+MALANG!N51+MADIUN!N51+BANYUWANGI!N51 -> 6236.0935 | O51: =KANWIL!O51+SURABAYA!O51+KEDIRI!O51+MALANG!O51+MADIUN!O51+BANYUWANGI!O51 -> 11786.252 | P51: =KANWIL!P51+SURABAYA!P51+KEDIRI!P51+MALANG!P51+MADIUN!P51+BANYUWANGI!P51 -> 849559.21 | Q51: =N51+O51+P51 -> 867581.56 | R51: =SUM(L51:P51) -> 0 | S51: 0
A52: 0 | E52: Beban tunjangan lainnya | F52: =KANWIL!F52+SURABAYA!F52+KEDIRI!F52+MALANG!F52+MADIUN!F52+BANYUWANGI!F52 -> 610008373 | G52: =KANWIL!G52+SURABAYA!G52+KEDIRI!G52+MALANG!G52+MADIUN!G52+BANYUWANGI!G52 -> 0 | H52: =KANWIL!H52+SURABAYA!H52+KEDIRI!H52+MALANG!H52+MADIUN!H52+BANYUWANGI!H52 -> 12508516 | I52: =KANWIL!I52+SURABAYA!I52+KEDIRI!I52+MALANG!I52+MADIUN!I52+BANYUWANGI!I52 -> 16098789 | J52: =KANWIL!J52+SURABAYA!J52+KEDIRI!J52+MALANG!J52+MADIUN!J52+BANYUWANGI!J52 -> 70834826 | K52: =SUM(F52:J52) -> 709450504 | L52: =KANWIL!L52+SURABAYA!L52+KEDIRI!L52+MALANG!L52+MADIUN!L52+BANYUWANGI!L52 -> 4.1226785e+08 | N52: =KANWIL!N52+SURABAYA!N52+KEDIRI!N52+MALANG!N52+MADIUN!N52+BANYUWANGI!N52 -> 4889444.3 | O52: =KANWIL!O52+SURABAYA!O52+KEDIRI!O52+MALANG!O52+MADIUN!O52+BANYUWANGI!O52 -> 9432623.8 | P52: =KANWIL!P52+SURABAYA!P52+KEDIRI!P52+MALANG!P52+MADIUN!P52+BANYUWANGI!P52 -> 1.6826041e+08 | Q52: =N52+O52+P52 -> 1.8258248e+08 | R52: =SUM(L52:P52) -> 594850335 | S52: =IF(K52=0,0,R52/K52) -> 0.83846629
B53: 21 | C53: Y2 | E53: Total Beban Karyawan | F53: =SUM(F30:F52) -> 40025922372 | G53: =SUM(G30:G52) -> 0 | H53: =SUM(H30:H52) -> 820750873 | I53: =SUM(I30:I52) -> 1056327972 | J53: =SUM(J30:J52) -> 4647852957 | K53: =SUM(K30:K52) -> 46550854174 | L53: =SUM(L30:L52) -> 1.5070372e+10 | N53: =SUM(N30:N52) -> 1.8073749e+08 | O53: =SUM(O30:O52) -> 3.4959199e+08 | P53: =SUM(P30:P52) -> 6.1475475e+09 | Q53: =SUM(Q30:Q52) -> 6.6778769e+09 | R53: =SUM(R30:R52) -> 2.1748249e+10 | S53: =IF(K53=0,0,R53/K53) -> 0.46719334
C54: 22
C55: X2 | E55: BEBAN ADMINISTRASI & UMUM
A56: 169 | E56: Imbal jasa profesional - akuntan publik | F56: =KANWIL!F56+SURABAYA!F56+KEDIRI!F56+MALANG!F56+MADIUN!F56+BANYUWANGI!F56 -> 436599 | G56: =KANWIL!G56+SURABAYA!G56+KEDIRI!G56+MALANG!G56+MADIUN!G56+BANYUWANGI!G56 -> 0 | H56: =KANWIL!H56+SURABAYA!H56+KEDIRI!H56+MALANG!H56+MADIUN!H56+BANYUWANGI!H56 -> 8953 | I56: =KANWIL!I56+SURABAYA!I56+KEDIRI!I56+MALANG!I56+MADIUN!I56+BANYUWANGI!I56 -> 11522 | J56: =KANWIL!J56+SURABAYA!J56+KEDIRI!J56+MALANG!J56+MADIUN!J56+BANYUWANGI!J56 -> 50698 | K56: =SUM(F56:J56) -> 507772
A57: 171 | E57: Imbal jasa profesional - konsultan hukum | F57: =KANWIL!F57+SURABAYA!F57+KEDIRI!F57+MALANG!F57+MADIUN!F57+BANYUWANGI!F57 -> 8349505 | G57: =KANWIL!G57+SURABAYA!G57+KEDIRI!G57+MALANG!G57+MADIUN!G57+BANYUWANGI!G57 -> 0 | H57: =KANWIL!H57+SURABAYA!H57+KEDIRI!H57+MALANG!H57+MADIUN!H57+BANYUWANGI!H57 -> 171211 | I57: =KANWIL!I57+SURABAYA!I57+KEDIRI!I57+MALANG!I57+MADIUN!I57+BANYUWANGI!I57 -> 220353 | J57: =KANWIL!J57+SURABAYA!J57+KEDIRI!J57+MALANG!J57+MADIUN!J57+BANYUWANGI!J57 -> 969554 | K57: =SUM(F57:J57) -> 9710623
A58: 175 | E58: Imbal jasa profesional - konsultan manajemen (SDM, SOP, Akuntansi dll) | F58: =KANWIL!F58+SURABAYA!F58+KEDIRI!F58+MALANG!F58+MADIUN!F58+BANYUWANGI!F58 -> 2646050 | G58: =KANWIL!G58+SURABAYA!G58+KEDIRI!G58+MALANG!G58+MADIUN!G58+BANYUWANGI!G58 -> 0 | H58: =KANWIL!H58+SURABAYA!H58+KEDIRI!H58+MALANG!H58+MADIUN!H58+BANYUWANGI!H58 -> 54259 | I58: =KANWIL!I58+SURABAYA!I58+KEDIRI!I58+MALANG!I58+MADIUN!I58+BANYUWANGI!I58 -> 69832 | J58: =KANWIL!J58+SURABAYA!J58+KEDIRI!J58+MALANG!J58+MADIUN!J58+BANYUWANGI!J58 -> 307262 | K58: =SUM(F58:J58) -> 3077403
A59: 176 | E59: Beban imbal jasa profesional IT | F59: =KANWIL!F59+SURABAYA!F59+KEDIRI!F59+MALANG!F59+MADIUN!F59+BANYUWANGI!F59 -> 0 | G59: =KANWIL!G59+SURABAYA!G59+KEDIRI!G59+MALANG!G59+MADIUN!G59+BANYUWANGI!G59 -> 0 | H59: =KANWIL!H59+SURABAYA!H59+KEDIRI!H59+MALANG!H59+MADIUN!H59+BANYUWANGI!H59 -> 0 | I59: =KANWIL!I59+SURABAYA!I59+KEDIRI!I59+MALANG!I59+MADIUN!I59+BANYUWANGI!I59 -> 0 | J59: =KANWIL!J59+SURABAYA!J59+KEDIRI!J59+MALANG!J59+MADIUN!J59+BANYUWANGI!J59 -> 0 | K59: =SUM(F59:J59) -> 0
A60: 177 | E60: Imbal jasa profesional - lainnya | F60: =KANWIL!F60+SURABAYA!F60+KEDIRI!F60+MALANG!F60+MADIUN!F60+BANYUWANGI!F60 -> 1891926 | G60: =KANWIL!G60+SURABAYA!G60+KEDIRI!G60+MALANG!G60+MADIUN!G60+BANYUWANGI!G60 -> 0 | H60: =KANWIL!H60+SURABAYA!H60+KEDIRI!H60+MALANG!H60+MADIUN!H60+BANYUWANGI!H60 -> 38795 | I60: =KANWIL!I60+SURABAYA!I60+KEDIRI!I60+MALANG!I60+MADIUN!I60+BANYUWANGI!I60 -> 49930 | J60: =KANWIL!J60+SURABAYA!J60+KEDIRI!J60+MALANG!J60+MADIUN!J60+BANYUWANGI!J60 -> 219692 | K60: =SUM(F60:J60) -> 2200343 | L60: =KANWIL!L60+SURABAYA!L60+KEDIRI!L60+MALANG!L60+MADIUN!L60+BANYUWANGI!L60 -> 2743895 | N60: =KANWIL!N60+SURABAYA!N60+KEDIRI!N60+MALANG!N60+MADIUN!N60+BANYUWANGI!N60 -> 30216.367 | O60: =KANWIL!O60+SURABAYA!O60+KEDIRI!O60+MALANG!O60+MADIUN!O60+BANYUWANGI!O60 -> 53655.04 | P60: =KANWIL!P60+SURABAYA!P60+KEDIRI!P60+MALANG!P60+MADIUN!P60+BANYUWANGI!P60 -> 1022233.6 | Q60: =N60+O60+P60 -> 1106105 | R60: =SUM(L60:P60) -> 3850000 | S60: =IF(K60=0,0,R60/K60) -> 1.7497272
A61: 179 | E61: Air, listrik dan utilitas - gedung | F61: =KANWIL!F61+SURABAYA!F61+KEDIRI!F61+MALANG!F61+MADIUN!F61+BANYUWANGI!F61 -> 873828187 | G61: =KANWIL!G61+SURABAYA!G61+KEDIRI!G61+MALANG!G61+MADIUN!G61+BANYUWANGI!G61 -> 0 | H61: =KANWIL!H61+SURABAYA!H61+KEDIRI!H61+MALANG!H61+MADIUN!H61+BANYUWANGI!H61 -> 17918270 | I61: =KANWIL!I61+SURABAYA!I61+KEDIRI!I61+MALANG!I61+MADIUN!I61+BANYUWANGI!I61 -> 23061285 | J61: =KANWIL!J61+SURABAYA!J61+KEDIRI!J61+MALANG!J61+MADIUN!J61+BANYUWANGI!J61 -> 101469864 | K61: =SUM(F61:J61) -> 1016277606 | L61: =KANWIL!L61+SURABAYA!L61+KEDIRI!L61+MALANG!L61+MADIUN!L61+BANYUWANGI!L61 -> 4.3838503e+08 | N61: =KANWIL!N61+SURABAYA!N61+KEDIRI!N61+MALANG!N61+MADIUN!N61+BANYUWANGI!N61 -> 5883924.9 | O61: =KANWIL!O61+SURABAYA!O61+KEDIRI!O61+MALANG!O61+MADIUN!O61+BANYUWANGI!O61 -> 9514983.1 | P61: =KANWIL!P61+SURABAYA!P61+KEDIRI!P61+MALANG!P61+MADIUN!P61+BANYUWANGI!P61 -> 1.7796123e+08 | Q61: =N61+O61+P61 -> 1.9336014e+08 | R61: =SUM(L61:P61) -> 6.3174518e+08 | S61: =IF(K61=0,0,R61/K61) -> 0.62162658
A62: 180 | E62: Air, listrik dan utilitas - rumah dinas | F62: =KANWIL!F62+SURABAYA!F62+KEDIRI!F62+MALANG!F62+MADIUN!F62+BANYUWANGI!F62 -> 83135894 | G62: =KANWIL!G62+SURABAYA!G62+KEDIRI!G62+MALANG!G62+MADIUN!G62+BANYUWANGI!G62 -> 0 | H62: =KANWIL!H62+SURABAYA!H62+KEDIRI!H62+MALANG!H62+MADIUN!H62+BANYUWANGI!H62 -> 1704742 | I62: =KANWIL!I62+SURABAYA!I62+KEDIRI!I62+MALANG!I62+MADIUN!I62+BANYUWANGI!I62 -> 2194048 | J62: =KANWIL!J62+SURABAYA!J62+KEDIRI!J62+MALANG!J62+MADIUN!J62+BANYUWANGI!J62 -> 9653828 | K62: =SUM(F62:J62) -> 96688512 | L62: =KANWIL!L62+SURABAYA!L62+KEDIRI!L62+MALANG!L62+MADIUN!L62+BANYUWANGI!L62 -> 35708009 | N62: =KANWIL!N62+SURABAYA!N62+KEDIRI!N62+MALANG!N62+MADIUN!N62+BANYUWANGI!N62 -> 330085.64 | O62: =KANWIL!O62+SURABAYA!O62+KEDIRI!O62+MALANG!O62+MADIUN!O62+BANYUWANGI!O62 -> 770175.61 | P62: =KANWIL!P62+SURABAYA!P62+KEDIRI!P62+MALANG!P62+MADIUN!P62+BANYUWANGI!P62 -> 14702244 | Q62: =N62+O62+P62 -> 15802505 | R62: =SUM(L62:P62) -> 51510514 | S62: =IF(K62=0,0,R62/K62) -> 0.53274699
A63: 181 | E63: Pemasaran | F63: =KANWIL!F63+SURABAYA!F63+KEDIRI!F63+MALANG!F63+MADIUN!F63+BANYUWANGI!F63 -> 4313613701 | G63: =KANWIL!G63+SURABAYA!G63+KEDIRI!G63+MALANG!G63+MADIUN!G63+BANYUWANGI!G63 -> 0 | H63: =KANWIL!H63+SURABAYA!H63+KEDIRI!H63+MALANG!H63+MADIUN!H63+BANYUWANGI!H63 -> 88452734 | I63: =KANWIL!I63+SURABAYA!I63+KEDIRI!I63+MALANG!I63+MADIUN!I63+BANYUWANGI!I63 -> 113840995 | J63: =KANWIL!J63+SURABAYA!J63+KEDIRI!J63+MALANG!J63+MADIUN!J63+BANYUWANGI!J63 -> 500901441 | K63: =SUM(F63:J63) -> 5016808871 | L63: =KANWIL!L63+SURABAYA!L63+KEDIRI!L63+MALANG!L63+MADIUN!L63+BANYUWANGI!L63 -> 2.0460988e+09 | N63: =KANWIL!N63+SURABAYA!N63+KEDIRI!N63+MALANG!N63+MADIUN!N63+BANYUWANGI!N63 -> 25485861 | O63: =KANWIL!O63+SURABAYA!O63+KEDIRI!O63+MALANG!O63+MADIUN!O63+BANYUWANGI!O63 -> 44953314 | P63: =KANWIL!P63+SURABAYA!P63+KEDIRI!P63+MALANG!P63+MADIUN!P63+BANYUWANGI!P63 -> 8.7437341e+08 | Q63: =N63+O63+P63 -> 9.4481258e+08 | R63: =SUM(L63:P63) -> 2.9909113e+09 | S63: =IF(K63=0,0,R63/K63) -> 0.59617805
A64: 134 | E64: Beban pelatihan manajemen | F64: =KANWIL!F64+SURABAYA!F64+KEDIRI!F64+MALANG!F64+MADIUN!F64+BANYUWANGI!F64 -> 0 | G64: =KANWIL!G64+SURABAYA!G64+KEDIRI!G64+MALANG!G64+MADIUN!G64+BANYUWANGI!G64 -> 0 | H64: =KANWIL!H64+SURABAYA!H64+KEDIRI!H64+MALANG!H64+MADIUN!H64+BANYUWANGI!H64 -> 0 | I64: =KANWIL!I64+SURABAYA!I64+KEDIRI!I64+MALANG!I64+MADIUN!I64+BANYUWANGI!I64 -> 0 | J64: =KANWIL!J64+SURABAYA!J64+KEDIRI!J64+MALANG!J64+MADIUN!J64+BANYUWANGI!J64 -> 0 | K64: =SUM(F64:J64) -> 0
A65: 132 | E65: Beban pelatihan karyawan - insidentil | F65: =KANWIL!F65+SURABAYA!F65+KEDIRI!F65+MALANG!F65+MADIUN!F65+BANYUWANGI!F65 -> 0 | G65: =KANWIL!G65+SURABAYA!G65+KEDIRI!G65+MALANG!G65+MADIUN!G65+BANYUWANGI!G65 -> 0 | H65: =KANWIL!H65+SURABAYA!H65+KEDIRI!H65+MALANG!H65+MADIUN!H65+BANYUWANGI!H65 -> 0 | I65: =KANWIL!I65+SURABAYA!I65+KEDIRI!I65+MALANG!I65+MADIUN!I65+BANYUWANGI!I65 -> 0 | J65: =KANWIL!J65+SURABAYA!J65+KEDIRI!J65+MALANG!J65+MADIUN!J65+BANYUWANGI!J65 -> 0 | K65: =SUM(F65:J65) -> 0
A66: 133 | E66: Beban pelatihan karyawan - leadership | F66: =KANWIL!F66+SURABAYA!F66+KEDIRI!F66+MALANG!F66+MADIUN!F66+BANYUWANGI!F66 -> 0 | G66: =KANWIL!G66+SURABAYA!G66+KEDIRI!G66+MALANG!G66+MADIUN!G66+BANYUWANGI!G66 -> 0 | H66: =KANWIL!H66+SURABAYA!H66+KEDIRI!H66+MALANG!H66+MADIUN!H66+BANYUWANGI!H66 -> 0 | I66: =KANWIL!I66+SURABAYA!I66+KEDIRI!I66+MALANG!I66+MADIUN!I66+BANYUWANGI!I66 -> 0 | J66: =KANWIL!J66+SURABAYA!J66+KEDIRI!J66+MALANG!J66+MADIUN!J66+BANYUWANGI!J66 -> 0 | K66: =SUM(F66:J66) -> 0
A67: 182 | E67: Beban pelatihan karyawan - TNA | F67: =KANWIL!F67+SURABAYA!F67+KEDIRI!F67+MALANG!F67+MADIUN!F67+BANYUWANGI!F67 -> 0 | G67: =KANWIL!G67+SURABAYA!G67+KEDIRI!G67+MALANG!G67+MADIUN!G67+BANYUWANGI!G67 -> 0 | H67: =KANWIL!H67+SURABAYA!H67+KEDIRI!H67+MALANG!H67+MADIUN!H67+BANYUWANGI!H67 -> 0 | I67: =KANWIL!I67+SURABAYA!I67+KEDIRI!I67+MALANG!I67+MADIUN!I67+BANYUWANGI!I67 -> 0 | J67: =KANWIL!J67+SURABAYA!J67+KEDIRI!J67+MALANG!J67+MADIUN!J67+BANYUWANGI!J67 -> 0 | K67: =SUM(F67:J67) -> 0
A68: 137 | E68: Beban sertifikasi | F68: =KANWIL!F68+SURABAYA!F68+KEDIRI!F68+MALANG!F68+MADIUN!F68+BANYUWANGI!F68 -> 0 | G68: =KANWIL!G68+SURABAYA!G68+KEDIRI!G68+MALANG!G68+MADIUN!G68+BANYUWANGI!G68 -> 0 | H68: =KANWIL!H68+SURABAYA!H68+KEDIRI!H68+MALANG!H68+MADIUN!H68+BANYUWANGI!H68 -> 0 | I68: =KANWIL!I68+SURABAYA!I68+KEDIRI!I68+MALANG!I68+MADIUN!I68+BANYUWANGI!I68 -> 0 | J68: =KANWIL!J68+SURABAYA!J68+KEDIRI!J68+MALANG!J68+MADIUN!J68+BANYUWANGI!J68 -> 0 | K68: =SUM(F68:J68) -> 0
A69: 129 | E69: Beban perekrutan karyawan | F69: =KANWIL!F69+SURABAYA!F69+KEDIRI!F69+MALANG!F69+MADIUN!F69+BANYUWANGI!F69 -> 0 | G69: =KANWIL!G69+SURABAYA!G69+KEDIRI!G69+MALANG!G69+MADIUN!G69+BANYUWANGI!G69 -> 0 | H69: =KANWIL!H69+SURABAYA!H69+KEDIRI!H69+MALANG!H69+MADIUN!H69+BANYUWANGI!H69 -> 0 | I69: =KANWIL!I69+SURABAYA!I69+KEDIRI!I69+MALANG!I69+MADIUN!I69+BANYUWANGI!I69 -> 0 | J69: =KANWIL!J69+SURABAYA!J69+KEDIRI!J69+MALANG!J69+MADIUN!J69+BANYUWANGI!J69 -> 0 | K69: =SUM(F69:J69) -> 0
A70: 5 | E70: Beban uang saku magang | F70: =KANWIL!F70+SURABAYA!F70+KEDIRI!F70+MALANG!F70+MADIUN!F70+BANYUWANGI!F70 -> 0 | G70: =KANWIL!G70+SURABAYA!G70+KEDIRI!G70+MALANG!G70+MADIUN!G70+BANYUWANGI!G70 -> 0 | H70: =KANWIL!H70+SURABAYA!H70+KEDIRI!H70+MALANG!H70+MADIUN!H70+BANYUWANGI!H70 -> 0 | I70: =KANWIL!I70+SURABAYA!I70+KEDIRI!I70+MALANG!I70+MADIUN!I70+BANYUWANGI!I70 -> 0 | J70: =KANWIL!J70+SURABAYA!J70+KEDIRI!J70+MALANG!J70+MADIUN!J70+BANYUWANGI!J70 -> 0 | K70: =SUM(F70:J70) -> 0
A71: 183 | E71: Akomodasi dinas dalam negeri | F71: =KANWIL!F71+SURABAYA!F71+KEDIRI!F71+MALANG!F71+MADIUN!F71+BANYUWANGI!F71 -> 630751011 | G71: =KANWIL!G71+SURABAYA!G71+KEDIRI!G71+MALANG!G71+MADIUN!G71+BANYUWANGI!G71 -> 0 | H71: =KANWIL!H71+SURABAYA!H71+KEDIRI!H71+MALANG!H71+MADIUN!H71+BANYUWANGI!H71 -> 12933856 | I71: =KANWIL!I71+SURABAYA!I71+KEDIRI!I71+MALANG!I71+MADIUN!I71+BANYUWANGI!I71 -> 16646213 | J71: =KANWIL!J71+SURABAYA!J71+KEDIRI!J71+MALANG!J71+MADIUN!J71+BANYUWANGI!J71 -> 73243484 | K71: =SUM(F71:J71) -> 733574564 | L71: =KANWIL!L71+SURABAYA!L71+KEDIRI!L71+MALANG!L71+MADIUN!L71+BANYUWANGI!L71 -> 1.6877233e+08 | N71: =KANWIL!N71+SURABAYA!N71+KEDIRI!N71+MALANG!N71+MADIUN!N71+BANYUWANGI!N71 -> 1818616.2 | O71: =KANWIL!O71+SURABAYA!O71+KEDIRI!O71+MALANG!O71+MADIUN!O71+BANYUWANGI!O71 -> 3553832.5 | P71: =KANWIL!P71+SURABAYA!P71+KEDIRI!P71+MALANG!P71+MADIUN!P71+BANYUWANGI!P71 -> 67229697 | Q71: =N71+O71+P71 -> 72602146 | R71: =SUM(L71:P71) -> 2.4137448e+08 | S71: =IF(K71=0,0,R71/K71) -> 0.32903878
A72: 184 | E72: Tranportasi dinas dalam negeri | F72: =KANWIL!F72+SURABAYA!F72+KEDIRI!F72+MALANG!F72+MADIUN!F72+BANYUWANGI!F72 -> 59450300 | G72: =KANWIL!G72+SURABAYA!G72+KEDIRI!G72+MALANG!G72+MADIUN!G72+BANYUWANGI!G72 -> 0 | H72: =KANWIL!H72+SURABAYA!H72+KEDIRI!H72+MALANG!H72+MADIUN!H72+BANYUWANGI!H72 -> 1219057 | I72: =KANWIL!I72+SURABAYA!I72+KEDIRI!I72+MALANG!I72+MADIUN!I72+BANYUWANGI!I72 -> 1568957 | J72: =KANWIL!J72+SURABAYA!J72+KEDIRI!J72+MALANG!J72+MADIUN!J72+BANYUWANGI!J72 -> 6903430 | K72: =SUM(F72:J72) -> 69141744 | L72: =KANWIL!L72+SURABAYA!L72+KEDIRI!L72+MALANG!L72+MADIUN!L72+BANYUWANGI!L72 -> 86242563 | N72: =KANWIL!N72+SURABAYA!N72+KEDIRI!N72+MALANG!N72+MADIUN!N72+BANYUWANGI!N72 -> 948379.97 | O72: =KANWIL!O72+SURABAYA!O72+KEDIRI!O72+MALANG!O72+MADIUN!O72+BANYUWANGI!O72 -> 2091659.2 | P72: =KANWIL!P72+SURABAYA!P72+KEDIRI!P72+MALANG!P72+MADIUN!P72+BANYUWANGI!P72 -> 35324297 | Q72: =N72+O72+P72 -> 38364336 | R72: =SUM(L72:P72) -> 1.246069e+08 | S72: =IF(K72=0,0,R72/K72) -> 1.8021949
A73: 185 | E73: Tunjangan perjalanan dinas dalam negeri | F73: =KANWIL!F73+SURABAYA!F73+KEDIRI!F73+MALANG!F73+MADIUN!F73+BANYUWANGI!F73 -> 334756308 | G73: =KANWIL!G73+SURABAYA!G73+KEDIRI!G73+MALANG!G73+MADIUN!G73+BANYUWANGI!G73 -> 0 | H73: =KANWIL!H73+SURABAYA!H73+KEDIRI!H73+MALANG!H73+MADIUN!H73+BANYUWANGI!H73 -> 6864341 | I73: =KANWIL!I73+SURABAYA!I73+KEDIRI!I73+MALANG!I73+MADIUN!I73+BANYUWANGI!I73 -> 8834586 | J73: =KANWIL!J73+SURABAYA!J73+KEDIRI!J73+MALANG!J73+MADIUN!J73+BANYUWANGI!J73 -> 38872263 | K73: =SUM(F73:J73) -> 389327498 | L73: =KANWIL!L73+SURABAYA!L73+KEDIRI!L73+MALANG!L73+MADIUN!L73+BANYUWANGI!L73 -> 283870525 | N73: =KANWIL!N73+SURABAYA!N73+KEDIRI!N73+MALANG!N73+MADIUN!N73+BANYUWANGI!N73 -> 3299273.7 | O73: =KANWIL!O73+SURABAYA!O73+KEDIRI!O73+MALANG!O73+MADIUN!O73+BANYUWANGI!O73 -> 6790560.3 | P73: =KANWIL!P73+SURABAYA!P73+KEDIRI!P73+MALANG!P73+MADIUN!P73+BANYUWANGI!P73 -> 1.1676964e+08 | Q73: =N73+O73+P73 -> 126859475 | R73: =SUM(L73:P73) -> 410730000 | S73: =IF(K73=0,0,R73/K73) -> 1.054973
A74: 186 | E74: Akomodasi dinas luar negeri | F74: =KANWIL!F74+SURABAYA!F74+KEDIRI!F74+MALANG!F74+MADIUN!F74+BANYUWANGI!F74 -> 0 | G74: =KANWIL!G74+SURABAYA!G74+KEDIRI!G74+MALANG!G74+MADIUN!G74+BANYUWANGI!G74 -> 0 | H74: =KANWIL!H74+SURABAYA!H74+KEDIRI!H74+MALANG!H74+MADIUN!H74+BANYUWANGI!H74 -> 0 | I74: =KANWIL!I74+SURABAYA!I74+KEDIRI!I74+MALANG!I74+MADIUN!I74+BANYUWANGI!I74 -> 0 | J74: =KANWIL!J74+SURABAYA!J74+KEDIRI!J74+MALANG!J74+MADIUN!J74+BANYUWANGI!J74 -> 0 | K74: =SUM(F74:J74) -> 0
A75: 187 | E75: Tranportasi dinas luar negeri | F75: =KANWIL!F75+SURABAYA!F75+KEDIRI!F75+MALANG!F75+MADIUN!F75+BANYUWANGI!F75 -> 0 | G75: =KANWIL!G75+SURABAYA!G75+KEDIRI!G75+MALANG!G75+MADIUN!G75+BANYUWANGI!G75 -> 0 | H75: =KANWIL!H75+SURABAYA!H75+KEDIRI!H75+MALANG!H75+MADIUN!H75+BANYUWANGI!H75 -> 0 | I75: =KANWIL!I75+SURABAYA!I75+KEDIRI!I75+MALANG!I75+MADIUN!I75+BANYUWANGI!I75 -> 0 | J75: =KANWIL!J75+SURABAYA!J75+KEDIRI!J75+MALANG!J75+MADIUN!J75+BANYUWANGI!J75 -> 0 | K75: =SUM(F75:J75) -> 0 | L75: =KANWIL!L75+SURABAYA!L75+KEDIRI!L75+MALANG!L75+MADIUN!L75+BANYUWANGI!L75 -> 2645845.5 | N75: =KANWIL!N75+SURABAYA!N75+KEDIRI!N75+MALANG!N75+MADIUN!N75+BANYUWANGI!N75 -> 68788.123 | O75: =KANWIL!O75+SURABAYA!O75+KEDIRI!O75+MALANG!O75+MADIUN!O75+BANYUWANGI!O75 -> 63812.573 | P75: =KANWIL!P75+SURABAYA!P75+KEDIRI!P75+MALANG!P75+MADIUN!P75+BANYUWANGI!P75 -> 999713.85 | Q75: =N75+O75+P75 -> 1132314.6 | R75: =SUM(L75:P75) -> 3778160 | S75: 0
A76: 188 | E76: Tunjangan perjalanan dinas luar negeri | F76: =KANWIL!F76+SURABAYA!F76+KEDIRI!F76+MALANG!F76+MADIUN!F76+BANYUWANGI!F76 -> 0 | G76: =KANWIL!G76+SURABAYA!G76+KEDIRI!G76+MALANG!G76+MADIUN!G76+BANYUWANGI!G76 -> 0 | H76: =KANWIL!H76+SURABAYA!H76+KEDIRI!H76+MALANG!H76+MADIUN!H76+BANYUWANGI!H76 -> 0 | I76: =KANWIL!I76+SURABAYA!I76+KEDIRI!I76+MALANG!I76+MADIUN!I76+BANYUWANGI!I76 -> 0 | J76: =KANWIL!J76+SURABAYA!J76+KEDIRI!J76+MALANG!J76+MADIUN!J76+BANYUWANGI!J76 -> 0 | K76: =SUM(F76:J76) -> 0
A77: 189 | E77: Percetakan dan inventaris kantor | F77: =KANWIL!F77+SURABAYA!F77+KEDIRI!F77+MALANG!F77+MADIUN!F77+BANYUWANGI!F77 -> 693742351 | G77: =KANWIL!G77+SURABAYA!G77+KEDIRI!G77+MALANG!G77+MADIUN!G77+BANYUWANGI!G77 -> 0 | H77: =KANWIL!H77+SURABAYA!H77+KEDIRI!H77+MALANG!H77+MADIUN!H77+BANYUWANGI!H77 -> 14225522 | I77: =KANWIL!I77+SURABAYA!I77+KEDIRI!I77+MALANG!I77+MADIUN!I77+BANYUWANGI!I77 -> 18308622 | J77: =KANWIL!J77+SURABAYA!J77+KEDIRI!J77+MALANG!J77+MADIUN!J77+BANYUWANGI!J77 -> 80558105 | K77: =SUM(F77:J77) -> 806834600 | L77: =KANWIL!L77+SURABAYA!L77+KEDIRI!L77+MALANG!L77+MADIUN!L77+BANYUWANGI!L77 -> 307661627 | N77: =KANWIL!N77+SURABAYA!N77+KEDIRI!N77+MALANG!N77+MADIUN!N77+BANYUWANGI!N77 -> 4265538.6 | O77: =KANWIL!O77+SURABAYA!O77+KEDIRI!O77+MALANG!O77+MADIUN!O77+BANYUWANGI!O77 -> 7911839 | P77: =KANWIL!P77+SURABAYA!P77+KEDIRI!P77+MALANG!P77+MADIUN!P77+BANYUWANGI!P77 -> 1.2202883e+08 | Q77: =N77+O77+P77 -> 1.342062e+08 | R77: =SUM(L77:P77) -> 4.4186783e+08 | S77: =IF(K77=0,0,R77/K77) -> 0.54765603
A78: 190 | E78: Telepon, fax dan komunikasi - gedung | F78: =KANWIL!F78+SURABAYA!F78+KEDIRI!F78+MALANG!F78+MADIUN!F78+BANYUWANGI!F78 -> 285126456 | G78: =KANWIL!G78+SURABAYA!G78+KEDIRI!G78+MALANG!G78+MADIUN!G78+BANYUWANGI!G78 -> 0 | H78: =KANWIL!H78+SURABAYA!H78+KEDIRI!H78+MALANG!H78+MADIUN!H78+BANYUWANGI!H78 -> 5846655 | I78: =KANWIL!I78+SURABAYA!I78+KEDIRI!I78+MALANG!I78+MADIUN!I78+BANYUWANGI!I78 -> 7524800 | J78: =KANWIL!J78+SURABAYA!J78+KEDIRI!J78+MALANG!J78+MADIUN!J78+BANYUWANGI!J78 -> 33109189 | K78: =SUM(F78:J78) -> 331607100 | L78: =KANWIL!L78+SURABAYA!L78+KEDIRI!L78+MALANG!L78+MADIUN!L78+BANYUWANGI!L78 -> 1.1409938e+08 | N78: =KANWIL!N78+SURABAYA!N78+KEDIRI!N78+MALANG!N78+MADIUN!N78+BANYUWANGI!N78 -> 1439309.6 | O78: =KANWIL!O78+SURABAYA!O78+KEDIRI!O78+MALANG!O78+MADIUN!O78+BANYUWANGI!O78 -> 2970529.9 | P78: =KANWIL!P78+SURABAYA!P78+KEDIRI!P78+MALANG!P78+MADIUN!P78+BANYUWANGI!P78 -> 46819161 | Q78: =N78+O78+P78 -> 51229000 | R78: =SUM(L78:P78) -> 1.6532838e+08 | S78: =IF(K78=0,0,R78/K78) -> 0.49856706
A79: 192 | E79: Telepon, fax dan komunikasi - rumah dinas | F79: =KANWIL!F79+SURABAYA!F79+KEDIRI!F79+MALANG!F79+MADIUN!F79+BANYUWANGI!F79 -> 41861489 | G79: =KANWIL!G79+SURABAYA!G79+KEDIRI!G79+MALANG!G79+MADIUN!G79+BANYUWANGI!G79 -> 0 | H79: =KANWIL!H79+SURABAYA!H79+KEDIRI!H79+MALANG!H79+MADIUN!H79+BANYUWANGI!H79 -> 858389 | I79: =KANWIL!I79+SURABAYA!I79+KEDIRI!I79+MALANG!I79+MADIUN!I79+BANYUWANGI!I79 -> 1104771 | J79: =KANWIL!J79+SURABAYA!J79+KEDIRI!J79+MALANG!J79+MADIUN!J79+BANYUWANGI!J79 -> 4861001 | K79: =SUM(F79:J79) -> 48685650 | L79: =KANWIL!L79+SURABAYA!L79+KEDIRI!L79+MALANG!L79+MADIUN!L79+BANYUWANGI!L79 -> 13854940 | N79: =KANWIL!N79+SURABAYA!N79+KEDIRI!N79+MALANG!N79+MADIUN!N79+BANYUWANGI!N79 -> 124025.64 | O79: =KANWIL!O79+SURABAYA!O79+KEDIRI!O79+MALANG!O79+MADIUN!O79+BANYUWANGI!O79 -> 299923.5 | P79: =KANWIL!P79+SURABAYA!P79+KEDIRI!P79+MALANG!P79+MADIUN!P79+BANYUWANGI!P79 -> 5754503.6 | Q79: =N79+O79+P79 -> 6178452.7 | R79: =SUM(L79:P79) -> 20033393 | S79: =IF(K79=0,0,R79/K79) -> 0.41148456
A80: 193 | E80: Bensin dan parkir | F80: =KANWIL!F80+SURABAYA!F80+KEDIRI!F80+MALANG!F80+MADIUN!F80+BANYUWANGI!F80 -> 237252092 | G80: =KANWIL!G80+SURABAYA!G80+KEDIRI!G80+MALANG!G80+MADIUN!G80+BANYUWANGI!G80 -> 0 | H80: =KANWIL!H80+SURABAYA!H80+KEDIRI!H80+MALANG!H80+MADIUN!H80+BANYUWANGI!H80 -> 4864969 | I80: =KANWIL!I80+SURABAYA!I80+KEDIRI!I80+MALANG!I80+MADIUN!I80+BANYUWANGI!I80 -> 6261343 | J80: =KANWIL!J80+SURABAYA!J80+KEDIRI!J80+MALANG!J80+MADIUN!J80+BANYUWANGI!J80 -> 27549967 | K80: =SUM(F80:J80) -> 275928371 | L80: =KANWIL!L80+SURABAYA!L80+KEDIRI!L80+MALANG!L80+MADIUN!L80+BANYUWANGI!L80 -> 3.066157e+08 | N80: =KANWIL!N80+SURABAYA!N80+KEDIRI!N80+MALANG!N80+MADIUN!N80+BANYUWANGI!N80 -> 5041614.2 | O80: =KANWIL!O80+SURABAYA!O80+KEDIRI!O80+MALANG!O80+MADIUN!O80+BANYUWANGI!O80 -> 7037650.9 | P80: =KANWIL!P80+SURABAYA!P80+KEDIRI!P80+MALANG!P80+MADIUN!P80+BANYUWANGI!P80 -> 1.2316288e+08 | Q80: =N80+O80+P80 -> 1.3524215e+08 | R80: =SUM(L80:P80) -> 4.4185784e+08 | S80: =IF(K80=0,0,R80/K80) -> 1.6013498
A81: 204 | E81: Beban pemeliharaan kendaraan | F81: =KANWIL!F81+SURABAYA!F81+KEDIRI!F81+MALANG!F81+MADIUN!F81+BANYUWANGI!F81 -> 1295889838 | G81: =KANWIL!G81+SURABAYA!G81+KEDIRI!G81+MALANG!G81+MADIUN!G81+BANYUWANGI!G81 -> 0 | H81: =KANWIL!H81+SURABAYA!H81+KEDIRI!H81+MALANG!H81+MADIUN!H81+BANYUWANGI!H81 -> 26572847 | I81: =KANWIL!I81+SURABAYA!I81+KEDIRI!I81+MALANG!I81+MADIUN!I81+BANYUWANGI!I81 -> 34199954 | J81: =KANWIL!J81+SURABAYA!J81+KEDIRI!J81+MALANG!J81+MADIUN!J81+BANYUWANGI!J81 -> 150480114 | K81: =SUM(F81:J81) -> 1507142753 | L81: =KANWIL!L81+SURABAYA!L81+KEDIRI!L81+MALANG!L81+MADIUN!L81+BANYUWANGI!L81 -> 3.0914877e+08 | N81: =KANWIL!N81+SURABAYA!N81+KEDIRI!N81+MALANG!N81+MADIUN!N81+BANYUWANGI!N81 -> 3360043.5 | O81: =KANWIL!O81+SURABAYA!O81+KEDIRI!O81+MALANG!O81+MADIUN!O81+BANYUWANGI!O81 -> 7093655.9 | P81: =KANWIL!P81+SURABAYA!P81+KEDIRI!P81+MALANG!P81+MADIUN!P81+BANYUWANGI!P81 -> 1.2173558e+08 | Q81: =N81+O81+P81 -> 1.3218928e+08 | R81: =SUM(L81:P81) -> 4.4133805e+08 | S81: =IF(K81=0,0,R81/K81) -> 0.29283095
A82: 194 | E82: Beban penggunaan Data Center | F82: =KANWIL!F82+SURABAYA!F82+KEDIRI!F82+MALANG!F82+MADIUN!F82+BANYUWANGI!F82 -> 0 | G82: =KANWIL!G82+SURABAYA!G82+KEDIRI!G82+MALANG!G82+MADIUN!G82+BANYUWANGI!G82 -> 0 | H82: =KANWIL!H82+SURABAYA!H82+KEDIRI!H82+MALANG!H82+MADIUN!H82+BANYUWANGI!H82 -> 0 | I82: =KANWIL!I82+SURABAYA!I82+KEDIRI!I82+MALANG!I82+MADIUN!I82+BANYUWANGI!I82 -> 0 | J82: =KANWIL!J82+SURABAYA!J82+KEDIRI!J82+MALANG!J82+MADIUN!J82+BANYUWANGI!J82 -> 0 | K82: =SUM(F82:J82) -> 0
A83: 195 | E83: Beban jaringan dan konektivitas | F83: =KANWIL!F83+SURABAYA!F83+KEDIRI!F83+MALANG!F83+MADIUN!F83+BANYUWANGI!F83 -> 0 | G83: =KANWIL!G83+SURABAYA!G83+KEDIRI!G83+MALANG!G83+MADIUN!G83+BANYUWANGI!G83 -> 0 | H83: =KANWIL!H83+SURABAYA!H83+KEDIRI!H83+MALANG!H83+MADIUN!H83+BANYUWANGI!H83 -> 0 | I83: =KANWIL!I83+SURABAYA!I83+KEDIRI!I83+MALANG!I83+MADIUN!I83+BANYUWANGI!I83 -> 0 | J83: =KANWIL!J83+SURABAYA!J83+KEDIRI!J83+MALANG!J83+MADIUN!J83+BANYUWANGI!J83 -> 0 | K83: =SUM(F83:J83) -> 0
A84: 196 | E84: Beban penyewaan peralatan IT | F84: =KANWIL!F84+SURABAYA!F84+KEDIRI!F84+MALANG!F84+MADIUN!F84+BANYUWANGI!F84 -> 0 | G84: =KANWIL!G84+SURABAYA!G84+KEDIRI!G84+MALANG!G84+MADIUN!G84+BANYUWANGI!G84 -> 0 | H84: =KANWIL!H84+SURABAYA!H84+KEDIRI!H84+MALANG!H84+MADIUN!H84+BANYUWANGI!H84 -> 0 | I84: =KANWIL!I84+SURABAYA!I84+KEDIRI!I84+MALANG!I84+MADIUN!I84+BANYUWANGI!I84 -> 0 | J84: =KANWIL!J84+SURABAYA!J84+KEDIRI!J84+MALANG!J84+MADIUN!J84+BANYUWANGI!J84 -> 0 | K84: =SUM(F84:J84) -> 0
A85: 197 | E85: Beban pemeliharaan peralatan IT | F85: =KANWIL!F85+SURABAYA!F85+KEDIRI!F85+MALANG!F85+MADIUN!F85+BANYUWANGI!F85 -> 0 | G85: =KANWIL!G85+SURABAYA!G85+KEDIRI!G85+MALANG!G85+MADIUN!G85+BANYUWANGI!G85 -> 0 | H85: =KANWIL!H85+SURABAYA!H85+KEDIRI!H85+MALANG!H85+MADIUN!H85+BANYUWANGI!H85 -> 0 | I85: =KANWIL!I85+SURABAYA!I85+KEDIRI!I85+MALANG!I85+MADIUN!I85+BANYUWANGI!I85 -> 0 | J85: =KANWIL!J85+SURABAYA!J85+KEDIRI!J85+MALANG!J85+MADIUN!J85+BANYUWANGI!J85 -> 0 | K85: =SUM(F85:J85) -> 0
A86: 198 | E86: Beban pemeliharaan perangkat lunak IT | F86: =KANWIL!F86+SURABAYA!F86+KEDIRI!F86+MALANG!F86+MADIUN!F86+BANYUWANGI!F86 -> 0 | G86: =KANWIL!G86+SURABAYA!G86+KEDIRI!G86+MALANG!G86+MADIUN!G86+BANYUWANGI!G86 -> 0 | H86: =KANWIL!H86+SURABAYA!H86+KEDIRI!H86+MALANG!H86+MADIUN!H86+BANYUWANGI!H86 -> 0 | I86: =KANWIL!I86+SURABAYA!I86+KEDIRI!I86+MALANG!I86+MADIUN!I86+BANYUWANGI!I86 -> 0 | J86: =KANWIL!J86+SURABAYA!J86+KEDIRI!J86+MALANG!J86+MADIUN!J86+BANYUWANGI!J86 -> 0 | K86: =SUM(F86:J86) -> 0
A87: 202 | E87: Beban pemeliharaan gedung | F87: =KANWIL!F87+SURABAYA!F87+KEDIRI!F87+MALANG!F87+MADIUN!F87+BANYUWANGI!F87 -> 908032614 | G87: =KANWIL!G87+SURABAYA!G87+KEDIRI!G87+MALANG!G87+MADIUN!G87+BANYUWANGI!G87 -> 0 | H87: =KANWIL!H87+SURABAYA!H87+KEDIRI!H87+MALANG!H87+MADIUN!H87+BANYUWANGI!H87 -> 18619648 | I87: =KANWIL!I87+SURABAYA!I87+KEDIRI!I87+MALANG!I87+MADIUN!I87+BANYUWANGI!I87 -> 23963977 | J87: =KANWIL!J87+SURABAYA!J87+KEDIRI!J87+MALANG!J87+MADIUN!J87+BANYUWANGI!J87 -> 105441720 | K87: =SUM(F87:J87) -> 1056057959 | L87: =KANWIL!L87+SURABAYA!L87+KEDIRI!L87+MALANG!L87+MADIUN!L87+BANYUWANGI!L87 -> 3.7528378e+08 | N87: =KANWIL!N87+SURABAYA!N87+KEDIRI!N87+MALANG!N87+MADIUN!N87+BANYUWANGI!N87 -> 4237244.9 | O87: =KANWIL!O87+SURABAYA!O87+KEDIRI!O87+MALANG!O87+MADIUN!O87+BANYUWANGI!O87 -> 8769614.8 | P87: =KANWIL!P87+SURABAYA!P87+KEDIRI!P87+MALANG!P87+MADIUN!P87+BANYUWANGI!P87 -> 1.5388921e+08 | Q87: =N87+O87+P87 -> 1.6689607e+08 | R87: =SUM(L87:P87) -> 5.4217985e+08 | S87: 0.51339971
A88: 203 | E88: Beban pemeliharaan rumah dinas | F88: =KANWIL!F88+SURABAYA!F88+KEDIRI!F88+MALANG!F88+MADIUN!F88+BANYUWANGI!F88 -> 19718966 | G88: =KANWIL!G88+SURABAYA!G88+KEDIRI!G88+MALANG!G88+MADIUN!G88+BANYUWANGI!G88 -> 0 | H88: =KANWIL!H88+SURABAYA!H88+KEDIRI!H88+MALANG!H88+MADIUN!H88+BANYUWANGI!H88 -> 404346 | I88: =KANWIL!I88+SURABAYA!I88+KEDIRI!I88+MALANG!I88+MADIUN!I88+BANYUWANGI!I88 -> 520405 | J88: =KANWIL!J88+SURABAYA!J88+KEDIRI!J88+MALANG!J88+MADIUN!J88+BANYUWANGI!J88 -> 2289787 | K88: =SUM(F88:J88) -> 22933504 | L88: =KANWIL!L88+SURABAYA!L88+KEDIRI!L88+MALANG!L88+MADIUN!L88+BANYUWANGI!L88 -> 30075359 | N88: =KANWIL!N88+SURABAYA!N88+KEDIRI!N88+MALANG!N88+MADIUN!N88+BANYUWANGI!N88 -> 476723.45 | O88: =KANWIL!O88+SURABAYA!O88+KEDIRI!O88+MALANG!O88+MADIUN!O88+BANYUWANGI!O88 -> 482191.43 | P88: =KANWIL!P88+SURABAYA!P88+KEDIRI!P88+MALANG!P88+MADIUN!P88+BANYUWANGI!P88 -> 8724457.6 | Q88: =N88+O88+P88 -> 9683372.4 | R88: =SUM(L88:P88) -> 39758731 | S88: =IF(K88=0,0,R88/K88) -> 1.7336527
A89: 205 | E89: Beban pemeliharaan mesin dan peralatan | F89: =KANWIL!F89+SURABAYA!F89+KEDIRI!F89+MALANG!F89+MADIUN!F89+BANYUWANGI!F89 -> 453044459 | G89: =KANWIL!G89+SURABAYA!G89+KEDIRI!G89+MALANG!G89+MADIUN!G89+BANYUWANGI!G89 -> 0 | H89: =KANWIL!H89+SURABAYA!H89+KEDIRI!H89+MALANG!H89+MADIUN!H89+BANYUWANGI!H89 -> 9289895 | I89: =KANWIL!I89+SURABAYA!I89+KEDIRI!I89+MALANG!I89+MADIUN!I89+BANYUWANGI!I89 -> 11956340 | J89: =KANWIL!J89+SURABAYA!J89+KEDIRI!J89+MALANG!J89+MADIUN!J89+BANYUWANGI!J89 -> 52608008 | K89: =SUM(F89:J89) -> 526898702 | L89: =KANWIL!L89+SURABAYA!L89+KEDIRI!L89+MALANG!L89+MADIUN!L89+BANYUWANGI!L89 -> 1.7710439e+08 | N89: =KANWIL!N89+SURABAYA!N89+KEDIRI!N89+MALANG!N89+MADIUN!N89+BANYUWANGI!N89 -> 2121833.9 | O89: =KANWIL!O89+SURABAYA!O89+KEDIRI!O89+MALANG!O89+MADIUN!O89+BANYUWANGI!O89 -> 4188232.4 | P89: =KANWIL!P89+SURABAYA!P89+KEDIRI!P89+MALANG!P89+MADIUN!P89+BANYUWANGI!P89 -> 74614193 | Q89: =N89+O89+P89 -> 80924259 | R89: =SUM(L89:P89) -> 2.5802865e+08 | S89: =IF(K89=0,0,R89/K89) -> 0.48971205
A90: 206 | E90: Beban pemeliharaan renovasi dan instalasi | F90: =KANWIL!F90+SURABAYA!F90+KEDIRI!F90+MALANG!F90+MADIUN!F90+BANYUWANGI!F90 -> 0 | G90: =KANWIL!G90+SURABAYA!G90+KEDIRI!G90+MALANG!G90+MADIUN!G90+BANYUWANGI!G90 -> 0 | H90: =KANWIL!H90+SURABAYA!H90+KEDIRI!H90+MALANG!H90+MADIUN!H90+BANYUWANGI!H90 -> 0 | I90: =KANWIL!I90+SURABAYA!I90+KEDIRI!I90+MALANG!I90+MADIUN!I90+BANYUWANGI!I90 -> 0 | J90: =KANWIL!J90+SURABAYA!J90+KEDIRI!J90+MALANG!J90+MADIUN!J90+BANYUWANGI!J90 -> 0 | K90: =SUM(F90:J90) -> 0 | L90: =KANWIL!L90+SURABAYA!L90+KEDIRI!L90+MALANG!L90+MADIUN!L90+BANYUWANGI!L90 -> 6915895.5 | N90: =KANWIL!N90+SURABAYA!N90+KEDIRI!N90+MALANG!N90+MADIUN!N90+BANYUWANGI!N90 -> 347494.94 | O90: =KANWIL!O90+SURABAYA!O90+KEDIRI!O90+MALANG!O90+MADIUN!O90+BANYUWANGI!O90 -> 404782.73 | P90: =KANWIL!P90+SURABAYA!P90+KEDIRI!P90+MALANG!P90+MADIUN!P90+BANYUWANGI!P90 -> 9213703.9 | Q90: =N90+O90+P90 -> 9965981.5 | R90: =SUM(L90:P90) -> 16881877 | S90: =IF(K90=0,0,R90/K90) -> 0
A91: 244 | E91: Beban aset bernilai rendah | F91: =KANWIL!F91+SURABAYA!F91+KEDIRI!F91+MALANG!F91+MADIUN!F91+BANYUWANGI!F91 -> 58756307 | G91: =KANWIL!G91+SURABAYA!G91+KEDIRI!G91+MALANG!G91+MADIUN!G91+BANYUWANGI!G91 -> 0 | H91: =KANWIL!H91+SURABAYA!H91+KEDIRI!H91+MALANG!H91+MADIUN!H91+BANYUWANGI!H91 -> 1204827 | I91: =KANWIL!I91+SURABAYA!I91+KEDIRI!I91+MALANG!I91+MADIUN!I91+BANYUWANGI!I91 -> 1550644 | J91: =KANWIL!J91+SURABAYA!J91+KEDIRI!J91+MALANG!J91+MADIUN!J91+BANYUWANGI!J91 -> 6822846 | K91: =SUM(F91:J91) -> 68334624 | L91: =KANWIL!L91+SURABAYA!L91+KEDIRI!L91+MALANG!L91+MADIUN!L91+BANYUWANGI!L91 -> 26539239 | N91: =KANWIL!N91+SURABAYA!N91+KEDIRI!N91+MALANG!N91+MADIUN!N91+BANYUWANGI!N91 -> 252965.15 | O91: =KANWIL!O91+SURABAYA!O91+KEDIRI!O91+MALANG!O91+MADIUN!O91+BANYUWANGI!O91 -> 758637.82 | P91: =KANWIL!P91+SURABAYA!P91+KEDIRI!P91+MALANG!P91+MADIUN!P91+BANYUWANGI!P91 -> 10863718 | Q91: =N91+O91+P91 -> 11875321 | R91: =SUM(L91:P91) -> 38414560 | S91: =IF(K91=0,0,R91/K91) -> 0.56215367
A92: 213 | E92: Beban pemeliharaan lainnya | F92: =KANWIL!F92+SURABAYA!F92+KEDIRI!F92+MALANG!F92+MADIUN!F92+BANYUWANGI!F92 -> 0 | G92: =KANWIL!G92+SURABAYA!G92+KEDIRI!G92+MALANG!G92+MADIUN!G92+BANYUWANGI!G92 -> 0 | H92: =KANWIL!H92+SURABAYA!H92+KEDIRI!H92+MALANG!H92+MADIUN!H92+BANYUWANGI!H92 -> 0 | I92: =KANWIL!I92+SURABAYA!I92+KEDIRI!I92+MALANG!I92+MADIUN!I92+BANYUWANGI!I92 -> 0 | J92: =KANWIL!J92+SURABAYA!J92+KEDIRI!J92+MALANG!J92+MADIUN!J92+BANYUWANGI!J92 -> 0 | K92: =SUM(F92:J92) -> 0
A93: 207 | E93: Beban pemeliharaan gedung sewa | F93: =KANWIL!F93+SURABAYA!F93+KEDIRI!F93+MALANG!F93+MADIUN!F93+BANYUWANGI!F93 -> 0 | G93: =KANWIL!G93+SURABAYA!G93+KEDIRI!G93+MALANG!G93+MADIUN!G93+BANYUWANGI!G93 -> 0 | H93: =KANWIL!H93+SURABAYA!H93+KEDIRI!H93+MALANG!H93+MADIUN!H93+BANYUWANGI!H93 -> 0 | I93: =KANWIL!I93+SURABAYA!I93+KEDIRI!I93+MALANG!I93+MADIUN!I93+BANYUWANGI!I93 -> 0 | J93: =KANWIL!J93+SURABAYA!J93+KEDIRI!J93+MALANG!J93+MADIUN!J93+BANYUWANGI!J93 -> 0 | K93: =SUM(F93:J93) -> 0
A94: 208 | E94: Beban pemeliharaan gudang sewa | F94: =KANWIL!F94+SURABAYA!F94+KEDIRI!F94+MALANG!F94+MADIUN!F94+BANYUWANGI!F94 -> 0 | G94: =KANWIL!G94+SURABAYA!G94+KEDIRI!G94+MALANG!G94+MADIUN!G94+BANYUWANGI!G94 -> 0 | H94: =KANWIL!H94+SURABAYA!H94+KEDIRI!H94+MALANG!H94+MADIUN!H94+BANYUWANGI!H94 -> 0 | I94: =KANWIL!I94+SURABAYA!I94+KEDIRI!I94+MALANG!I94+MADIUN!I94+BANYUWANGI!I94 -> 0 | J94: =KANWIL!J94+SURABAYA!J94+KEDIRI!J94+MALANG!J94+MADIUN!J94+BANYUWANGI!J94 -> 0 | K94: =SUM(F94:J94) -> 0
A95: 209 | E95: Beban pemeliharaan rumah dinas sewa | F95: =KANWIL!F95+SURABAYA!F95+KEDIRI!F95+MALANG!F95+MADIUN!F95+BANYUWANGI!F95 -> 0 | G95: =KANWIL!G95+SURABAYA!G95+KEDIRI!G95+MALANG!G95+MADIUN!G95+BANYUWANGI!G95 -> 0 | H95: =KANWIL!H95+SURABAYA!H95+KEDIRI!H95+MALANG!H95+MADIUN!H95+BANYUWANGI!H95 -> 0 | I95: =KANWIL!I95+SURABAYA!I95+KEDIRI!I95+MALANG!I95+MADIUN!I95+BANYUWANGI!I95 -> 0 | J95: =KANWIL!J95+SURABAYA!J95+KEDIRI!J95+MALANG!J95+MADIUN!J95+BANYUWANGI!J95 -> 0 | K95: =SUM(F95:J95) -> 0
A96: 211 | E96: Beban pemeliharaan peralatan sewa | F96: =KANWIL!F96+SURABAYA!F96+KEDIRI!F96+MALANG!F96+MADIUN!F96+BANYUWANGI!F96 -> 5891173 | G96: =KANWIL!G96+SURABAYA!G96+KEDIRI!G96+MALANG!G96+MADIUN!G96+BANYUWANGI!G96 -> 0 | H96: =KANWIL!H96+SURABAYA!H96+KEDIRI!H96+MALANG!H96+MADIUN!H96+BANYUWANGI!H96 -> 120801 | I96: =KANWIL!I96+SURABAYA!I96+KEDIRI!I96+MALANG!I96+MADIUN!I96+BANYUWANGI!I96 -> 155474 | J96: =KANWIL!J96+SURABAYA!J96+KEDIRI!J96+MALANG!J96+MADIUN!J96+BANYUWANGI!J96 -> 684089 | K96: =SUM(F96:J96) -> 6851537
A97: 212 | E97: Beban pemeliharaan aset sewa lainnya | F97: =KANWIL!F97+SURABAYA!F97+KEDIRI!F97+MALANG!F97+MADIUN!F97+BANYUWANGI!F97 -> 0 | G97: =KANWIL!G97+SURABAYA!G97+KEDIRI!G97+MALANG!G97+MADIUN!G97+BANYUWANGI!G97 -> 0 | H97: =KANWIL!H97+SURABAYA!H97+KEDIRI!H97+MALANG!H97+MADIUN!H97+BANYUWANGI!H97 -> 0 | I97: =KANWIL!I97+SURABAYA!I97+KEDIRI!I97+MALANG!I97+MADIUN!I97+BANYUWANGI!I97 -> 0 | J97: =KANWIL!J97+SURABAYA!J97+KEDIRI!J97+MALANG!J97+MADIUN!J97+BANYUWANGI!J97 -> 0 | K97: =SUM(F97:J97) -> 0
A98: 214 | E98: Sewa kantor | F98: =KANWIL!F98+SURABAYA!F98+KEDIRI!F98+MALANG!F98+MADIUN!F98+BANYUWANGI!F98 -> 1119999796 | G98: =KANWIL!G98+SURABAYA!G98+KEDIRI!G98+MALANG!G98+MADIUN!G98+BANYUWANGI!G98 -> 0 | H98: =KANWIL!H98+SURABAYA!H98+KEDIRI!H98+MALANG!H98+MADIUN!H98+BANYUWANGI!H98 -> 22966136 | I98: =KANWIL!I98+SURABAYA!I98+KEDIRI!I98+MALANG!I98+MADIUN!I98+BANYUWANGI!I98 -> 29558023 | J98: =KANWIL!J98+SURABAYA!J98+KEDIRI!J98+MALANG!J98+MADIUN!J98+BANYUWANGI!J98 -> 130055576 | K98: =SUM(F98:J98) -> 1302579531 | L98: =KANWIL!L98+SURABAYA!L98+KEDIRI!L98+MALANG!L98+MADIUN!L98+BANYUWANGI!L98 -> 1.7249927e+08 | N98: =KANWIL!N98+SURABAYA!N98+KEDIRI!N98+MALANG!N98+MADIUN!N98+BANYUWANGI!N98 -> 1230128 | O98: =KANWIL!O98+SURABAYA!O98+KEDIRI!O98+MALANG!O98+MADIUN!O98+BANYUWANGI!O98 -> 3406075.6 | P98: =KANWIL!P98+SURABAYA!P98+KEDIRI!P98+MALANG!P98+MADIUN!P98+BANYUWANGI!P98 -> 79400141 | Q98: =N98+O98+P98 -> 84036345 | R98: =SUM(L98:P98) -> 2.5653561e+08 | S98: =IF(K98=0,0,R98/K98) -> 0.1969443
A99: 215 | E99: Sewa gudang | F99: =KANWIL!F99+SURABAYA!F99+KEDIRI!F99+MALANG!F99+MADIUN!F99+BANYUWANGI!F99 -> 0 | G99: =KANWIL!G99+SURABAYA!G99+KEDIRI!G99+MALANG!G99+MADIUN!G99+BANYUWANGI!G99 -> 0 | H99: =KANWIL!H99+SURABAYA!H99+KEDIRI!H99+MALANG!H99+MADIUN!H99+BANYUWANGI!H99 -> 0 | I99: =KANWIL!I99+SURABAYA!I99+KEDIRI!I99+MALANG!I99+MADIUN!I99+BANYUWANGI!I99 -> 0 | J99: =KANWIL!J99+SURABAYA!J99+KEDIRI!J99+MALANG!J99+MADIUN!J99+BANYUWANGI!J99 -> 0 | K99: =SUM(F99:J99) -> 0 | L99: =KANWIL!L99+SURABAYA!L99+KEDIRI!L99+MALANG!L99+MADIUN!L99+BANYUWANGI!L99 -> 76739407 | N99: =KANWIL!N99+SURABAYA!N99+KEDIRI!N99+MALANG!N99+MADIUN!N99+BANYUWANGI!N99 -> 1098414.6 | O99: =KANWIL!O99+SURABAYA!O99+KEDIRI!O99+MALANG!O99+MADIUN!O99+BANYUWANGI!O99 -> 1549912.4 | P99: =KANWIL!P99+SURABAYA!P99+KEDIRI!P99+MALANG!P99+MADIUN!P99+BANYUWANGI!P99 -> 30067675 | Q99: =N99+O99+P99 -> 32716002 | R99: =SUM(L99:P99) -> 1.0945541e+08 | S99: 0
A100: 216 | E100: Sewa kendaraan | F100: =KANWIL!F100+SURABAYA!F100+KEDIRI!F100+MALANG!F100+MADIUN!F100+BANYUWANGI!F100 -> 397278438 | G100: =KANWIL!G100+SURABAYA!G100+KEDIRI!G100+MALANG!G100+MADIUN!G100+BANYUWANGI!G100 -> 0 | H100: =KANWIL!H100+SURABAYA!H100+KEDIRI!H100+MALANG!H100+MADIUN!H100+BANYUWANGI!H100 -> 8146386 | I100: =KANWIL!I100+SURABAYA!I100+KEDIRI!I100+MALANG!I100+MADIUN!I100+BANYUWANGI!I100 -> 10484613 | J100: =KANWIL!J100+SURABAYA!J100+KEDIRI!J100+MALANG!J100+MADIUN!J100+BANYUWANGI!J100 -> 46132398 | K100: =SUM(F100:J100) -> 462041835 | L100: =KANWIL!L100+SURABAYA!L100+KEDIRI!L100+MALANG!L100+MADIUN!L100+BANYUWANGI!L100 -> 1.280229e+08 | N100: =KANWIL!N100+SURABAYA!N100+KEDIRI!N100+MALANG!N100+MADIUN!N100+BANYUWANGI!N100 -> 1238492.7 | O100: =KANWIL!O100+SURABAYA!O100+KEDIRI!O100+MALANG!O100+MADIUN!O100+BANYUWANGI!O100 -> 2773970.1 | P100: =KANWIL!P100+SURABAYA!P100+KEDIRI!P100+MALANG!P100+MADIUN!P100+BANYUWANGI!P100 -> 52708938 | Q100: =N100+O100+P100 -> 56721401 | R100: =SUM(L100:P100) -> 1.8474431e+08 | S100: =IF(K100=0,0,R100/K100) -> 0.39984324
A101: 210 | E101: Beban pemeliharaan kendaraan sewa | F101: =KANWIL!F101+SURABAYA!F101+KEDIRI!F101+MALANG!F101+MADIUN!F101+BANYUWANGI!F101 -> 0 | G101: =KANWIL!G101+SURABAYA!G101+KEDIRI!G101+MALANG!G101+MADIUN!G101+BANYUWANGI!G101 -> 0 | H101: =KANWIL!H101+SURABAYA!H101+KEDIRI!H101+MALANG!H101+MADIUN!H101+BANYUWANGI!H101 -> 0 | I101: =KANWIL!I101+SURABAYA!I101+KEDIRI!I101+MALANG!I101+MADIUN!I101+BANYUWANGI!I101 -> 0 | J101: =KANWIL!J101+SURABAYA!J101+KEDIRI!J101+MALANG!J101+MADIUN!J101+BANYUWANGI!J101 -> 0 | K101: =SUM(F101:J101) -> 0
A102: 217 | E102: Sewa peralatan | F102: =KANWIL!F102+SURABAYA!F102+KEDIRI!F102+MALANG!F102+MADIUN!F102+BANYUWANGI!F102 -> 789878130 | G102: =KANWIL!G102+SURABAYA!G102+KEDIRI!G102+MALANG!G102+MADIUN!G102+BANYUWANGI!G102 -> 0 | H102: =KANWIL!H102+SURABAYA!H102+KEDIRI!H102+MALANG!H102+MADIUN!H102+BANYUWANGI!H102 -> 16196834 | I102: =KANWIL!I102+SURABAYA!I102+KEDIRI!I102+MALANG!I102+MADIUN!I102+BANYUWANGI!I102 -> 20845749 | J102: =KANWIL!J102+SURABAYA!J102+KEDIRI!J102+MALANG!J102+MADIUN!J102+BANYUWANGI!J102 -> 91721494 | K102: =SUM(F102:J102) -> 918642207 | L102: =KANWIL!L102+SURABAYA!L102+KEDIRI!L102+MALANG!L102+MADIUN!L102+BANYUWANGI!L102 -> 6.8237508e+08 | N102: =KANWIL!N102+SURABAYA!N102+KEDIRI!N102+MALANG!N102+MADIUN!N102+BANYUWANGI!N102 -> 7453309.4 | O102: =KANWIL!O102+SURABAYA!O102+KEDIRI!O102+MALANG!O102+MADIUN!O102+BANYUWANGI!O102 -> 16480586 | P102: =KANWIL!P102+SURABAYA!P102+KEDIRI!P102+MALANG!P102+MADIUN!P102+BANYUWANGI!P102 -> 2.7132769e+08 | Q102: =N102+O102+P102 -> 2.9526159e+08 | R102: =SUM(L102:P102) -> 977636669 | S102: =IF(K102=0,0,R102/K102) -> 1.0642192
A103: 218 | E103: Sewa rumah dinas | F103: =KANWIL!F103+SURABAYA!F103+KEDIRI!F103+MALANG!F103+MADIUN!F103+BANYUWANGI!F103 -> 106739919 | G103: =KANWIL!G103+SURABAYA!G103+KEDIRI!G103+MALANG!G103+MADIUN!G103+BANYUWANGI!G103 -> 0 | H103: =KANWIL!H103+SURABAYA!H103+KEDIRI!H103+MALANG!H103+MADIUN!H103+BANYUWANGI!H103 -> 2188755 | I103: =KANWIL!I103+SURABAYA!I103+KEDIRI!I103+MALANG!I103+MADIUN!I103+BANYUWANGI!I103 -> 2816985 | J103: =KANWIL!J103+SURABAYA!J103+KEDIRI!J103+MALANG!J103+MADIUN!J103+BANYUWANGI!J103 -> 12394755 | K103: =SUM(F103:J103) -> 124140414 | L103: =KANWIL!L103+SURABAYA!L103+KEDIRI!L103+MALANG!L103+MADIUN!L103+BANYUWANGI!L103 -> 29598384 | N103: =KANWIL!N103+SURABAYA!N103+KEDIRI!N103+MALANG!N103+MADIUN!N103+BANYUWANGI!N103 -> 795314.22 | O103: =KANWIL!O103+SURABAYA!O103+KEDIRI!O103+MALANG!O103+MADIUN!O103+BANYUWANGI!O103 -> 737787.93 | P103: =KANWIL!P103+SURABAYA!P103+KEDIRI!P103+MALANG!P103+MADIUN!P103+BANYUWANGI!P103 -> 11558487 | Q103: =N103+O103+P103 -> 13091589 | R103: =SUM(L103:P103) -> 42689974 | S103: =IF(K103=0,0,R103/K103) -> 0.34388458
A104: 219 | E104: Biaya service charge | F104: =KANWIL!F104+SURABAYA!F104+KEDIRI!F104+MALANG!F104+MADIUN!F104+BANYUWANGI!F104 -> 0 | G104: =KANWIL!G104+SURABAYA!G104+KEDIRI!G104+MALANG!G104+MADIUN!G104+BANYUWANGI!G104 -> 0 | H104: =KANWIL!H104+SURABAYA!H104+KEDIRI!H104+MALANG!H104+MADIUN!H104+BANYUWANGI!H104 -> 0 | I104: =KANWIL!I104+SURABAYA!I104+KEDIRI!I104+MALANG!I104+MADIUN!I104+BANYUWANGI!I104 -> 0 | J104: =KANWIL!J104+SURABAYA!J104+KEDIRI!J104+MALANG!J104+MADIUN!J104+BANYUWANGI!J104 -> 0 | K104: =SUM(F104:J104) -> 0
A105: 220 | E105: Sewa lainnya | F105: =KANWIL!F105+SURABAYA!F105+KEDIRI!F105+MALANG!F105+MADIUN!F105+BANYUWANGI!F105 -> 255526064 | G105: =KANWIL!G105+SURABAYA!G105+KEDIRI!G105+MALANG!G105+MADIUN!G105+BANYUWANGI!G105 -> 0 | H105: =KANWIL!H105+SURABAYA!H105+KEDIRI!H105+MALANG!H105+MADIUN!H105+BANYUWANGI!H105 -> 5239685 | I105: =KANWIL!I105+SURABAYA!I105+KEDIRI!I105+MALANG!I105+MADIUN!I105+BANYUWANGI!I105 -> 6743613 | J105: =KANWIL!J105+SURABAYA!J105+KEDIRI!J105+MALANG!J105+MADIUN!J105+BANYUWANGI!J105 -> 29671960 | K105: =SUM(F105:J105) -> 297181322 | L105: =KANWIL!L105+SURABAYA!L105+KEDIRI!L105+MALANG!L105+MADIUN!L105+BANYUWANGI!L105 -> 58917149 | N105: =KANWIL!N105+SURABAYA!N105+KEDIRI!N105+MALANG!N105+MADIUN!N105+BANYUWANGI!N105 -> 188615.64 | O105: =KANWIL!O105+SURABAYA!O105+KEDIRI!O105+MALANG!O105+MADIUN!O105+BANYUWANGI!O105 -> 356484.63 | P105: =KANWIL!P105+SURABAYA!P105+KEDIRI!P105+MALANG!P105+MADIUN!P105+BANYUWANGI!P105 -> 25695599 | Q105: =N105+O105+P105 -> 26240699 | R105: =SUM(L105:P105) -> 85157848 | S105: =IF(K105=0,0,R105/K105) -> 0.28655182
A106: 0 | E106: Beban CKPN | F106: =KANWIL!F106+SURABAYA!F106+KEDIRI!F106+MALANG!F106+MADIUN!F106+BANYUWANGI!F106 -> 0 | G106: =KANWIL!G106+SURABAYA!G106+KEDIRI!G106+MALANG!G106+MADIUN!G106+BANYUWANGI!G106 -> 0 | H106: =KANWIL!H106+SURABAYA!H106+KEDIRI!H106+MALANG!H106+MADIUN!H106+BANYUWANGI!H106 -> 0 | I106: =KANWIL!I106+SURABAYA!I106+KEDIRI!I106+MALANG!I106+MADIUN!I106+BANYUWANGI!I106 -> 0 | J106: =KANWIL!J106+SURABAYA!J106+KEDIRI!J106+MALANG!J106+MADIUN!J106+BANYUWANGI!J106 -> 0 | K106: =SUM(F106:J106) -> 0
A107: 225 | E107: Beban pengumpulan informasi dan pengelolaan data | F107: =KANWIL!F107+SURABAYA!F107+KEDIRI!F107+MALANG!F107+MADIUN!F107+BANYUWANGI!F107 -> 0 | G107: =KANWIL!G107+SURABAYA!G107+KEDIRI!G107+MALANG!G107+MADIUN!G107+BANYUWANGI!G107 -> 0 | H107: =KANWIL!H107+SURABAYA!H107+KEDIRI!H107+MALANG!H107+MADIUN!H107+BANYUWANGI!H107 -> 0 | I107: =KANWIL!I107+SURABAYA!I107+KEDIRI!I107+MALANG!I107+MADIUN!I107+BANYUWANGI!I107 -> 0 | J107: =KANWIL!J107+SURABAYA!J107+KEDIRI!J107+MALANG!J107+MADIUN!J107+BANYUWANGI!J107 -> 0 | K107: =SUM(F107:J107) -> 0
...

Sheet KANWIL
D1: PT JAMKRINDO KANWIL SURABAYA
D2: LABA RUGI RKA TAHUN 2026
D5: URAIAN | F5: KANWIL SURABAYA | L5: REALISASI KANWIL SURABAYA | S5: %
F6: KUR | G6: PEN | H6: KBG/SURETYSHIP | I6: KONSUMTIF | J6: PRODUKTIF | K6: TOTAL | L6: KUR | M6: PEN | N6: KBG/SURETYSHIP | O6: KONSUMTIF | P6: PRODUKTIF | Q6: NON KUR | R6: TOTAL | S6: %
F7: (a) | G7: (b) | H7: (c) | I7: (d) | J7: (e) | K7: (f) | L7: (g) | M7: (h) | N7: (i) | O7: (j) | P7: (k) | Q7: (l)=i+j+k | R7: (m) | S7: (n)=m/f
C9: X1 | D9: VOLUME | F9: 0 | G9: 0 | H9: 0 | I9: 0 | J9: 0 | K9: 0
C11: X2 | D11: PENDAPATAN PENJAMINAN
A12: 7 | B12: 8 | E12: Imbal Jasa Penjaminan Bruto | F12: 0 | G12: 0 | H12: 0 | I12: 0 | J12: 0 | K12: 0
A13: 12 | B13: 10 | E13: Restitusi penjaminan kredit | F13: 0 | G13: 0 | H13: 0 | I13: 0 | J13: 0 | K13: 0
A14: 9 | B14: 9 | E14: Premi Penjaminan Ulang | F14: 0 | G14: 0 | H14: 0 | I14: 0 | J14: 0 | K14: 0
C15: Y2 | E15: IMBAL JASA PENJAMINAN BERSIH | F15: 0 | G15: 0 | H15: 0 | I15: 0 | J15: 0 | K15: 0
C16: 22
C17: X2 | D17: BEBAN KLAIM
A18: 22 | B18: 13 | E18: Beban Klaim | F18: 0 | G18: 0 | H18: 0 | I18: 0 | J18: 0 | K18: 0
A19: 24 | B19: 14 | E19: Kenaikan (Penurunan) Cadangan Klaim | F19: 0 | G19: 0 | H19: 0 | I19: 0 | J19: 0 | K19: 0
A20: 32 | B20: 15 | E20: Pendapatan Subrogasi | F20: 0 | G20: 0 | H20: 0 | I20: 0 | J20: 0 | K20: 0
A21: 37 | B21: 16 | E21: Beban Komisi Netto | F21: 0 | G21: 0 | H21: 0 | I21: 0 | J21: 0 | K21: 0
C22: Y2 | E22: JUMLAH BEBAN KLAIM | F22: 0 | G22: 0 | H22: 0 | I22: 0 | J22: 0 | K22: 0
C24: X1 | D24: PENJAMINAN BERSIH | F24: 0 | G24: 0 | H24: 0 | I24: 0 | J24: 0 | K24: 0
B26: 19 | C26: X1 | D26: PENDAPATAN INVESTASI BERSIH | F26: 0 | G26: 0 | H26: 0 | I26: 0 | J26: 0 | K26: 0
C28: X1 | D28: BEBAN USAHA
C29: X2 | E29: BEBAN KARYAWAN
A30: 94 | E30: Beban gaji karyawan | F30: 1696793732 | G30: 0 | H30: 34793575 | I30: 44780247 | J30: 197033505 | K30: =SUM(F30:J30) -> 1973401059 | L30: 7.7489527e+08 | N30: 9298167.8 | O30: 16510706 | P30: 3.1456129e+08 | Q30: =N30+O30+P30 -> 3.4037017e+08 | R30: =SUM(L30:P30) -> 1.1152654e+09 | S30: =IF(K30=0,0,R30/K30) -> 0.5651489
A31: 95 | E31: Beban lembur karyawan | F31: 43007556 | G31: 0 | H31: 881891 | I31: 1135017 | J31: 4994083 | K31: =SUM(F31:J31) -> 50018547 | L31: 16581527 | N31: 168906.41 | O31: 299926.21 | P31: 5714181.7 | Q31: =N31+O31+P31 -> 6183014.3 | R31: =SUM(L31:P31) -> 22764541 | S31: =IF(K31=0,0,R31/K31) -> 0.455122
A32: 96 | E32: Beban asuransi kesehatan karyawan | F32: 180463354 | G32: 0 | H32: 3700488 | I32: 4762626 | J32: 20955598 | K32: =SUM(F32:J32) -> 209882066 | L32: 6418318.8 | N32: 76235.301 | O32: 135370.61 | P32: 2579075.3 | Q32: =N32+O32+P32 -> 2790681.2 | R32: =SUM(L32:P32) -> 9209000 | S32: =IF(K32=0,0,R32/K32) -> 0.043877022
A33: 97 | E33: Beban asuransi jiwa karyawan | F33: 8268054 | G33: 0 | H33: 169540 | I33: 218203 | J33: 960095 | K33: =SUM(F33:J33) -> 9615892
A34: 100 | E34: Beban dana pensiun | F34: 131045331 | G34: 0 | H34: 2687148 | I34: 3458430 | J34: 15217124 | K34: =SUM(F34:J34) -> 152408033
A35: 101 | E35: Beban kompensasi kinerja karyawan | F35: 2154273121 | G35: 0 | H35: 44174411 | I35: 56853630 | J35: 250156501 | K35: =SUM(F35:J35) -> 2505457663 | L35: 9.9943875e+08 | N35: 11989437 | O35: 21289578 | P35: 4.0560816e+08 | Q35: =N35+O35+P35 -> 4.3888718e+08 | R35: =SUM(L35:P35) -> 1.4383259e+09 | S35: =IF(K35=0,0,R35/K35) -> 0.57407712
A36: 102 | E36: Biaya jasa kini karyawan | F36: 0 | G36: 0 | H36: 0 | I36: 0 | J36: 0 | K36: =SUM(F36:J36) -> 0
A37: 103 | E37: Biaya jasa lalu karyawan | F37: 0 | G37: 0 | H37: 0 | I37: 0 | J37: 0 | K37: =SUM(F37:J37) -> 0
A38: 104 | E38: Bunga atas imbalan pasca kerja karyawan | F38: 198153866 | G38: 0 | H38: 4063241 | I38: 5229498 | J38: 23009839 | K38: =SUM(F38:J38) -> 230456444
A39: 105 | E39: Beban BPJS kesehatan karyawan | F39: 50291539 | G39: 0 | H39: 1031252 | I39: 1327249 | J39: 5839908 | K39: =SUM(F39:J39) -> 58489948
A40: 106 | E40: Beban BPJS jaminan hari tua karyawan | F40: 71343529 | G40: 0 | H40: 1462934 | I40: 1882834 | J40: 8284487 | K40: =SUM(F40:J40) -> 82973784
A41: 107 | E41: Beban BPJS jaminan kecelakaan kerja dan jaminan kematian karyawan | F41: 10354282 | G41: 0 | H41: 212320 | I41: 273261 | J41: 1202350 | K41: =SUM(F41:J41) -> 12042213
A42: 108 | E42: Beban BPJS jaminan pensiun karyawan | F42: 23991631 | G42: 0 | H42: 491960 | I42: 633165 | J42: 2785934 | K42: =SUM(F42:J42) -> 27902690
A43: 109 | E43: Beban tunjangan hari raya karyawan | F43: 401073878 | G43: 0 | H43: 8224214 | I43: 10584779 | J43: 46573128 | K43: =SUM(F43:J43) -> 466455999 | L43: 3.018787e+08 | N43: 3771792.7 | O43: 6697551.9 | P43: 1.2760148e+08 | Q43: =N43+O43+P43 -> 1.3807083e+08 | R43: =SUM(L43:P43) -> 4.3994953e+08 | S43: =IF(K43=0,0,R43/K43) -> 0.94317477
A44: 110 | E44: Beban tunjangan PPh 21 karyawan | F44: 976585 | G44: 0 | H44: 20025 | I44: 25773 | J44: 113402 | K44: =SUM(F44:J44) -> 1135785
A45: 111 | E45: Beban tunjangan transportasi karyawan | F45: 102363826 | G45: 0 | H45: 2099020 | I45: 2701494 | J45: 11886597 | K45: =SUM(F45:J45) -> 119050937 | L45: 33038265 | N45: 396428.83 | O45: 703936.53 | P45: 13411370 | Q45: =N45+O45+P45 -> 14511735 | R45: =SUM(L45:P45) -> 47550000 | S45: =IF(K45=0,0,R45/K45) -> 0.39940887
A46: 112 | E46: Beban tunjangan jabatan | F46: 990927668 | G46: 0 | H46: 20319450 | I46: 26151667 | J46: 115067581 | K46: =SUM(F46:J46) -> 1152466366 | L46: 4.9016795e+08 | N46: 5883310.8 | O46: 10446963 | P46: 1.9903511e+08 | Q46: =N46+O46+P46 -> 2.1536538e+08 | R46: =SUM(L46:P46) -> 705533333 | S46: =IF(K46=0,0,R46/K46) -> 0.61219429
A47: 113 | E47: Beban tunjangan cuti besar | F47: 16470226 | G47: 0 | H47: 337730 | I47: 434667 | J47: 1912540 | K47: =SUM(F47:J47) -> 19155163
A48: 114 | E48: Beban tunjangan cuti tahunan | F48: 158022668 | G48: 0 | H48: 3240331 | I48: 4170391 | J48: 18349762 | K48: =SUM(F48:J48) -> 183783152
A49: 115 | E49: Beban tunjangan makan | F49: 284009877 | G49: 0 | H49: 5823760 | I49: 7495332 | J49: 32979531 | K49: =SUM(F49:J49) -> 330308500 | L49: 82541295 | N49: 970566.44 | O49: 1723429.6 | P49: 32834709 | Q49: =N49+O49+P49 -> 35528705 | R49: =SUM(L49:P49) -> 118070000 | S49: =IF(K49=0,0,R49/K49) -> 0.35745371
A50: 124 | E50: Beban Tunjangan Pakaian Kerja | F50: 56223859 | G50: 0 | H50: 1152897 | I50: 1483809 | J50: 6528775 | K50: =SUM(F50:J50) -> 65389340
A51: 143 | E51: Beban kompensasi PKWT/PKWTT | F51: 0 | G51: 0 | H51: 0 | I51: 0 | J51: 0 | K51: =SUM(F51:J51) -> 0
A52: 0 | E52: Beban tunjangan lainnya | F52: 91501256 | G52: 0 | H52: 1876277 | I52: 2414818 | J52: 10625224 | K52: =SUM(F52:J52) -> 106417575 | L52: 71207807 | N52: 862118.97 | O52: 1530860 | P52: 29165881 | Q52: =N52+O52+P52 -> 31558860 | R52: =SUM(L52:P52) -> 102766667 | S52: =IF(K52=0,0,R52/K52) -> 0.96569262
B53: 21 | C53: Y2 | E53: Total Beban Karyawan | F53: =SUM(F30:F52) -> 6669555838 | G53: =SUM(G30:G52) -> 0 | H53: =SUM(H30:H52) -> 136762464 | I53: =SUM(I30:I52) -> 176016890 | J53: =SUM(J30:J52) -> 774475964 | K53: =SUM(K30:K52) -> 7756811156 | L53: =SUM(L30:L52) -> 2.7761679e+09 | N53: =SUM(N30:N52) -> 33416964 | O53: =SUM(O30:O52) -> 59338322 | P53: =SUM(P30:P52) -> 1.1305113e+09 | Q53: =SUM(Q30:Q52) -> 1.2232666e+09 | R53: =SUM(R30:R52) -> 3.9994344e+09 | S53: =IF(K53=0,0,R53/K53) -> 0.51560291
C54: 22
C55: X2 | E55: BEBAN ADMINISTRASI & UMUM
A56: 169 | E56: Imbal jasa profesional - akuntan publik | F56: 436599 | G56: 0 | H56: 8953 | I56: 11522 | J56: 50698 | K56: =SUM(F56:J56) -> 507772
A57: 171 | E57: Imbal jasa profesional - konsultan hukum | F57: 8349505 | G57: 0 | H57: 171211 | I57: 220353 | J57: 969554 | K57: =SUM(F57:J57) -> 9710623
A58: 175 | E58: Imbal jasa profesional - konsultan manajemen (SDM, SOP, Akuntansi dll) | F58: 2646050 | G58: 0 | H58: 54259 | I58: 69832 | J58: 307262 | K58: =SUM(F58:J58) -> 3077403
A59: 176 | E59: Beban imbal jasa profesional IT | F59: 0 | G59: 0 | H59: 0 | I59: 0 | J59: 0 | K59: =SUM(F59:J59) -> 0
A60: 177 | E60: Imbal jasa profesional - lainnya | F60: 1891926 | G60: 0 | H60: 38795 | I60: 49930 | J60: 219692 | K60: =SUM(F60:J60) -> 2200343 | L60: 2743895 | N60: 30216.367 | O60: 53655.04 | P60: 1022233.6 | Q60: =N60+O60+P60 -> 1106105 | R60: =SUM(L60:P60) -> 3850000 | S60: =IF(K60=0,0,R60/K60) -> 1.7497272
A61: 179 | E61: Air, listrik dan utilitas - gedung | F61: 160466865 | G61: 0 | H61: 3290451 | I61: 4234897 | J61: 18633584 | K61: =SUM(F61:J61) -> 186625797 | L61: 79688526 | N61: 937041.15 | O61: 1663898.9 | P61: 31700533 | Q61: =N61+O61+P61 -> 34301473 | R61: =SUM(L61:P61) -> 113989999 | S61: =IF(K61=0,0,R61/K61) -> 0.61079444
A62: 180 | E62: Air, listrik dan utilitas - rumah dinas | F62: 20213798 | G62: 0 | H62: 414494 | I62: 533464 | J62: 2347248 | K62: =SUM(F62:J62) -> 23509004 | L62: 11091976 | N62: 133829.88 | O62: 237640.99 | P62: 4527526.3 | Q62: =N62+O62+P62 -> 4898997.2 | R62: =SUM(L62:P62) -> 15990973 | S62: =IF(K62=0,0,R62/K62) -> 0.68020632
A63: 181 | E63: Pemasaran | F63: 603905918 | G63: 0 | H63: 12383383 | I63: 15937739 | J63: 70126202 | K63: =SUM(F63:J63) -> 702353242 | L63: 2.6126016e+08 | N63: 3271222.6 | O63: 5808692.3 | P63: 1.1066696e+08 | Q63: =N63+O63+P63 -> 1.1974688e+08 | R63: =SUM(L63:P63) -> 3.8100704e+08 | S63: =IF(K63=0,0,R63/K63) -> 0.5424721
A64: 134 | E64: Beban pelatihan manajemen | F64: 0 | G64: 0 | H64: 0 | I64: 0 | J64: 0 | K64: =SUM(F64:J64) -> 0
A65: 132 | E65: Beban pelatihan karyawan - insidentil | F65: 0 | G65: 0 | H65: 0 | I65: 0 | J65: 0 | K65: =SUM(F65:J65) -> 0
A66: 133 | E66: Beban pelatihan karyawan - leadership | F66: 0 | G66: 0 | H66: 0 | I66: 0 | J66: 0 | K66: =SUM(F66:J66) -> 0
A67: 182 | E67: Beban pelatihan karyawan - TNA | F67: 0 | G67: 0 | H67: 0 | I67: 0 | J67: 0 | K67: =SUM(F67:J67) -> 0
A68: 137 | E68: Beban sertifikasi | F68: 0 | G68: 0 | H68: 0 | I68: 0 | J68: 0 | K68: =SUM(F68:J68) -> 0
A69: 129 | E69: Beban perekrutan karyawan | F69: 0 | G69: 0 | H69: 0 | I69: 0 | J69: 0 | K69: =SUM(F69:J69) -> 0
A70: 5 | E70: Beban uang saku magang | F70: 0 | G70: 0 | H70: 0 | I70: 0 | J70: 0 | K70: =SUM(F70:J70) -> 0
A71: 183 | E71: Akomodasi dinas dalam negeri | F71: 176610280 | G71: 0 | H71: 3621479 | I71: 4660939 | J71: 20508175 | K71: =SUM(F71:J71) -> 205400873 | L71: 51405378 | N71: 589108.83 | O71: 1046077.4 | P71: 19929823 | Q71: =N71+O71+P71 -> 21565009 | R71: =SUM(L71:P71) -> 72970387 | S71: =IF(K71=0,0,R71/K71) -> 0.35525841
A72: 184 | E72: Tranportasi dinas dalam negeri | F72: 16646089 | G72: 0 | H72: 341336 | I72: 439308 | J72: 1932961 | K72: =SUM(F72:J72) -> 19359694 | L72: 25548474 | N72: 303272.76 | O72: 538519.81 | P72: 10259857 | Q72: =N72+O72+P72 -> 11101650 | R72: =SUM(L72:P72) -> 36650124 | S72: =IF(K72=0,0,R72/K72) -> 1.8931148
A73: 185 | E73: Tunjangan perjalanan dinas dalam negeri | F73: 93731762 | G73: 0 | H73: 1922015 | I73: 2473684 | J73: 10884233 | K73: =SUM(F73:J73) -> 109011694 | L73: 50725720 | N73: 681696.3 | O73: 1210484.4 | P73: 23062099 | Q73: =N73+O73+P73 -> 24954280 | R73: =SUM(L73:P73) -> 75680000 | S73: =IF(K73=0,0,R73/K73) -> 0.69423745
A74: 186 | E74: Akomodasi dinas luar negeri | F74: 0 | G74: 0 | H74: 0 | I74: 0 | J74: 0 | K74: =SUM(F74:J74) -> 0
A75: 187 | E75: Tranportasi dinas luar negeri | F75: 0 | G75: 0 | H75: 0 | I75: 0 | J75: 0 | K75: =SUM(F75:J75) -> 0
A76: 188 | E76: Tunjangan perjalanan dinas luar negeri | F76: 0 | G76: 0 | H76: 0 | I76: 0 | J76: 0 | K76: =SUM(F76:J76) -> 0
A77: 189 | E77: Percetakan dan inventaris kantor | F77: 40289644 | G77: 0 | H77: 826159 | I77: 1063288 | J77: 4678477 | K77: =SUM(F77:J77) -> 46857568 | L77: 25216406 | N77: 258834.77 | O77: 459611.51 | P77: 8756499.4 | Q77: =N77+O77+P77 -> 9474945.7 | R77: =SUM(L77:P77) -> 34691352 | S77: =IF(K77=0,0,R77/K77) -> 0.7403575
A78: 190 | E78: Telepon, fax dan komunikasi - gedung | F78: 52359664 | G78: 0 | H78: 1073660 | I78: 1381829 | J78: 6080060 | K78: =SUM(F78:J78) -> 60895213 | L78: 12763869 | N78: 152131.95 | O78: 270139.88 | P78: 5146693.8 | Q78: =N78+O78+P78 -> 5568965.7 | R78: =SUM(L78:P78) -> 18332835 | S78: =IF(K78=0,0,R78/K78) -> 0.30105544
A79: 192 | E79: Telepon, fax dan komunikasi - rumah dinas | F79: 10178271 | G79: 0 | H79: 208710 | I79: 268616 | J79: 1181912 | K79: =SUM(F79:J79) -> 11837509 | L79: 3865461.8 | N79: 49990.179 | O79: 88767.291 | P79: 1691190.8 | Q79: =N79+O79+P79 -> 1829948.2 | R79: =SUM(L79:P79) -> 5695410 | S79: =IF(K79=0,0,R79/K79) -> 0.48113247
A80: 193 | E80: Bensin dan parkir | F80: 31902722 | G80: 0 | H80: 654181 | I80: 841948 | J80: 3704578 | K80: =SUM(F80:J80) -> 37103429 | L80: 24973803 | N80: 317654.52 | O80: 564057.41 | P80: 10746398 | Q80: =N80+O80+P80 -> 11628110 | R80: =SUM(L80:P80) -> 36601913 | S80: =IF(K80=0,0,R80/K80) -> 0.9864833
A81: 204 | E81: Beban pemeliharaan kendaraan | F81: 174255215 | G81: 0 | H81: 3573187 | I81: 4598786 | J81: 20234702 | K81: =SUM(F81:J81) -> 202661890 | L81: 80217421 | N81: 928292.79 | O81: 1648364.5 | P81: 31404572 | Q81: =N81+O81+P81 -> 33981229 | R81: =SUM(L81:P81) -> 1.1419865e+08 | S81: =IF(K81=0,0,R81/K81) -> 0.56349346
A82: 194 | E82: Beban penggunaan Data Center | F82: 0 | G82: 0 | H82: 0 | I82: 0 | J82: 0 | K82: =SUM(F82:J82) -> 0
A83: 195 | E83: Beban jaringan dan konektivitas | F83: 0 | G83: 0 | H83: 0 | I83: 0 | J83: 0 | K83: =SUM(F83:J83) -> 0
A84: 196 | E84: Beban penyewaan peralatan IT | F84: 0 | G84: 0 | H84: 0 | I84: 0 | J84: 0 | K84: =SUM(F84:J84) -> 0
A85: 197 | E85: Beban pemeliharaan peralatan IT | F85: 0 | G85: 0 | H85: 0 | I85: 0 | J85: 0 | K85: =SUM(F85:J85) -> 0
A86: 198 | E86: Beban pemeliharaan perangkat lunak IT | F86: 0 | G86: 0 | H86: 0 | I86: 0 | J86: 0 | K86: =SUM(F86:J86) -> 0
A87: 202 | E87: Beban pemeliharaan gedung | F87: 271324526 | G87: 0 | H87: 5563640 | I87: 7160552 | J87: 31506494 | K87: =SUM(F87:J87) -> 315555212 | L87: 60707735 | N87: 728286.16 | O87: 1293213.8 | P87: 24638256 | Q87: =N87+O87+P87 -> 26659756 | R87: =SUM(L87:P87) -> 87367491 | S87: =IF(K87=0,0,R87/K87) -> 0.27686911
A88: 203 | E88: Beban pemeliharaan rumah dinas | F88: 4794504 | G88: 0 | H88: 98314 | I88: 126532 | J88: 556743 | K88: =SUM(F88:J88) -> 5576093 | L88: 2074705.6 | N88: 21774.655 | O88: 38665.137 | P88: 736646.6 | Q88: =N88+O88+P88 -> 797086.39 | R88: =SUM(L88:P88) -> 2871792 | S88: =IF(K88=0,0,R88/K88) -> 0.51501867
A89: 205 | E89: Beban pemeliharaan mesin dan peralatan | F89: 146124786 | G89: 0 | H89: 2996359 | I89: 3856393 | J89: 16968167 | K89: =SUM(F89:J89) -> 169945705 | L89: 33006130 | N89: 416473.7 | O89: 739530.09 | P89: 14089497 | Q89: =N89+O89+P89 -> 15245501 | R89: =SUM(L89:P89) -> 48251631 | S89: =IF(K89=0,0,R89/K89) -> 0.2839238
A90: 206 | E90: Beban pemeliharaan renovasi dan instalasi | F90: 0 | G90: 0 | H90: 0 | I90: 0 | J90: 0 | K90: =SUM(F90:J90) -> 0
A91: 244 | E91: Beban aset bernilai rendah | F91: 8813445 | G91: 0 | H91: 180724 | I91: 232597 | J91: 1023427 | K91: =SUM(F91:J91) -> 10250193 | L91: 5608058.6 | N91: 71269.476 | O91: 126552.82 | P91: 2411079.1 | Q91: =N91+O91+P91 -> 2608901.4 | R91: =SUM(L91:P91) -> 8216960 | S91: =IF(K91=0,0,R91/K91) -> 0.80163954
A92: 213 | E92: Beban pemeliharaan lainnya | F92: 0 | G92: 0 | H92: 0 | I92: 0 | J92: 0 | K92: =SUM(F92:J92) -> 0
A93: 207 | E93: Beban pemeliharaan gedung sewa | F93: 0 | G93: 0 | H93: 0 | I93: 0 | J93: 0 | K93: =SUM(F93:J93) -> 0
A94: 208 | E94: Beban pemeliharaan gudang sewa | F94: 0 | G94: 0 | H94: 0 | I94: 0 | J94: 0 | K94: =SUM(F94:J94) -> 0
A95: 209 | E95: Beban pemeliharaan rumah dinas sewa | F95: 0 | G95: 0 | H95: 0 | I95: 0 | J95: 0 | K95: =SUM(F95:J95) -> 0
A96: 211 | E96: Beban pemeliharaan peralatan sewa | F96: 0 | G96: 0 | H96: 0 | I96: 0 | J96: 0 | K96: =SUM(F96:J96) -> 0
A97: 212 | E97: Beban pemeliharaan aset sewa lainnya | F97: 0 | G97: 0 | H97: 0 | I97: 0 | J97: 0 | K97: =SUM(F97:J97) -> 0
A98: 214 | E98: Sewa kantor | F98: 0 | G98: 0 | H98: 0 | I98: 0 | J98: 0 | K98: =SUM(F98:J98) -> 0
A99: 215 | E99: Sewa gudang | F99: 0 | G99: 0 | H99: 0 | I99: 0 | J99: 0 | K99: =SUM(F99:J99) -> 0 | L99: 42191271 | N99: 483666 | O99: 858843.1 | P99: 16362643 | Q99: =N99+O99+P99 -> 17705152 | R99: =SUM(L99:P99) -> 59896423 | S99: 0
A100: 216 | E100: Sewa kendaraan | F100: 102534233 | G100: 0 | H100: 2102514 | I100: 2705991 | J100: 11906385 | K100: =SUM(F100:J100) -> 119249123 | L100: 26558596 | N100: 319820.65 | O100: 567903.8 | P100: 10819680 | Q100: =N100+O100+P100 -> 11707404 | R100: =SUM(L100:P100) -> 38266000 | S100: =IF(K100=0,0,R100/K100) -> 0.32089125
A101: 210 | E101: Beban pemeliharaan kendaraan sewa | F101: 0 | G101: 0 | H101: 0 | I101: 0 | J101: 0 | K101: =SUM(F101:J101) -> 0
A102: 217 | E102: Sewa peralatan | F102: 134279282 | G102: 0 | H102: 2753462 | I102: 3543777 | J102: 15592654 | K102: =SUM(F102:J102) -> 156169175 | L102: 1.373328e+08 | N102: 1621586.6 | O102: 2879442.6 | P102: 54859021 | Q102: =N102+O102+P102 -> 59360050 | R102: =SUM(L102:P102) -> 196692854 | S102: =IF(K102=0,0,R102/K102) -> 1.2594858
A103: 218 | E103: Sewa rumah dinas | F103: 0 | G103: 0 | H103: 0 | I103: 0 | J103: 0 | K103: =SUM(F103:J103) -> 0
A104: 219 | E104: Biaya service charge | F104: 0 | G104: 0 | H104: 0 | I104: 0 | J104: 0 | K104: =SUM(F104:J104) -> 0
A105: 220 | E105: Sewa lainnya | F105: 0 | G105: 0 | H105: 0 | I105: 0 | J105: 0 | K105: =SUM(F105:J105) -> 0
A106: 0 | E106: Beban CKPN | F106: 0 | G106: 0 | H106: 0 | I106: 0 | J106: 0 | K106: =SUM(F106:J106) -> 0
A107: 225 | E107: Beban pengumpulan informasi dan pengelolaan data | F107: 0 | G107: 0 | H107: 0 | I107: 0 | J107: 0 | K107: =SUM(F107:J107) -> 0
...

Sheet SURABAYA
D1: PT JAMKRINDO KANWIL SURABAYA
D2: LABA RUGI RKA TAHUN 2026
D5: URAIAN | F5: KANCA SURABAYA | L5: REALISASI KANCA SURABAYA | S5: %
F6: KUR | G6: PEN | H6: KBG/SURETYSHIP | I6: KONSUMTIF | J6: PRODUKTIF | K6: TOTAL | L6: KUR | M6: PEN | N6: KBG/SURETYSHIP | O6: KONSUMTIF | P6: PRODUKTIF | Q6: NON KUR | R6: TOTAL | S6: %
F7: (a) | G7: (b) | H7: (c) | I7: (d) | J7: (e) | K7: (f) | L7: (g) | M7: (h) | N7: (i) | O7: (j) | P7: (k) | Q7: (l)=i+j+k | R7: (m) | S7: (n)=m/f
C9: X1 | D9: VOLUME | F9: 9912949637720 | G9: 0 | H9: 3913532224491 | I9: 974545539188 | J9: 2361265957530 | K9: =SUM(F9:J9) -> 17162293358929
C11: X2 | D11: PENDAPATAN PENJAMINAN
A12: 7 | B12: 8 | E12: Imbal Jasa Penjaminan Bruto | F12: 358429774172 | G12: 0 | H12: 12754022487 | I12: 9459354711 | J12: 42658164985 | K12: =SUM(F12:J12) -> 423301316355 | L12: 1.9051406e+11 | N12: 4.5279697e+09 | O12: 4.2004547e+09 | P12: 6.5806041e+10 | Q12: =N12+O12+P12 -> 7.4534465e+10 | R12: =SUM(L12:P12) -> 2.6504852e+11 | S12: =IF(K12=0,0,R12/K12) -> 0.62614623
A13: 12 | B13: 10 | E13: Restitusi penjaminan kredit | F13: 0 | G13: 0 | H13: 0 | I13: 0 | J13: 0 | K13: =SUM(F13:J13) -> 0
A14: 9 | B14: 9 | E14: Premi Penjaminan Ulang | F14: 32275195681 | G14: 0 | H14: 1548572196 | I14: 1411596254 | J14: 24666604293 | K14: =SUM(F14:J14) -> 59901968424 | L14: 2.055736e+10 | N14: 4.5044739e+08 | O14: 5.8206944e+08 | P14: 8.8230974e+09 | Q14: =N14+O14+P14 -> 9.8556143e+09 | R14: =SUM(L14:P14) -> 3.0412974e+10 | S14: =IF(K14=0,0,R14/K14) -> 0.50771244
C15: Y2 | E15: IMBAL JASA PENJAMINAN BERSIH | F15: =F12-F13-F14 -> 326154578491 | G15: =G12-G13-G14 -> 0 | H15: =H12-H13-H14 -> 11205450291 | I15: =I12-I13-I14 -> 8047758457 | J15: =J12-J13-J14 -> 17991560692 | K15: =K12-K13-K14 -> 363399347931 | L15: =L12-L13-L14 -> 1.699567e+11 | N15: =N12-N13-N14 -> 4.0775223e+09 | O15: =O12-O13-O14 -> 3.6183853e+09 | P15: =P12-P13-P14 -> 5.6982943e+10 | Q15: =Q12-Q13-Q14 -> 6.4678851e+10 | R15: =R12-R13-R14 -> 2.3463555e+11 | S15: =IF(K15=0,0,R15/K15) -> 0.6456686
C16: 22
C17: X2 | D17: BEBAN KLAIM
A18: 22 | B18: 13 | E18: Beban Klaim | F18: 279117753977 | G18: 22334975222 | H18: 5202817631 | I18: 5124694714 | J18: 37261618379 | K18: =SUM(F18:J18) -> 349041859923 | L18: 1.3797285e+11 | M18: 4359222990 | N18: 2175356536 | O18: 1.3886522e+08 | P18: 6.0839283e+10 | Q18: =N18+O18+P18 -> 6.3153505e+10 | R18: =SUM(L18:P18) -> 2.0548558e+11 | S18: =IF(K18=0,0,R18/K18) -> 0.58871328
A19: 24 | B19: 14 | E19: Kenaikan (Penurunan) Cadangan Klaim | F19: 1747285621 | G19: -5867662416 | H19: 17700890 | I19: 264667074 | J19: 8523487423 | K19: =SUM(F19:J19) -> 4685478592 | L19: 1.9340688e+10 | M19: -5.8676624e+09 | N19: 0 | O19: 0 | P19: 0 | Q19: 5.2168328e+09 | R19: =SUM(L19:Q19) -> 1.8689859e+10 | S19: =IF(K19=0,0,R19/K19) -> 3.98889
A20: 32 | B20: 15 | E20: Pendapatan Subrogasi | F20: 71739819407 | G20: 17075082318 | H20: 59056287 | I20: 120506747 | J20: 26509953142 | K20: =SUM(F20:J20) -> 115504417901 | L20: 5.3678578e+10 | M20: 7.6528895e+09 | O20: 25480715 | P20: 1.985216e+10 | Q20: 1.7958707e+10 | R20: 7.9290175e+10 | S20: =IF(K20=0,0,R20/K20) -> 0.68646876
A21: 37 | B21: 16 | E21: Beban Komisi Netto | F21: 5093038920 | G21: 0 | H21: 269126234 | I21: 215756309 | J21: 3766766262 | K21: =SUM(F21:J21) -> 9344687725 | L21: 3.3672537e+09 | N21: 69094281 | O21: -31054658 | P21: 1.2335438e+09 | Q21: =N21+O21+P21 -> 1.2715834e+09 | R21: =SUM(L21:P21) -> 4.6388371e+09 | S21: =IF(K21=0,0,R21/K21) -> 0.49641435
C22: Y2 | E22: JUMLAH BEBAN KLAIM | F22: =F18+F19-F20-F21 -> 204032181271 | G22: =G18+G19-G20-G21 -> -607769512 | H22: =H18+H19-H20-H21 -> 4892336000 | I22: =I18+I19-I20-I21 -> 5053098732 | J22: =J18+J19-J20-J21 -> 15508386398 | K22: =K18+K19-K20-K21 -> 228878232889 | L22: =L18+L19-L20-L21 -> 1.0026771e+11 | M22: =M18+M19-M20-M21 -> -9.1613289e+09 | ... R22: =R18+R19-R20-R21 -> 1.4024643e+11 | S22: =IF(K22=0,0,R22/K22) -> 0.61275563
C24: X1 | D24: PENJAMINAN BERSIH | F24: =F15-F22 -> 122122397220 | G24: =G15-G22 -> 607769512 | H24: =H15-H22 -> 6313114291 | I24: =I15-I22 -> 2994659725 | J24: =J15-J22 -> 2483174294 | K24: =K15-K22 -> 134521115042 | L24: =L15-L22 -> 6.9688992e+10 | M24: =M15-M22 -> 9.1613289e+09 | ... R24: =R15-R22 -> 9.4389124e+10 | S24: =IF(K24=0,0,R24/K24) -> 0.70166772
B26: 19 | C26: X1 | D26: PENDAPATAN INVESTASI BERSIH | F26: 0 | G26: 0 | H26: 0 | I26: 0 | J26: 0 | K26: 0
C28: X1 | D28: BEBAN USAHA
C29: X2 | E29: BEBAN KARYAWAN
A30: 94 | E30: Beban gaji karyawan | F30: 2019992538 | G30: 0 | H30: 41420923 | I30: 53309818 | J30: 234563696 | K30: =SUM(F30:J30) -> 2349286975 | L30: 1.0430392e+09 | N30: 27819101 | O30: 25806903 | P30: 4.0430149e+08 | Q30: =N30+O30+P30 -> 4.5792749e+08 | R30: =SUM(L30:P30) -> 1500966714 | S30: =IF(K30=0,0,R30/K30) -> 0.63890309
A31: 95 | E31: Beban lembur karyawan | F31: 80955400 | G31: 0 | H31: 1660030 | I31: 2136502 | J31: 9400628 | K31: =SUM(F31:J31) -> 94152560 | L31: 40590423 | N31: 1067323.6 | O31: 990122.44 | P31: 15511663 | Q31: =N31+O31+P31 -> 17569109 | R31: =SUM(L31:P31) -> 58159532 | S31: =IF(K31=0,0,R31/K31) -> 0.61771589
A32: 96 | E32: Beban asuransi kesehatan karyawan | F32: 360926704 | G32: 0 | H32: 7400976 | I32: 9525251 | J32: 41911195 | K32: =SUM(F32:J32) -> 419764126
A33: 97 | E33: Beban asuransi jiwa karyawan | F33: 16536107 | G33: 0 | H33: 339081 | I33: 436406 | J33: 1920190 | K33: =SUM(F33:J33) -> 19231784
A34: 100 | E34: Beban dana pensiun | F34: 262090662 | G34: 0 | H34: 5374296 | I34: 6916860 | J34: 30434248 | K34: =SUM(F34:J34) -> 304816066
A35: 101 | E35: Beban kompensasi kinerja karyawan | F35: 2639551770 | G35: 0 | H35: 54125284 | I35: 69660665 | J35: 306507577 | K35: =SUM(F35:J35) -> 3069845296 | L35: 1.4262024e+09 | N35: 38047335 | O35: 35295313 | P35: 5.529508e+08 | Q35: =N35+O35+P35 -> 6.2629345e+08 | R35: =SUM(L35:P35) -> 2.0524958e+09 | S35: =IF(K35=0,0,R35/K35) -> 0.66859911
A36: 102 | E36: Biaya jasa kini karyawan | F36: 0 | G36: 0 | H36: 0 | I36: 0 | J36: 0 | K36: =SUM(F36:J36) -> 0
A37: 103 | E37: Biaya jasa lalu karyawan | F37: 0 | G37: 0 | H37: 0 | I37: 0 | J37: 0 | K37: =SUM(F37:J37) -> 0
A38: 104 | E38: Bunga atas imbalan pasca kerja karyawan | F38: 396307733 | G38: 0 | H38: 8126482 | I38: 10458996 | J38: 46019678 | K38: =SUM(F38:J38) -> 460912889
A39: 105 | E39: Beban BPJS kesehatan karyawan | F39: 100583081 | G39: 0 | H39: 2062505 | I39: 2654498 | J39: 11679815 | K39: =SUM(F39:J39) -> 116979899
A40: 106 | E40: Beban BPJS jaminan hari tua karyawan | F40: 142687058 | G40: 0 | H40: 2925867 | I40: 3765668 | J40: 16568974 | K40: =SUM(F40:J40) -> 165947567
A41: 107 | E41: Beban BPJS jaminan kecelakaan kerja dan jaminan kematian karyawan | F41: 20708564 | G41: 0 | H41: 424639 | I41: 546522 | J41: 2404701 | K41: =SUM(F41:J41) -> 24084426
A42: 108 | E42: Beban BPJS jaminan pensiun karyawan | F42: 47983259 | G42: 0 | H42: 983920 | I42: 1266331 | J42: 5571867 | K42: =SUM(F42:J42) -> 55805377
A43: 109 | E43: Beban tunjangan hari raya karyawan | F43: 695650945 | G43: 0 | H43: 14264659 | I43: 18358991 | J43: 80779732 | K43: =SUM(F43:J43) -> 809054327 | L43: 4.307819e+08 | N43: 11969425 | O43: 11103658 | P43: 1.7395444e+08 | Q43: =N43+O43+P43 -> 1.9702752e+08 | R43: =SUM(L43:P43) -> 6.2780943e+08 | S43: =IF(K43=0,0,R43/K43) -> 0.77597932
A44: 110 | E44: Beban tunjangan PPh 21 karyawan | F44: 1603647260 | G44: 0 | H44: 32883562 | I44: 42322009 | J44: 186217237 | K44: =SUM(F44:J44) -> 1865070068 | L44: 2.489024e+08 | N44: 7177989.4 | O44: 6658794.5 | P44: 1.043194e+08 | Q44: =N44+O44+P44 -> 1.1815618e+08 | R44: =SUM(L44:P44) -> 3.6705858e+08 | S44: =IF(K44=0,0,R44/K44) -> 0.19680686
A45: 111 | E45: Beban tunjangan transportasi karyawan | F45: 83963494 | G45: 0 | H45: 1721712 | I45: 2215889 | J45: 9749931 | K45: =SUM(F45:J45) -> 97651026 | L45: 38538807 | N45: 1028367.7 | O45: 953984.31 | P45: 14945508 | Q45: =N45+O45+P45 -> 16927860 | R45: =SUM(L45:P45) -> 55466667 | S45: =IF(K45=0,0,R45/K45) -> 0.56800906
A46: 112 | E46: Beban tunjangan jabatan | F46: 943740633 | G46: 0 | H46: 19351858 | I46: 24906350 | J46: 109588173 | K46: =SUM(F46:J46) -> 1097587014 | L46: 5.9729626e+08 | N46: 15947612 | O46: 14794097 | P46: 2.3177037e+08 | Q46: =N46+O46+P46 -> 2.6251207e+08 | R46: =SUM(L46:P46) -> 859808334 | S46: =IF(K46=0,0,R46/K46) -> 0.78336234
A47: 113 | E47: Beban tunjangan cuti besar | F47: 32940452 | G47: 0 | H47: 675460 | I47: 869335 | J47: 3825081 | K47: =SUM(F47:J47) -> 38310328
A48: 114 | E48: Beban tunjangan cuti tahunan | F48: 316045338 | G48: 0 | H48: 6480662 | I48: 8340783 | J48: 36699523 | K48: =SUM(F48:J48) -> 367566306
A49: 115 | E49: Beban tunjangan makan | F49: 284009877 | G49: 0 | H49: 5823760 | I49: 7495332 | J49: 32979531 | K49: =SUM(F49:J49) -> 330308500 | L49: 208289622 | N49: 5409204.1 | O49: 5017948.1 | P49: 78613226 | Q49: =N49+O49+P49 -> 89040378 | R49: =SUM(L49:P49) -> 297330000 | S49: =IF(K49=0,0,R49/K49) -> 0.90015849
A50: 124 | E50: Beban Tunjangan Pakaian Kerja | F50: 66933169 | G50: 0 | H50: 1372497 | I50: 1766440 | J50: 7772351 | K50: =SUM(F50:J50) -> 77844457
A51: 143 | E51: Beban kompensasi PKWT/PKWTT | F51: 0 | G51: 0 | H51: 0 | I51: 0 | J51: 0 | K51: =SUM(F51:J51) -> 0
A52: 0 | E52: Beban tunjangan lainnya | F52: 183002512 | G52: 0 | H52: 3752555 | I52: 4829637 | J52: 21250448 | K52: =SUM(F52:J52) -> 212835152 | L52: 1.1359079e+08 | N52: 3047193.1 | O52: 2826785 | P52: 44285569 | Q52: =N52+O52+P52 -> 50159547 | R52: =SUM(L52:P52) -> 163750334 | S52: =IF(K52=0,0,R52/K52) -> 0.76937636
B53: 21 | C53: Y2 | E53: Total Beban Karyawan | F53: =SUM(F30:F52) -> 10298256556 | G53: =SUM(G30:G52) -> 0 | H53: =SUM(H30:H52) -> 211170728 | I53: =SUM(I30:I52) -> 271782283 | J53: =SUM(J30:J52) -> 1195844576 | K53: =SUM(K30:K52) -> 11977054143 | L53: =SUM(L30:L52) -> 4.1472318e+09 | N53: =SUM(N30:N52) -> 1.1151355e+08 | O53: =SUM(O30:O52) -> 1.034476e+08 | P53: =SUM(P30:P52) -> 1.6206525e+09 | Q53: =SUM(Q30:Q52) -> 1.8356136e+09 | R53: =SUM(R30:R52) -> 5.9828454e+09 | S53: =IF(K53=0,0,R53/K53) -> 0.49952562
C54: 22
C55: X2 | E55: BEBAN ADMINISTRASI & UMUM
A56: 169 | E56: Imbal jasa profesional - akuntan publik | F56: 0 | G56: 0 | H56: 0 | I56: 0 | J56: 0 | K56: =SUM(F56:J56) -> 0
A57: 171 | E57: Imbal jasa profesional - konsultan hukum | F57: 0 | G57: 0 | H57: 0 | I57: 0 | J57: 0 | K57: =SUM(F57:J57) -> 0
A58: 175 | E58: Imbal jasa profesional - konsultan manajemen (SDM, SOP, Akuntansi dll) | F58: 0 | G58: 0 | H58: 0 | I58: 0 | J58: 0 | K58: =SUM(F58:J58) -> 0
A59: 176 | E59: Beban imbal jasa profesional IT | F59: 0 | G59: 0 | H59: 0 | I59: 0 | J59: 0 | K59: =SUM(F59:J59) -> 0
A60: 177 | E60: Imbal jasa profesional - lainnya | F60: 0 | G60: 0 | H60: 0 | I60: 0 | J60: 0 | K60: =SUM(F60:J60) -> 0
A61: 179 | E61: Air, listrik dan utilitas - gedung | F61: 307268768 | G61: 0 | H61: 6300695 | I61: 8109160 | J61: 35680378 | K61: =SUM(F61:J61) -> 357359001 | L61: 1.5532621e+08 | N61: 4151088.9 | O61: 3850834.4 | P61: 60328745 | Q61: =N61+O61+P61 -> 68330668 | R61: =SUM(L61:P61) -> 223656882 | S61: =IF(K61=0,0,R61/K61) -> 0.6258605
A62: 180 | E62: Air, listrik dan utilitas - rumah dinas | F62: 15169427 | G62: 0 | H62: 311056 | I62: 400338 | J62: 1761490 | K62: =SUM(F62:J62) -> 17642311 | L62: 4457699.1 | N62: 114624.82 | O62: 106333.83 | P62: 1665869.3 | Q62: =N62+O62+P62 -> 1886827.9 | R62: =SUM(L62:P62) -> 6344527 | S62: =IF(K62=0,0,R62/K62) -> 0.35961995
A63: 181 | E63: Pemasaran | F63: 1373615410 | G63: 0 | H63: 28166648 | I63: 36251217 | J63: 159505692 | K63: =SUM(F63:J63) -> 1597538967 | L63: 5.7490143e+08 | N63: 17447967 | O63: 16185929 | P63: 2.5357539e+08 | Q63: =N63+O63+P63 -> 2.8720928e+08 | R63: =SUM(L63:P63) -> 8.6211071e+08 | S63: =IF(K63=0,0,R63/K63) -> 0.53964926
A64: 134 | E64: Beban pelatihan manajemen | F64: 0 | G64: 0 | H64: 0 | I64: 0 | J64: 0 | K64: =SUM(F64:J64) -> 0
A65: 132 | E65: Beban pelatihan karyawan - insidentil | F65: 0 | G65: 0 | H65: 0 | I65: 0 | J65: 0 | K65: =SUM(F65:J65) -> 0
A66: 133 | E66: Beban pelatihan karyawan - leadership | F66: 0 | G66: 0 | H66: 0 | I66: 0 | J66: 0 | K66: =SUM(F66:J66) -> 0
A67: 182 | E67: Beban pelatihan karyawan - TNA | F67: 0 | G67: 0 | H67: 0 | I67: 0 | J67: 0 | K67: =SUM(F67:J67) -> 0
A68: 137 | E68: Beban sertifikasi | F68: 0 | G68: 0 | H68: 0 | I68: 0 | J68: 0 | K68: =SUM(F68:J68) -> 0
A69: 129 | E69: Beban perekrutan karyawan | F69: 0 | G69: 0 | H69: 0 | I69: 0 | J69: 0 | K69: =SUM(F69:J69) -> 0
A70: 5 | E70: Beban uang saku magang | F70: 0 | G70: 0 | H70: 0 | I70: 0 | J70: 0 | K70: =SUM(F70:J70) -> 0
A71: 183 | E71: Akomodasi dinas dalam negeri | F71: 100920163 | G71: 0 | H71: 2069417 | I71: 2663394 | J71: 11718957 | K71: =SUM(F71:J71) -> 117371931 | L71: 30514447 | N71: 878736.75 | O71: 815176.39 | P71: 12770886 | Q71: =N71+O71+P71 -> 14464800 | R71: =SUM(L71:P71) -> 44979247 | S71: =IF(K71=0,0,R71/K71) -> 0.38321979
A72: 184 | E72: Tranportasi dinas dalam negeri | F72: 9512047 | G72: 0 | H72: 195049 | I72: 251033 | J72: 1104549 | K72: =SUM(F72:J72) -> 11062678 | L72: 15965452 | N72: 437027.97 | O72: 405417.07 | P72: 6351429.5 | Q72: =N72+O72+P72 -> 7193874.5 | R72: =SUM(L72:P72) -> 23159326 | S72: =IF(K72=0,0,R72/K72) -> 2.0934647
A73: 185 | E73: Tunjangan perjalanan dinas dalam negeri | F73: 53561010 | G73: 0 | H73: 1098294 | I73: 1413534 | J73: 6219562 | K73: =SUM(F73:J73) -> 62292400 | L73: 67995835 | N73: 1859203.4 | O73: 1724724.4 | P73: 27020237 | Q73: =N73+O73+P73 -> 30604165 | R73: =SUM(L73:P73) -> 98600000 | S73: =IF(K73=0,0,R73/K73) -> 1.5828576
A74: 186 | E74: Akomodasi dinas luar negeri | F74: 0 | G74: 0 | H74: 0 | I74: 0 | J74: 0 | K74: =SUM(F74:J74) -> 0
A75: 187 | E75: Tranportasi dinas luar negeri | F75: 0 | G75: 0 | H75: 0 | I75: 0 | J75: 0 | K75: =SUM(F75:J75) -> 0 | L75: 2645845.5 | N75: 68788.123 | O75: 63812.573 | P75: 999713.85 | Q75: =N75+O75+P75 -> 1132314.6 | R75: =SUM(L75:P75) -> 3778160 | S75: 0
A76: 188 | E76: Tunjangan perjalanan dinas luar negeri | F76: 0 | G76: 0 | H76: 0 | I76: 0 | J76: 0 | K76: =SUM(F76:J76) -> 0
A77: 189 | E77: Percetakan dan inventaris kantor | F77: 301111384 | G77: 0 | H77: 6174434 | I77: 7946660 | J77: 34965376 | K77: =SUM(F77:J77) -> 350197854 | L77: 1.2267969e+08 | N77: 3236346.5 | O77: 3002256.6 | P77: 47034579 | Q77: =N77+O77+P77 -> 53273182 | R77: =SUM(L77:P77) -> 175952872 | S77: =IF(K77=0,0,R77/K77) -> 0.50243846
A78: 190 | E78: Telepon, fax dan komunikasi - gedung | F78: 100260504 | G78: 0 | H78: 2055890 | I78: 2645985 | J78: 11642357 | K78: =SUM(F78:J78) -> 116604736 | L78: 35876972 | N78: 957020.27 | O78: 887797.53 | P78: 13908599 | Q78: =N78+O78+P78 -> 15753417 | R78: =SUM(L78:P78) -> 51630389 | S78: =IF(K78=0,0,R78/K78) -> 0.44278123
A79: 192 | E79: Telepon, fax dan komunikasi - rumah dinas | F79: 7638275 | G79: 0 | H79: 156627 | I79: 201582 | J79: 886965 | K79: =SUM(F79:J79) -> 8883449 | L79: 1548777.1 | N79: 41073.139 | O79: 38102.257 | P79: 596925.52 | Q79: =N79+O79+P79 -> 676100.92 | R79: =SUM(L79:P79) -> 2224878 | S79: =IF(K79=0,0,R79/K79) -> 0.25045205
A80: 193 | E80: Bensin dan parkir | F80: 95673975 | G80: 0 | H80: 1961841 | I80: 2524941 | J80: 11109764 | K80: =SUM(F80:J80) -> 111270521 | L80: 1.5665461e+08 | N80: 4168410.7 | O80: 3866903.2 | P80: 60580486 | Q80: =N80+O80+P80 -> 68615800 | R80: =SUM(L80:P80) -> 225270407 | S80: =IF(K80=0,0,R80/K80) -> 2.0245291
A81: 204 | E81: Beban pemeliharaan kendaraan | F81: 536668291 | G81: 0 | H81: 11004643 | I81: 14163265 | J81: 62318496 | K81: =SUM(F81:J81) -> 624154695 | L81: 68772439 | N81: 1762239.3 | O81: 1634773.9 | P81: 25611035 | Q81: =N81+O81+P81 -> 29008049 | R81: =SUM(L81:P81) -> 97780488 | S81: =IF(K81=0,0,R81/K81) -> 0.15666066
A82: 194 | E82: Beban penggunaan Data Center | F82: 0 | G82: 0 | H82: 0 | I82: 0 | J82: 0 | K82: =SUM(F82:J82) -> 0
A83: 195 | E83: Beban jaringan dan konektivitas | F83: 0 | G83: 0 | H83: 0 | I83: 0 | J83: 0 | K83: =SUM(F83:J83) -> 0
A84: 196 | E84: Beban penyewaan peralatan IT | F84: 0 | G84: 0 | H84: 0 | I84: 0 | J84: 0 | K84: =SUM(F84:J84) -> 0
A85: 197 | E85: Beban pemeliharaan peralatan IT | F85: 0 | G85: 0 | H85: 0 | I85: 0 | J85: 0 | K85: =SUM(F85:J85) -> 0
A86: 198 | E86: Beban pemeliharaan perangkat lunak IT | F86: 0 | G86: 0 | H86: 0 | I86: 0 | J86: 0 | K86: =SUM(F86:J86) -> 0
A87: 202 | E87: Beban pemeliharaan gedung | F87: 303304038 | G87: 0 | H87: 6219396 | I87: 8004526 | J87: 35219990 | K87: =SUM(F87:J87) -> 352747950 | L87: 1.1612819e+08 | N87: 2701570.9 | O87: 2506162.1 | P87: 39262560 | Q87: =N87+O87+P87 -> 44470293 | R87: =SUM(L87:P87) -> 160598479 | S87: =IF(K87=0,0,R87/K87) -> 0.45527828
A88: 203 | E88: Beban pemeliharaan rumah dinas | F88: 3598029 | G88: 0 | H88: 73779 | I88: 94956 | J88: 417807 | K88: =SUM(F88:J88) -> 4184571 | L88: 23314366 | N88: 442608.59 | O88: 410594.04 | P88: 6432534 | Q88: =N88+O88+P88 -> 7285736.6 | R88: =SUM(L88:P88) -> 30600103 | S88: =IF(K88=0,0,R88/K88) -> 7.3126022
A89: 205 | E89: Beban pemeliharaan mesin dan peralatan | F89: 111028233 | G89: 0 | H89: 2276688 | I89: 2930157 | J89: 12892717 | K89: =SUM(F89:J89) -> 129127795 | L89: 48754607 | N89: 1297599 | O89: 1203741.7 | P89: 18858309 | Q89: =N89+O89+P89 -> 21359650 | R89: =SUM(L89:P89) -> 70114257 | S89: =IF(K89=0,0,R89/K89) -> 0.54298346
A90: 206 | E90: Beban pemeliharaan renovasi dan instalasi | F90: 0 | G90: 0 | H90: 0 | I90: 0 | J90: 0 | K90: =SUM(F90:J90) -> 0 | L90: -5077468.9 | N90: 308456.3 | O90: 286145.19 | P90: 4482867.4 | Q90: =N90+O90+P90 -> 5077468.9 | R90: =SUM(L90:P90) -> 0 | S90: =IF(K90=0,0,R90/K90) -> 0
A91: 244 | E91: Beban aset bernilai rendah | F91: 17626893 | G91: 0 | H91: 361448 | I91: 465193 | J91: 2046854 | K91: =SUM(F91:J91) -> 20500388 | L91: 3112271.4 | N91: 85762.53 | O91: 79559.196 | P91: 1246406.9 | Q91: =N91+O91+P91 -> 1411728.6 | R91: =SUM(L91:P91) -> 4524000 | S91: =IF(K91=0,0,R91/K91) -> 0.22067875
A92: 213 | E92: Beban pemeliharaan lainnya | F92: 0 | G92: 0 | H92: 0 | I92: 0 | J92: 0 | K92: =SUM(F92:J92) -> 0
A93: 207 | E93: Beban pemeliharaan gedung sewa | F93: 0 | G93: 0 | H93: 0 | I93: 0 | J93: 0 | K93: =SUM(F93:J93) -> 0
A94: 208 | E94: Beban pemeliharaan gudang sewa | F94: 0 | G94: 0 | H94: 0 | I94: 0 | J94: 0 | K94: =SUM(F94:J94) -> 0
A95: 209 | E95: Beban pemeliharaan rumah dinas sewa | F95: 0 | G95: 0 | H95: 0 | I95: 0 | J95: 0 | K95: =SUM(F95:J95) -> 0
A96: 211 | E96: Beban pemeliharaan peralatan sewa | F96: 0 | G96: 0 | H96: 0 | I96: 0 | J96: 0 | K96: =SUM(F96:J96) -> 0
A97: 212 | E97: Beban pemeliharaan aset sewa lainnya | F97: 0 | G97: 0 | H97: 0 | I97: 0 | J97: 0 | K97: =SUM(F97:J97) -> 0
A98: 214 | E98: Sewa kantor | F98: 490991527 | G98: 0 | H98: 10068018 | I98: 12957805 | J98: 57014462 | K98: =SUM(F98:J98) -> 571031812 | L98: 24924340 | N98: 694677.49 | O98: 644430.41 | P98: 10095910 | Q98: =N98+O98+P98 -> 11435018 | R98: =SUM(L98:P98) -> 36359358 | S98: =IF(K98=0,0,R98/K98) -> 0.063673087
A99: 215 | E99: Sewa gudang | F99: 0 | G99: 0 | H99: 0 | I99: 0 | J99: 0 | K99: =SUM(F99:J99) -> 0 | L99: 22099836 | N99: 584181.4 | O99: 541926.67 | P99: 8490044.7 | Q99: =N99+O99+P99 -> 9616152.8 | R99: =SUM(L99:P99) -> 31715989 | S99: 0
A100: 216 | E100: Sewa kendaraan | F100: 74386902 | G100: 0 | H100: 1525339 | I100: 1963152 | J100: 8637887 | K100: =SUM(F100:J100) -> 86513280 | L100: 22734141 | N100: 604940.05 | O100: 561183.82 | P100: 8791735 | Q100: =N100+O100+P100 -> 9957858.9 | R100: =SUM(L100:P100) -> 32692000 | S100: =IF(K100=0,0,R100/K100) -> 0.37788418
A101: 210 | E101: Beban pemeliharaan kendaraan sewa | F101: 0 | G101: 0 | H101: 0 | I101: 0 | J101: 0 | K101: =SUM(F101:J101) -> 0
A102: 217 | E102: Sewa peralatan | F102: 236963439 | G102: 0 | H102: 4859050 | I102: 6253725 | J102: 27516448 | K102: =SUM(F102:J102) -> 275592662 | L102: 1.570794e+08 | N102: 4229122 | O102: 3923223.2 | P102: 61462817 | Q102: =N102+O102+P102 -> 69615162 | R102: =SUM(L102:P102) -> 226694564 | S102: =IF(K102=0,0,R102/K102) -> 0.82257112
A103: 218 | E103: Sewa rumah dinas | F103: 21347985 | G103: 0 | H103: 437751 | I103: 563397 | J103: 2478951 | K103: =SUM(F103:J103) -> 24828084 | L103: 29598384 | N103: 795314.22 | O103: 737787.93 | P103: 11558487 | Q103: =N103+O103+P103 -> 13091589 | R103: =SUM(L103:P103) -> 42689974 | S103: =IF(K103=0,0,R103/K103) -> 1.7194228
A104: 219 | E104: Biaya service charge | F104: 0 | G104: 0 | H104: 0 | I104: 0 | J104: 0 | K104: =SUM(F104:J104) -> 0
A105: 220 | E105: Sewa lainnya | F105: 0 | G105: 0 | H105: 0 | I105: 0 | J105: 0 | K105: =SUM(F105:J105) -> 0
A106: 0 | E106: Beban CKPN | F106: 0 | G106: 0 | H106: 0 | I106: 0 | J106: 0 | K106: =SUM(F106:J106) -> 0
A107: 225 | E107: Beban pengumpulan informasi dan pengelolaan data | F107: 0 | G107: 0 | H107: 0 | I107: 0 | J107: 0 | K107: =SUM(F107:J107) -> 0
...

Sheet KEDIRI
D1: PT JAMKRINDO KANWIL SURABAYA
D2: LABA RUGI RKA TAHUN 2026
D5: URAIAN | F5: KANCA KEDIRI | L5: REALISASI KANCA KEDIRI | S5: %
F6: KUR | G6: PEN | H6: KBG/SURETYSHIP | I6: KONSUMTIF | J6: PRODUKTIF | K6: TOTAL | L6: KUR | M6: PEN | N6: KBG/SURETYSHIP | O6: KONSUMTIF | P6: PRODUKTIF | Q6: NON KUR | R6: TOTAL | S6: %
F7: (a) | G7: (b) | H7: (c) | I7: (d) | J7: (e) | K7: (f) | L7: (g) | M7: (h) | N7: (i) | O7: (j) | P7: (k) | Q7: (l)=i+j+k | R7: (m) | S7: (n)=m/f
C9: X1 | D9: VOLUME | F9: 5539589503431 | G9: 0 | H9: 729641601176 | I9: 544598977781 | J9: 1004253035090 | K9: =SUM(F9:J9) -> 7818083117478
C11: X2 | D11: PENDAPATAN PENJAMINAN
A12: 7 | B12: 8 | E12: Imbal Jasa Penjaminan Bruto | F12: 200298991450 | G12: 0 | H12: 2377868599 | I12: 5286109986 | J12: 22927120245 | K12: =SUM(F12:J12) -> 230890090280 | L12: 1.0346593e+11 | N12: 1.7436172e+08 | O12: 1.7123644e+09 | P12: 3.9655769e+10 | Q12: =N12+O12+P12 -> 4.1542495e+10 | R12: =SUM(L12:P12) -> 1.4500842e+11 | S12: =IF(K12=0,0,R12/K12) -> 0.62804091
A13: 12 | B13: 10 | E13: Restitusi penjaminan kredit | F13: 0 | G13: 0 | H13: 0 | I13: 0 | J13: 0 | K13: =SUM(F13:J13) -> 0
A14: 9 | B14: 9 | E14: Premi Penjaminan Ulang | F14: 18036138761 | G14: 0 | H14: 288716850 | I14: 788833201 | J14: 13671394317 | K14: =SUM(F14:J14) -> 32785083129 | L14: 1.0807965e+10 | N14: 24792021 | O14: 1.4708132e+08 | P14: 5.1338238e+09 | Q14: =N14+O14+P14 -> 5.3056972e+09 | R14: =SUM(L14:P14) -> 16113662010 | S14: =IF(K14=0,0,R14/K14) -> 0.49149371
C15: Y2 | E15: IMBAL JASA PENJAMINAN BERSIH | F15: =F12-F13-F14 -> 182262852689 | G15: =G12-G13-G14 -> 0 | H15: =H12-H13-H14 -> 2089151749 | I15: =I12-I13-I14 -> 4497276785 | J15: =J12-J13-J14 -> 9255725928 | K15: =K12-K13-K14 -> 198105007151 | L15: =L12-L13-L14 -> 9.2657962e+10 | N15: =N12-N13-N14 -> 1.495697e+08 | O15: =O12-O13-O14 -> 1.565283e+09 | P15: =P12-P13-P14 -> 3.4521945e+10 | Q15: =Q12-Q13-Q14 -> 3.6236798e+10 | R15: =R12-R13-R14 -> 1.2889476e+11 | S15: =IF(K15=0,0,R15/K15) -> 0.65063858
C16: 22
C17: X2 | D17: BEBAN KLAIM
A18: 22 | B18: 13 | E18: Beban Klaim | F18: 149669107251 | G18: 1889067548 | H18: 158460622 | I18: 500000000 | J18: 25924281317 | K18: =SUM(F18:J18) -> 178140916738 | L18: 5.7450231e+10 | M18: 116546366 | O18: 116203474 | P18: 2.5283506e+10 | Q18: =N18+O18+P18 -> 2.5399709e+10 | R18: =SUM(L18:P18) -> 8.2966487e+10 | S18: =IF(K18=0,0,R18/K18) -> 0.46573515
A19: 24 | B19: 14 | E19: Kenaikan (Penurunan) Cadangan Klaim | F19: 1219679297 | G19: -151546366 | H19: 17700891 | I19: 0 | J19: 3523812717 | K19: =SUM(F19:J19) -> 4609646539 | L19: 8.0102758e+09 | M19: -1.5154637e+08 | N19: 0 | O19: 0 | P19: 0 | Q19: 9.2901233e+09 | R19: =SUM(L19:Q19) -> 1.7148853e+10 | S19: =IF(K19=0,0,R19/K19) -> 3.7202099
A20: 32 | B20: 15 | E20: Pendapatan Subrogasi | F20: 43057773776 | G20: 4180457975 | H20: 30365867 | I20: 61962783 | J20: 19772876680 | K20: =SUM(F20:J20) -> 67103437081 | L20: 1.4900423e+10 | M20: 9.184166e+08 | O20: 22887366 | P20: 9.5023675e+09 | Q20: 8.3941876e+09 | R20: 2.4213027e+10 | S20: =IF(K20=0,0,R20/K20) -> 0.3608314
A21: 37 | B21: 16 | E21: Beban Komisi Netto | F21: 2846109985 | G21: 0 | H21: 50176077 | I21: 120569702 | J21: 2085992135 | K21: =SUM(F21:J21) -> 5102847899 | L21: 1.7865182e+09 | N21: 3704017 | O21: 4871413 | P21: 7.5442253e+08 | Q21: =N21+O21+P21 -> 7.6299796e+08 | R21: =SUM(L21:P21) -> 2.5495161e+09 | S21: =IF(K21=0,0,R21/K21) -> 0.49962612
C22: Y2 | E22: JUMLAH BEBAN KLAIM | F22: =F18+F19-F20-F21 -> 104984902787 | G22: =G18+G19-G20-G21 -> -2442936793 | H22: =H18+H19-H20-H21 -> 95619569 | I22: =I18+I19-I20-I21 -> 317467515 | J22: =J18+J19-J20-J21 -> 7589225219 | K22: =K18+K19-K20-K21 -> 110544278297 | L22: =L18+L19-L20-L21 -> 4.8773566e+10 | M22: =M18+M19-M20-M21 -> -953416597 | ... R22: =R18+R19-R20-R21 -> 7.3352796e+10 | S22: =IF(K22=0,0,R22/K22) -> 0.66356031
C24: X1 | D24: PENJAMINAN BERSIH | F24: =F15-F22 -> 77277949902 | G24: =G15-G22 -> 2442936793 | H24: =H15-H22 -> 1993532180 | I24: =I15-I22 -> 4179809270 | J24: =J15-J22 -> 1666500709 | K24: =K15-K22 -> 87560728854 | L24: =L15-L22 -> 4.3884396e+10 | M24: =M15-M22 -> 953416597 | ... R24: =R15-R22 -> 5.5541963e+10 | S24: =IF(K24=0,0,R24/K24) -> 0.63432505
B26: 19 | C26: X1 | D26: PENDAPATAN INVESTASI BERSIH | F26: 0 | G26: 0 | H26: 0 | I26: 0 | J26: 0 | K26: 0
C28: X1 | D28: BEBAN USAHA
C29: X2 | E29: BEBAN KARYAWAN
A30: 94 | E30: Beban gaji karyawan | F30: 969596418 | G30: 0 | H30: 19882043 | I30: 25588713 | J30: 112590574 | K30: =SUM(F30:J30) -> 1127657748 | L30: 5.1681078e+08 | N30: 952514.54 | O30: 9354415.3 | P30: 2.1663411e+08 | Q30: =N30+O30+P30 -> 2.2694104e+08 | R30: =SUM(L30:P30) -> 743751821 | S30: =IF(K30=0,0,R30/K30) -> 0.65955457
A31: 95 | E31: Beban lembur karyawan | F31: 35417988 | G31: 0 | H31: 726263 | I31: 934720 | J31: 4112775 | K31: =SUM(F31:J31) -> 41191746 | L31: 13555184 | N31: 25541.937 | O31: 250841.2 | P31: 5809102.8 | Q31: =N31+O31+P31 -> 6085486 | R31: =SUM(L31:P31) -> 19640670 | S31: =IF(K31=0,0,R31/K31) -> 0.47681082
A32: 96 | E32: Beban asuransi kesehatan karyawan | F32: 180463352 | G32: 0 | H32: 3700488 | I32: 4762626 | J32: 20955598 | K32: =SUM(F32:J32) -> 209882064 | L32: 7643750 | N32: 11988.222 | O32: 117733.44 | P32: 2726528.3 | Q32: =N32+O32+P32 -> 2856250 | R32: =SUM(L32:P32) -> 10500000 | S32: =IF(K32=0,0,R32/K32) -> 0.050028096
A33: 97 | E33: Beban asuransi jiwa karyawan | F33: 8268054 | G33: 0 | H33: 169540 | I33: 218203 | J33: 960095 | K33: =SUM(F33:J33) -> 9615892
A34: 100 | E34: Beban dana pensiun | F34: 131045331 | G34: 0 | H34: 2687148 | I34: 3458430 | J34: 15217124 | K34: =SUM(F34:J34) -> 152408033
A35: 101 | E35: Beban kompensasi kinerja karyawan | F35: 1395994313 | G35: 0 | H35: 28625538 | I35: 36841820 | J35: 162104354 | K35: =SUM(F35:J35) -> 1623566025 | L35: 6.7312524e+08 | N35: 1240655.3 | O35: 12184177 | P35: 2.8216711e+08 | Q35: =N35+O35+P35 -> 2.9559194e+08 | R35: =SUM(L35:P35) -> 9.6871718e+08 | S35: =IF(K35=0,0,R35/K35) -> 0.59666017
A36: 102 | E36: Biaya jasa kini karyawan | F36: 0 | G36: 0 | H36: 0 | I36: 0 | J36: 0 | K36: =SUM(F36:J36) -> 0
A37: 103 | E37: Biaya jasa lalu karyawan | F37: 0 | G37: 0 | H37: 0 | I37: 0 | J37: 0 | K37: =SUM(F37:J37) -> 0
A38: 104 | E38: Bunga atas imbalan pasca kerja karyawan | F38: 198153866 | G38: 0 | H38: 4063241 | I38: 5229498 | J38: 23009839 | K38: =SUM(F38:J38) -> 230456444
A39: 105 | E39: Beban BPJS kesehatan karyawan | F39: 50291541 | G39: 0 | H39: 1031252 | I39: 1327249 | J39: 5839908 | K39: =SUM(F39:J39) -> 58489950
A40: 106 | E40: Beban BPJS jaminan hari tua karyawan | F40: 71343529 | G40: 0 | H40: 1462934 | I40: 1882834 | J40: 8284487 | K40: =SUM(F40:J40) -> 82973784
A41: 107 | E41: Beban BPJS jaminan kecelakaan kerja dan jaminan kematian karyawan | F41: 10354282 | G41: 0 | H41: 212320 | I41: 273261 | J41: 1202350 | K41: =SUM(F41:J41) -> 12042213
A42: 108 | E42: Beban BPJS jaminan pensiun karyawan | F42: 23991629 | G42: 0 | H42: 491960 | I42: 633165 | J42: 2785934 | K42: =SUM(F42:J42) -> 27902688
A43: 109 | E43: Beban tunjangan hari raya karyawan | F43: 290834566 | G43: 0 | H43: 5963703 | I43: 7675443 | J43: 33772021 | K43: =SUM(F43:J43) -> 338245733 | L43: 2.0331628e+08 | N43: 390301.47 | O43: 3833056.5 | P43: 88767792 | Q43: =N43+O43+P43 -> 92991150 | R43: =SUM(L43:P43) -> 2.9630743e+08 | S43: =IF(K43=0,0,R43/K43) -> 0.87601233
A44: 110 | E44: Beban tunjangan PPh 21 karyawan | F44: 1123262216 | G44: 0 | H44: 23033034 | I44: 29644121 | J44: 130434411 | K44: =SUM(F44:J44) -> 1306373782 | L44: 1.5129303e+08 | N44: 289626.99 | O44: 2844356.8 | P44: 65871002 | Q44: =N44+O44+P44 -> 69004985 | R44: =SUM(L44:P44) -> 2.2029802e+08 | S44: =IF(K44=0,0,R44/K44) -> 0.16863322
A45: 111 | E45: Beban tunjangan transportasi karyawan | F45: 34442168 | G45: 0 | H45: 706253 | I45: 908967 | J45: 3999461 | K45: =SUM(F45:J45) -> 40056849 | L45: 25635000 | N45: 47001.525 | O45: 461590.63 | P45: 10689741 | Q45: =N45+O45+P45 -> 11198333 | R45: =SUM(L45:P45) -> 36833333 | S45: =IF(K45=0,0,R45/K45) -> 0.91952647
A46: 112 | E46: Beban tunjangan jabatan | F46: 707805475 | G46: 0 | H46: 14513893 | I46: 18679762 | J46: 82191129 | K46: =SUM(F46:J46) -> 823190259 | L46: 3.1628472e+08 | N46: 583613.35 | O46: 5731525.8 | P46: 1.3273347e+08 | Q46: =N46+O46+P46 -> 1.3904861e+08 | R46: =SUM(L46:P46) -> 4.5533333e+08 | S46: =IF(K46=0,0,R46/K46) -> 0.55313256
A47: 113 | E47: Beban tunjangan cuti besar | F47: 16470226 | G47: 0 | H47: 337730 | I47: 434667 | J47: 1912540 | K47: =SUM(F47:J47) -> 19155163
A48: 114 | E48: Beban tunjangan cuti tahunan | F48: 158022669 | G48: 0 | H48: 3240331 | I48: 4170391 | J48: 18349762 | K48: =SUM(F48:J48) -> 183783153
A49: 115 | E49: Beban tunjangan makan | F49: 180733558 | G49: 0 | H49: 3706029 | I49: 4769757 | J49: 20986974 | K49: =SUM(F49:J49) -> 210196318 | L49: 1.0922986e+08 | N49: 196252.78 | O49: 1927351.2 | P49: 44634538 | Q49: =N49+O49+P49 -> 46758142 | R49: =SUM(L49:P49) -> 155988000 | S49: =IF(K49=0,0,R49/K49) -> 0.74210624
A50: 124 | E50: Beban Tunjangan Pakaian Kerja | F50: 32127921 | G50: 0 | H50: 658799 | I50: 847891 | J50: 3730729 | K50: =SUM(F50:J50) -> 37365340
A51: 143 | E51: Beban kompensasi PKWT/PKWTT | F51: 0 | G51: 0 | H51: 0 | I51: 0 | J51: 0 | K51: =SUM(F51:J51) -> 0
A52: 0 | E52: Beban tunjangan lainnya | F52: 91501256 | G52: 0 | H52: 1876277 | I52: 2414818 | J52: 10625224 | K52: =SUM(F52:J52) -> 106417575 | L52: 58436602 | N52: 108588.56 | O52: 1066422 | P52: 24696721 | Q52: =N52+O52+P52 -> 25871732 | R52: =SUM(L52:P52) -> 84308334 | S52: =IF(K52=0,0,R52/K52) -> 0.7922407
B53: 21 | C53: Y2 | E53: Total Beban Karyawan | F53: =SUM(F30:F52) -> 5710120358 | G53: =SUM(G30:G52) -> 0 | H53: =SUM(H30:H52) -> 117088776 | I53: =SUM(I30:I52) -> 150696336 | J53: =SUM(J30:J52) -> 663065289 | K53: =SUM(K30:K52) -> 6640970759 | L53: =SUM(L30:L52) -> 2.0753305e+09 | N53: =SUM(N30:N52) -> 3846084.7 | O53: =SUM(O30:O52) -> 37771470 | P53: =SUM(P30:P52) -> 8.7473011e+08 | Q53: =SUM(Q30:Q52) -> 9.1634767e+08 | R53: =SUM(R30:R52) -> 2.9916781e+09 | S53: =IF(K53=0,0,R53/K53) -> 0.45048807
C54: 22
C55: X2 | E55: BEBAN ADMINISTRASI & UMUM
A56: 169 | E56: Imbal jasa profesional - akuntan publik | F56: 0 | G56: 0 | H56: 0 | I56: 0 | J56: 0 | K56: =SUM(F56:J56) -> 0
A57: 171 | E57: Imbal jasa profesional - konsultan hukum | F57: 0 | G57: 0 | H57: 0 | I57: 0 | J57: 0 | K57: =SUM(F57:J57) -> 0
A58: 175 | E58: Imbal jasa profesional - konsultan manajemen (SDM, SOP, Akuntansi dll) | F58: 0 | G58: 0 | H58: 0 | I58: 0 | J58: 0 | K58: =SUM(F58:J58) -> 0
A59: 176 | E59: Beban imbal jasa profesional IT | F59: 0 | G59: 0 | H59: 0 | I59: 0 | J59: 0 | K59: =SUM(F59:J59) -> 0
A60: 177 | E60: Imbal jasa profesional - lainnya | F60: 0 | G60: 0 | H60: 0 | I60: 0 | J60: 0 | K60: =SUM(F60:J60) -> 0
A61: 179 | E61: Air, listrik dan utilitas - gedung | F61: 107469017 | G61: 0 | H61: 2203704 | I61: 2836225 | J61: 12479417 | K61: =SUM(F61:J61) -> 124988363 | L61: 60100254 | N61: 109931.45 | O61: 1079610.2 | P61: 25002140 | Q61: =N61+O61+P61 -> 26191682 | R61: =SUM(L61:P61) -> 86291936 | S61: =IF(K61=0,0,R61/K61) -> 0.69039976
A62: 180 | E62: Air, listrik dan utilitas - rumah dinas | F62: 8352161 | G62: 0 | H62: 171265 | I62: 220423 | J62: 969862 | K62: =SUM(F62:J62) -> 9713711 | L62: 6133513.5 | N62: 11519.129 | O62: 113126.59 | P62: 2619840.7 | Q62: =N62+O62+P62 -> 2744486.5 | R62: =SUM(L62:P62) -> 8878000 | S62: =IF(K62=0,0,R62/K62) -> 0.91396584
A63: 181 | E63: Pemasaran | F63: 621272226 | G63: 0 | H63: 12739487 | I63: 16396055 | J63: 72142796 | K63: =SUM(F63:J63) -> 722550564 | L63: 2.9976307e+08 | N63: 566099.58 | O63: 5559527.3 | P63: 1.2875024e+08 | Q63: =N63+O63+P63 -> 1.3487587e+08 | R63: =SUM(L63:P63) -> 4.3463895e+08 | S63: =IF(K63=0,0,R63/K63) -> 0.6015343
A64: 134 | E64: Beban pelatihan manajemen | F64: 0 | G64: 0 | H64: 0 | I64: 0 | J64: 0 | K64: =SUM(F64:J64) -> 0
A65: 132 | E65: Beban pelatihan karyawan - insidentil | F65: 0 | G65: 0 | H65: 0 | I65: 0 | J65: 0 | K65: =SUM(F65:J65) -> 0
A66: 133 | E66: Beban pelatihan karyawan - leadership | F66: 0 | G66: 0 | H66: 0 | I66: 0 | J66: 0 | K66: =SUM(F66:J66) -> 0
A67: 182 | E67: Beban pelatihan karyawan - TNA | F67: 0 | G67: 0 | H67: 0 | I67: 0 | J67: 0 | K67: =SUM(F67:J67) -> 0
A68: 137 | E68: Beban sertifikasi | F68: 0 | G68: 0 | H68: 0 | I68: 0 | J68: 0 | K68: =SUM(F68:J68) -> 0
A69: 129 | E69: Beban perekrutan karyawan | F69: 0 | G69: 0 | H69: 0 | I69: 0 | J69: 0 | K69: =SUM(F69:J69) -> 0
A70: 5 | E70: Beban uang saku magang | F70: 0 | G70: 0 | H70: 0 | I70: 0 | J70: 0 | K70: =SUM(F70:J70) -> 0
A71: 183 | E71: Akomodasi dinas dalam negeri | F71: 88305142 | G71: 0 | H71: 1810740 | I71: 2330470 | J71: 10254088 | K71: =SUM(F71:J71) -> 102700440 | L71: 15641546 | N71: 30672.539 | O71: 301227.6 | P71: 6975975.7 | Q71: =N71+O71+P71 -> 7307875.8 | R71: =SUM(L71:P71) -> 22949422 | S71: =IF(K71=0,0,R71/K71) -> 0.22345982
A72: 184 | E72: Tranportasi dinas dalam negeri | F72: 8323041 | G72: 0 | H72: 170668 | I72: 219654 | J72: 966480 | K72: =SUM(F72:J72) -> 9679843 | L72: 10771451 | N72: 23996.876 | O72: 235667.53 | P72: 5457703.6 | Q72: =N72+O72+P72 -> 5717368 | R72: =SUM(L72:P72) -> 16488819 | S72: =IF(K72=0,0,R72/K72) -> 1.703418
A73: 185 | E73: Tunjangan perjalanan dinas dalam negeri | F73: 46865884 | G73: 0 | H73: 961008 | I73: 1236842 | J73: 5442117 | K73: =SUM(F73:J73) -> 54505851 | L73: 29259120 | N73: 53685.746 | O73: 527234.75 | P73: 12209960 | Q73: =N73+O73+P73 -> 12790880 | R73: =SUM(L73:P73) -> 42050000 | S73: =IF(K73=0,0,R73/K73) -> 0.77147681
A74: 186 | E74: Akomodasi dinas luar negeri | F74: 0 | G74: 0 | H74: 0 | I74: 0 | J74: 0 | K74: =SUM(F74:J74) -> 0
A75: 187 | E75: Tranportasi dinas luar negeri | F75: 0 | G75: 0 | H75: 0 | I75: 0 | J75: 0 | K75: =SUM(F75:J75) -> 0
A76: 188 | E76: Tunjangan perjalanan dinas luar negeri | F76: 0 | G76: 0 | H76: 0 | I76: 0 | J76: 0 | K76: =SUM(F76:J76) -> 0
A77: 189 | E77: Percetakan dan inventaris kantor | F77: 118293537 | G77: 0 | H77: 2425666 | I77: 3121896 | J77: 13736372 | K77: =SUM(F77:J77) -> 137577471 | L77: 50709462 | N77: 95002.832 | O77: 932999.88 | P77: 21606866 | Q77: =N77+O77+P77 -> 22634869 | R77: =SUM(L77:P77) -> 73344331 | S77: =IF(K77=0,0,R77/K77) -> 0.53311295
A78: 190 | E78: Telepon, fax dan komunikasi - gedung | F78: 35066687 | G78: 0 | H78: 719059 | I78: 925448 | J78: 4071981 | K78: =SUM(F78:J78) -> 40783175 | L78: 13548185 | N78: 29615.178 | O78: 290843.51 | P78: 6735495.9 | Q78: =N78+O78+P78 -> 7055954.6 | R78: =SUM(L78:P78) -> 20604140 | S78: =IF(K78=0,0,R78/K78) -> 0.50521177
A79: 192 | E79: Telepon, fax dan komunikasi - rumah dinas | F79: 4205571 | G79: 0 | H79: 86237 | I79: 110990 | J79: 488355 | K79: =SUM(F79:J79) -> 4891153 | L79: 2650348.1 | N79: 4884.9069 | O79: 47973.491 | P79: 1110993.5 | Q79: =N79+O79+P79 -> 1163851.9 | R79: =SUM(L79:P79) -> 3814200 | S79: =IF(K79=0,0,R79/K79) -> 0.77981614
A80: 193 | E80: Bensin dan parkir | F80: 29140536 | G80: 0 | H80: 597541 | I80: 769051 | J80: 3383830 | K80: =SUM(F80:J80) -> 33890958 | L80: 17484620 | N80: 33171.056 | O80: 325764.93 | P80: 7544223.2 | Q80: =N80+O80+P80 -> 7903159.2 | R80: =SUM(L80:P80) -> 25387779 | S80: =IF(K80=0,0,R80/K80) -> 0.74910184
A81: 204 | E81: Beban pemeliharaan kendaraan | F81: 159167930 | G81: 0 | H81: 3263815 | I81: 4200616 | J81: 18482750 | K81: =SUM(F81:J81) -> 185115111 | L81: 57355951 | N81: 102886.36 | O81: 1010422.1 | P81: 23399849 | Q81: =N81+O81+P81 -> 24513157 | R81: =SUM(L81:P81) -> 81869108 | S81: =IF(K81=0,0,R81/K81) -> 0.44226053
A82: 194 | E82: Beban penggunaan Data Center | F82: 0 | G82: 0 | H82: 0 | I82: 0 | J82: 0 | K82: =SUM(F82:J82) -> 0
A83: 195 | E83: Beban jaringan dan konektivitas | F83: 0 | G83: 0 | H83: 0 | I83: 0 | J83: 0 | K83: =SUM(F83:J83) -> 0
A84: 196 | E84: Beban penyewaan peralatan IT | F84: 0 | G84: 0 | H84: 0 | I84: 0 | J84: 0 | K84: =SUM(F84:J84) -> 0
A85: 197 | E85: Beban pemeliharaan peralatan IT | F85: 0 | G85: 0 | H85: 0 | I85: 0 | J85: 0 | K85: =SUM(F85:J85) -> 0
A86: 198 | E86: Beban pemeliharaan perangkat lunak IT | F86: 0 | G86: 0 | H86: 0 | I86: 0 | J86: 0 | K86: =SUM(F86:J86) -> 0
A87: 202 | E87: Beban pemeliharaan gedung | F87: 122159756 | G87: 0 | H87: 2504945 | I87: 3223930 | J87: 14185322 | K87: =SUM(F87:J87) -> 142073953 | L87: 88405701 | N87: 198373.56 | O87: 1948178.9 | P87: 45116876 | Q87: =N87+O87+P87 -> 47263429 | R87: =SUM(L87:P87) -> 1.3566913e+08 | S87: =IF(K87=0,0,R87/K87) -> 0.95491909
A88: 203 | E88: Beban pemeliharaan rumah dinas | F88: 1981045 | G88: 0 | H88: 40622 | I88: 52282 | J88: 230041 | K88: =SUM(F88:J88) -> 2303990
A89: 205 | E89: Beban pemeliharaan mesin dan peralatan | F89: 79031537 | G89: 0 | H89: 1620580 | I89: 2085729 | J89: 9177227 | K89: =SUM(F89:J89) -> 91915073 | L89: 29871883 | N89: 63691.109 | O89: 625495.01 | P89: 14485519 | Q89: =N89+O89+P89 -> 15174705 | R89: =SUM(L89:P89) -> 45046588 | S89: =IF(K89=0,0,R89/K89) -> 0.49008924
A90: 206 | E90: Beban pemeliharaan renovasi dan instalasi | F90: 0 | G90: 0 | H90: 0 | I90: 0 | J90: 0 | K90: =SUM(F90:J90) -> 0
A91: 244 | E91: Beban aset bernilai rendah | F91: 8813446 | G91: 0 | H91: 180724 | I91: 232597 | J91: 1023427 | K91: =SUM(F91:J91) -> 10250194 | L91: 3348964.2 | N91: 7668.4153 | O91: 75309.655 | P91: 1744057.7 | Q91: =N91+O91+P91 -> 1827035.8 | R91: =SUM(L91:P91) -> 5176000 | S91: =IF(K91=0,0,R91/K91) -> 0.50496605
A92: 213 | E92: Beban pemeliharaan lainnya | F92: 0 | G92: 0 | H92: 0 | I92: 0 | J92: 0 | K92: =SUM(F92:J92) -> 0
A93: 207 | E93: Beban pemeliharaan gedung sewa | F93: 0 | G93: 0 | H93: 0 | I93: 0 | J93: 0 | K93: =SUM(F93:J93) -> 0
A94: 208 | E94: Beban pemeliharaan gudang sewa | F94: 0 | G94: 0 | H94: 0 | I94: 0 | J94: 0 | K94: =SUM(F94:J94) -> 0
A95: 209 | E95: Beban pemeliharaan rumah dinas sewa | F95: 0 | G95: 0 | H95: 0 | I95: 0 | J95: 0 | K95: =SUM(F95:J95) -> 0
A96: 211 | E96: Beban pemeliharaan peralatan sewa | F96: 5891173 | G96: 0 | H96: 120801 | I96: 155474 | J96: 684089 | K96: =SUM(F96:J96) -> 6851537
A97: 212 | E97: Beban pemeliharaan aset sewa lainnya | F97: 0 | G97: 0 | H97: 0 | I97: 0 | J97: 0 | K97: =SUM(F97:J97) -> 0
A98: 214 | E98: Sewa kantor | F98: 125008361 | G98: 0 | H98: 2563357 | I98: 3299108 | J98: 14516105 | K98: =SUM(F98:J98) -> 145386931 | L98: 57384700 | N98: 117993.13 | O98: 1158782.1 | P98: 26835641 | Q98: =N98+O98+P98 -> 28112416 | R98: =SUM(L98:P98) -> 85497116 | S98: =IF(K98=0,0,R98/K98) -> 0.58806604
A99: 215 | E99: Sewa gudang | F99: 0 | G99: 0 | H99: 0 | I99: 0 | J99: 0 | K99: =SUM(F99:J99) -> 0 | L99: 6414012.7 | N99: 11521.022 | O99: 113145.17 | P99: 2620271.1 | Q99: =N99+O99+P99 -> 2744937.3 | R99: =SUM(L99:P99) -> 9158950 | S99: 0
A100: 216 | E100: Sewa kendaraan | F100: 72196154 | G100: 0 | H100: 1480417 | I100: 1905336 | J100: 8383495 | K100: =SUM(F100:J100) -> 83965402 | L100: 23336204 | N100: 45823.109 | O100: 450017.69 | P100: 10421729 | Q100: =N100+O100+P100 -> 10917570 | R100: =SUM(L100:P100) -> 34253774 | S100: =IF(K100=0,0,R100/K100) -> 0.40795105
A101: 210 | E101: Beban pemeliharaan kendaraan sewa | F101: 0 | G101: 0 | H101: 0 | I101: 0 | J101: 0 | K101: =SUM(F101:J101) -> 0
A102: 217 | E102: Sewa peralatan | F102: 142178063 | G102: 0 | H102: 2915430 | I102: 3752235 | J102: 16509869 | K102: =SUM(F102:J102) -> 165355597 | L102: 1.6492549e+08 | N102: 291776.91 | O102: 2865470.6 | P102: 66359965 | Q102: =N102+O102+P102 -> 69517213 | R102: =SUM(L102:P102) -> 234442700 | S102: =IF(K102=0,0,R102/K102) -> 1.4178093
A103: 218 | E103: Sewa rumah dinas | F103: 21347979 | G103: 0 | H103: 437751 | I103: 563397 | J103: 2478951 | K103: =SUM(F103:J103) -> 24828078
A104: 219 | E104: Biaya service charge | F104: 0 | G104: 0 | H104: 0 | I104: 0 | J104: 0 | K104: =SUM(F104:J104) -> 0
A105: 220 | E105: Sewa lainnya | F105: 0 | G105: 0 | H105: 0 | I105: 0 | J105: 0 | K105: =SUM(F105:J105) -> 0
A106: 0 | E106: Beban CKPN | F106: 0 | G106: 0 | H106: 0 | I106: 0 | J106: 0 | K106: =SUM(F106:J106) -> 0
A107: 225 | E107: Beban pengumpulan informasi dan pengelolaan data | F107: 0 | G107: 0 | H107: 0 | I107: 0 | J107: 0 | K107: =SUM(F107:J107) -> 0
...

Sheet MALANG
D1: PT JAMKRINDO KANWIL SURABAYA
D2: LABA RUGI RKA TAHUN 2026
D5: URAIAN | F5: KANCA MALANG | L5: REALISASI KANCA MALANG | S5: %
F6: KUR | G6: PEN | H6: KBG/SURETYSHIP | I6: KONSUMTIF | J6: PRODUKTIF | K6: TOTAL | L6: KUR | M6: PEN | N6: KBG/SURETYSHIP | O6: KONSUMTIF | P6: PRODUKTIF | Q6: NON KUR | R6: TOTAL | S6: %
F7: (a) | G7: (b) | H7: (c) | I7: (d) | J7: (e) | K7: (f) | L7: (g) | M7: (h) | N7: (i) | O7: (j) | P7: (k) | Q7: (l)=i+j+k | R7: (m) | S7: (n)=m/f
C9: X1 | D9: VOLUME | F9: 4664917476573 | G9: 0 | H9: 795972655829 | I9: 458609665500 | J9: 884960450602 | K9: =SUM(F9:J9) -> 6804460248504
C11: X2 | D11: PENDAPATAN PENJAMINAN
A12: 7 | B12: 8 | E12: Imbal Jasa Penjaminan Bruto | F12: 168672834905 | G12: 0 | H12: 2594038472 | I12: 4451461041 | J12: 19420563629 | K12: =SUM(F12:J12) -> 195138898047 | L12: 8.6405665e+10 | N12: 2.2767948e+08 | O12: 7.006785e+08 | P12: 2.7476169e+10 | Q12: =N12+O12+P12 -> 2.8404527e+10 | R12: =SUM(L12:P12) -> 1.1481019e+11 | S12: =IF(K12=0,0,R12/K12) -> 0.58835113
A13: 12 | B13: 10 | E13: Restitusi penjaminan kredit | F13: 0 | G13: 0 | H13: 0 | I13: 0 | J13: 0 | K13: =SUM(F13:J13) -> 0
A14: 9 | B14: 9 | E14: Premi Penjaminan Ulang | F14: 15188327378 | G14: 0 | H14: 314963836 | I14: 664280590 | J14: 11526814963 | K14: =SUM(F14:J14) -> 27694386767 | L14: 9.3492692e+09 | N14: 20674430 | O14: 74595908 | P14: 3.4059489e+09 | Q14: =N14+O14+P14 -> 3.5012192e+09 | R14: =SUM(L14:P14) -> 1.2850488e+10 | S14: =IF(K14=0,0,R14/K14) -> 0.46401058
C15: Y2 | E15: IMBAL JASA PENJAMINAN BERSIH | F15: =F12-F13-F14 -> 153484507527 | G15: =G12-G13-G14 -> 0 | H15: =H12-H13-H14 -> 2279074636 | I15: =I12-I13-I14 -> 3787180451 | J15: =J12-J13-J14 -> 7893748666 | K15: =K12-K13-K14 -> 167444511280 | L15: =L12-L13-L14 -> 7.7056396e+10 | N15: =N12-N13-N14 -> 2.0700505e+08 | O15: =O12-O13-O14 -> 6.2608259e+08 | P15: =P12-P13-P14 -> 2.407022e+10 | Q15: =Q12-Q13-Q14 -> 2.4903307e+10 | R15: =R12-R13-R14 -> 1.019597e+11 | S15: =IF(K15=0,0,R15/K15) -> 0.60891637
C16: 22
C17: X2 | D17: BEBAN KLAIM
A18: 22 | B18: 13 | E18: Beban Klaim | F18: 115373687533 | G18: 8584555675 | H18: 75000000 | I18: 1271904226 | J18: 16228026979 | K18: =SUM(F18:J18) -> 141533174413 | L18: 6.2472544e+10 | M18: 6.790617e+08 | P18: 3.0437562e+10 | Q18: =N18+O18+P18 -> 3.0437562e+10 | R18: =SUM(L18:P18) -> 9.3589167e+10 | S18: =IF(K18=0,0,R18/K18) -> 0.66125251
A19: 24 | B19: 14 | E19: Kenaikan (Penurunan) Cadangan Klaim | F19: 3434033608 | G19: -2934113950 | H19: 51649426 | I19: 87275286 | J19: 8568198213 | K19: =SUM(F19:J19) -> 9207042583 | L19: 1.1979626e+10 | M19: -1.6420494e+09 | N19: 0 | O19: 0 | P19: 0 | Q19: -1.2086151e+10 | R19: =SUM(L19:Q19) -> -1.7485746e+09 | S19: =IF(K19=0,0,R19/K19) -> -0.18991708
A20: 32 | B20: 15 | E20: Pendapatan Subrogasi | F20: 38329244677 | G20: 6769350368 | H20: 22094493 | I20: 45084709 | J20: 16659323166 | K20: =SUM(F20:J20) -> 61825097413 | L20: 1.6502994e+10 | M20: 3.0560596e+09 | P20: 4.9699919e+09 | Q20: 4.2118817e+09 | R20: 2.3770936e+10 | S20: =IF(K20=0,0,R20/K20) -> 0.38448683
A21: 37 | B21: 16 | E21: Beban Komisi Netto | F21: 2396724198 | G21: 0 | H21: 54737539 | I21: 101532381 | J21: 1758987457 | K21: =SUM(F21:J21) -> 4311981575 | L21: 1.5270359e+09 | N21: 3107876.9 | O21: 2001225.9 | P21: 4.9840043e+08 | Q21: =N21+O21+P21 -> 5.0350954e+08 | R21: =SUM(L21:P21) -> 2.0305454e+09 | S21: =IF(K21=0,0,R21/K21) -> 0.47090773
C22: Y2 | E22: JUMLAH BEBAN KLAIM | F22: =F18+F19-F20-F21 -> 78081752266 | G22: =G18+G19-G20-G21 -> -1118908643 | H22: =H18+H19-H20-H21 -> 49817394 | I22: =I18+I19-I20-I21 -> 1212562422 | J22: =J18+J19-J20-J21 -> 6377914569 | K22: =K18+K19-K20-K21 -> 84603138008 | L22: =L18+L19-L20-L21 -> 5.6422139e+10 | M22: =M18+M19-M20-M21 -> -4.0190473e+09 | ... R22: =R18+R19-R20-R21 -> 6.6039112e+10 | S22: =IF(K22=0,0,R22/K22) -> 0.7805752
C24: X1 | D24: PENJAMINAN BERSIH | F24: =F15-F22 -> 75402755261 | G24: =G15-G22 -> 1118908643 | H24: =H15-H22 -> 2229257242 | I24: =I15-I22 -> 2574618029 | J24: =J15-J22 -> 1515834097 | K24: =K15-K22 -> 82841373272 | L24: =L15-L22 -> 2.0634256e+10 | M24: =M15-M22 -> 4.0190473e+09 | ... R24: =R15-R22 -> 3.5920592e+10 | S24: =IF(K24=0,0,R24/K24) -> 0.43360691
B26: 19 | C26: X1 | D26: PENDAPATAN INVESTASI BERSIH | F26: 0 | G26: 0 | H26: 0 | I26: 0 | J26: 0 | K26: 0
C28: X1 | D28: BEBAN USAHA
C29: X2 | E29: BEBAN KARYAWAN
A30: 94 | E30: Beban gaji karyawan | F30: 969596418 | G30: 0 | H30: 19882043 | I30: 25588713 | J30: 112590574 | K30: =SUM(F30:J30) -> 1127657748 | L30: 4.6431909e+08 | N30: 1630782.2 | O30: 5018695.7 | P30: 1.9680143e+08 | Q30: =N30+O30+P30 -> 2.034509e+08 | R30: =SUM(L30:P30) -> 667769998 | S30: =IF(K30=0,0,R30/K30) -> 0.59217435
A31: 95 | E31: Beban lembur karyawan | F31: 30358275 | G31: 0 | H31: 622511 | I31: 801188 | J31: 3525235 | K31: =SUM(F31:J31) -> 35307209 | L31: 11683487 | N31: 41094.828 | O31: 126468.41 | P31: 4959289.3 | Q31: =N31+O31+P31 -> 5126852.6 | R31: =SUM(L31:P31) -> 16810340 | S31: =IF(K31=0,0,R31/K31) -> 0.47611636
A32: 96 | E32: Beban asuransi kesehatan karyawan | F32: 156401572 | G32: 0 | H32: 3207090 | I32: 4127609 | J32: 18161518 | K32: =SUM(F32:J32) -> 181897789 | L32: 4104850 | N32: 11182.972 | O32: 34415.346 | P32: 1349551.7 | Q32: =N32+O32+P32 -> 1395150 | R32: =SUM(L32:P32) -> 5500000 | S32: =IF(K32=0,0,R32/K32) -> 0.030236761
A33: 97 | E33: Beban asuransi jiwa karyawan | F33: 7165646 | G33: 0 | H33: 146935 | I33: 189109 | J33: 832083 | K33: =SUM(F33:J33) -> 8333773
A34: 100 | E34: Beban dana pensiun | F34: 113572620 | G34: 0 | H34: 2328861 | I34: 2997306 | J34: 13188174 | K34: =SUM(F34:J34) -> 132086961
A35: 101 | E35: Beban kompensasi kinerja karyawan | F35: 1048226553 | G35: 0 | H35: 21494392 | I35: 27663848 | J35: 121721190 | K35: =SUM(F35:J35) -> 1219105983 | L35: 6.6022275e+08 | N35: 2323932.6 | O35: 7151850.6 | P35: 2.8045024e+08 | Q35: =N35+O35+P35 -> 2.8992602e+08 | R35: =SUM(L35:P35) -> 9.5014877e+08 | S35: =IF(K35=0,0,R35/K35) -> 0.7793816
A36: 102 | E36: Biaya jasa kini karyawan | F36: 0 | G36: 0 | H36: 0 | I36: 0 | J36: 0 | K36: =SUM(F36:J36) -> 0
A37: 103 | E37: Biaya jasa lalu karyawan | F37: 0 | G37: 0 | H37: 0 | I37: 0 | J37: 0 | K37: =SUM(F37:J37) -> 0
A38: 104 | E38: Bunga atas imbalan pasca kerja karyawan | F38: 171733351 | G38: 0 | H38: 3521475 | I38: 4532231 | J38: 19941861 | K38: =SUM(F38:J38) -> 199728918
A39: 105 | E39: Beban BPJS kesehatan karyawan | F39: 43586002 | G39: 0 | H39: 893752 | I39: 1150282 | J39: 5061253 | K39: =SUM(F39:J39) -> 50691289
A40: 106 | E40: Beban BPJS jaminan hari tua karyawan | F40: 61831059 | G40: 0 | H40: 1267876 | I40: 1631789 | J40: 7179889 | K40: =SUM(F40:J40) -> 71910613
A41: 107 | E41: Beban BPJS jaminan kecelakaan kerja dan jaminan kematian karyawan | F41: 8973711 | G41: 0 | H41: 184010 | I41: 236826 | J41: 1042037 | K41: =SUM(F41:J41) -> 10436584
A42: 108 | E42: Beban BPJS jaminan pensiun karyawan | F42: 20792745 | G42: 0 | H42: 426365 | I42: 548743 | J42: 2414476 | K42: =SUM(F42:J42) -> 24182329
A43: 109 | E43: Beban tunjangan hari raya karyawan | F43: 139469311 | G43: 0 | H43: 2859886 | I43: 3680748 | J43: 16195326 | K43: =SUM(F43:J43) -> 162205271 | L43: 1.9941911e+08 | N43: 731092.9 | O43: 2249922 | P43: 88227678 | Q43: =N43+O43+P43 -> 91208692 | R43: =SUM(L43:P43) -> 2.906278e+08 | S43: =IF(K43=0,0,R43/K43) -> 1.7917285
A44: 110 | E44: Beban tunjangan PPh 21 karyawan | F44: 1113365698 | G44: 0 | H44: 22830101 | I44: 29382941 | J44: 129285217 | K44: =SUM(F44:J44) -> 1294863957 | L44: 1.4698206e+08 | N44: 598838.17 | O44: 1842911 | P44: 72267288 | Q44: =N44+O44+P44 -> 74709037 | R44: =SUM(L44:P44) -> 2.2169109e+08 | S44: =IF(K44=0,0,R44/K44) -> 0.17120802
A45: 111 | E45: Beban tunjangan transportasi karyawan | F45: 29986962 | G45: 0 | H45: 614897 | I45: 791389 | J45: 3482118 | K45: =SUM(F45:J45) -> 34875366 | L45: 27794500 | N45: 97834.473 | O45: 301083.4 | P45: 11806582 | Q45: =N45+O45+P45 -> 12205500 | R45: =SUM(L45:P45) -> 40000000 | S45: =IF(K45=0,0,R45/K45) -> 1.1469414
A46: 112 | E46: Beban tunjangan jabatan | F46: 707805475 | G46: 0 | H46: 14513893 | I46: 18679762 | J46: 82191129 | K46: =SUM(F46:J46) -> 823190259 | L46: 3.0486689e+08 | N46: 1072887 | O46: 3301785.8 | P46: 1.2947511e+08 | Q46: =N46+O46+P46 -> 1.3384978e+08 | R46: =SUM(L46:P46) -> 4.3871667e+08 | S46: =IF(K46=0,0,R46/K46) -> 0.53294686
A47: 113 | E47: Beban tunjangan cuti besar | F47: 14274196 | G47: 0 | H47: 292699 | I47: 376712 | J47: 1657535 | K47: =SUM(F47:J47) -> 16601142
A48: 114 | E48: Beban tunjangan cuti tahunan | F48: 136952980 | G48: 0 | H48: 2808287 | I48: 3614339 | J48: 15903127 | K48: =SUM(F48:J48) -> 159278733
A49: 115 | E49: Beban tunjangan makan | F49: 180733558 | G49: 0 | H49: 3706029 | I49: 4769757 | J49: 20986974 | K49: =SUM(F49:J49) -> 210196318 | L49: 1.0005379e+08 | N49: 343261.94 | O49: 1056380.9 | P49: 41424563 | Q49: =N49+O49+P49 -> 42824206 | R49: =SUM(L49:P49) -> 142878000 | S49: =IF(K49=0,0,R49/K49) -> 0.67973598
A50: 124 | E50: Beban Tunjangan Pakaian Kerja | F50: 32127921 | G50: 0 | H50: 658799 | I50: 847891 | J50: 3730729 | K50: =SUM(F50:J50) -> 37365340
A51: 143 | E51: Beban kompensasi PKWT/PKWTT | F51: 0 | G51: 0 | H51: 0 | I51: 0 | J51: 0 | K51: =SUM(F51:J51) -> 0
A52: 0 | E52: Beban tunjangan lainnya | F52: 79301088 | G52: 0 | H52: 1626107 | I52: 2092843 | J52: 9208527 | K52: =SUM(F52:J52) -> 92228565 | L52: 58182183 | N52: 208414.96 | O52: 641392.37 | P52: 25151343 | Q52: =N52+O52+P52 -> 26001150 | R52: =SUM(L52:P52) -> 84183333 | S52: =IF(K52=0,0,R52/K52) -> 0.91276854
B53: 21 | C53: Y2 | E53: Total Beban Karyawan | F53: =SUM(F30:F52) -> 5066255141 | G53: =SUM(G30:G52) -> 0 | H53: =SUM(H30:H52) -> 103886008 | I53: =SUM(I30:I52) -> 133704026 | J53: =SUM(J30:J52) -> 588298972 | K53: =SUM(K30:K52) -> 5892144147 | L53: =SUM(L30:L52) -> 1.9776287e+09 | N53: =SUM(N30:N52) -> 7059322.1 | O53: =SUM(O30:O52) -> 21724906 | P53: =SUM(P30:P52) -> 8.5191307e+08 | Q53: =SUM(Q30:Q52) -> 8.8069729e+08 | R53: =SUM(R30:R52) -> 2.858326e+09 | S53: =IF(K53=0,0,R53/K53) -> 0.48510796
C54: 22
C55: X2 | E55: BEBAN ADMINISTRASI & UMUM
A56: 169 | E56: Imbal jasa profesional - akuntan publik | F56: 0 | G56: 0 | H56: 0 | I56: 0 | J56: 0 | K56: =SUM(F56:J56) -> 0
A57: 171 | E57: Imbal jasa profesional - konsultan hukum | F57: 0 | G57: 0 | H57: 0 | I57: 0 | J57: 0 | K57: =SUM(F57:J57) -> 0
A58: 175 | E58: Imbal jasa profesional - konsultan manajemen (SDM, SOP, Akuntansi dll) | F58: 0 | G58: 0 | H58: 0 | I58: 0 | J58: 0 | K58: =SUM(F58:J58) -> 0
A59: 176 | E59: Beban imbal jasa profesional IT | F59: 0 | G59: 0 | H59: 0 | I59: 0 | J59: 0 | K59: =SUM(F59:J59) -> 0
A60: 177 | E60: Imbal jasa profesional - lainnya | F60: 0 | G60: 0 | H60: 0 | I60: 0 | J60: 0 | K60: =SUM(F60:J60) -> 0
A61: 179 | E61: Air, listrik dan utilitas - gedung | F61: 145489959 | G61: 0 | H61: 2983342 | I61: 3839640 | J61: 16894450 | K61: =SUM(F61:J61) -> 169207391 | L61: 63427433 | N61: 237818.51 | O61: 731881.13 | P61: 28699738 | Q61: =N61+O61+P61 -> 29669438 | R61: =SUM(L61:P61) -> 93096871 | S61: =IF(K61=0,0,R61/K61) -> 0.55019388
A62: 180 | E62: Air, listrik dan utilitas - rumah dinas | F62: 17069430 | G62: 0 | H62: 350017 | I62: 450481 | J62: 1982120 | K62: =SUM(F62:J62) -> 19852048 | L62: 5919841.4 | N62: 21502.443 | O62: 66173.288 | P62: 2594896.8 | Q62: =N62+O62+P62 -> 2682572.6 | R62: =SUM(L62:P62) -> 8602414 | S62: =IF(K62=0,0,R62/K62) -> 0.43332627
A63: 181 | E63: Pemasaran | F63: 647042055 | G63: 0 | H63: 13267910 | I63: 17076149 | J63: 75135216 | K63: =SUM(F63:J63) -> 752521330 | L63: 3.4916248e+08 | N63: 1228473.5 | O63: 3780599.8 | P63: 1.4825116e+08 | Q63: =N63+O63+P63 -> 1.5326023e+08 | R63: =SUM(L63:P63) -> 5.0242271e+08 | S63: =IF(K63=0,0,R63/K63) -> 0.66765246
A64: 134 | E64: Beban pelatihan manajemen | F64: 0 | G64: 0 | H64: 0 | I64: 0 | J64: 0 | K64: =SUM(F64:J64) -> 0
A65: 132 | E65: Beban pelatihan karyawan - insidentil | F65: 0 | G65: 0 | H65: 0 | I65: 0 | J65: 0 | K65: =SUM(F65:J65) -> 0
A66: 133 | E66: Beban pelatihan karyawan - leadership | F66: 0 | G66: 0 | H66: 0 | I66: 0 | J66: 0 | K66: =SUM(F66:J66) -> 0
A67: 182 | E67: Beban pelatihan karyawan - TNA | F67: 0 | G67: 0 | H67: 0 | I67: 0 | J67: 0 | K67: =SUM(F67:J67) -> 0
A68: 137 | E68: Beban sertifikasi | F68: 0 | G68: 0 | H68: 0 | I68: 0 | J68: 0 | K68: =SUM(F68:J68) -> 0
A69: 129 | E69: Beban perekrutan karyawan | F69: 0 | G69: 0 | H69: 0 | I69: 0 | J69: 0 | K69: =SUM(F69:J69) -> 0
A70: 5 | E70: Beban uang saku magang | F70: 0 | G70: 0 | H70: 0 | I70: 0 | J70: 0 | K70: =SUM(F70:J70) -> 0
A71: 183 | E71: Akomodasi dinas dalam negeri | F71: 88305142 | G71: 0 | H71: 1810740 | I71: 2330470 | J71: 10254088 | K71: =SUM(F71:J71) -> 102700440 | L71: 24986709 | N71: 83153.625 | O71: 255903.42 | P71: 10034910 | Q71: =N71+O71+P71 -> 10373967 | R71: =SUM(L71:P71) -> 35360675 | S71: =IF(K71=0,0,R71/K71) -> 0.3443089
A72: 184 | E72: Tranportasi dinas dalam negeri | F72: 8323041 | G72: 0 | H72: 170668 | I72: 219654 | J72: 966480 | K72: =SUM(F72:J72) -> 9679843 | L72: 8855705.7 | N72: 28965.82 | O72: 89141.662 | P72: 3495570.8 | Q72: =N72+O72+P72 -> 3613678.3 | R72: =SUM(L72:P72) -> 12469384 | S72: =IF(K72=0,0,R72/K72) -> 1.2881804
A73: 185 | E73: Tunjangan perjalanan dinas dalam negeri | F73: 46865884 | G73: 0 | H73: 961008 | I73: 1236842 | J73: 5442117 | K73: =SUM(F73:J73) -> 54505851 | L73: 40202020 | N73: 133844.42 | O73: 411903.21 | P73: 16152232 | Q73: =N73+O73+P73 -> 16697980 | R73: =SUM(L73:P73) -> 56900000 | S73: =IF(K73=0,0,R73/K73) -> 1.0439246
A74: 186 | E74: Akomodasi dinas luar negeri | F74: 0 | G74: 0 | H74: 0 | I74: 0 | J74: 0 | K74: =SUM(F74:J74) -> 0
A75: 187 | E75: Tranportasi dinas luar negeri | F75: 0 | G75: 0 | H75: 0 | I75: 0 | J75: 0 | K75: =SUM(F75:J75) -> 0
A76: 188 | E76: Tunjangan perjalanan dinas luar negeri | F76: 0 | G76: 0 | H76: 0 | I76: 0 | J76: 0 | K76: =SUM(F76:J76) -> 0
A77: 189 | E77: Percetakan dan inventaris kantor | F77: 44093868 | G77: 0 | H77: 904166 | I77: 1163686 | J77: 5120227 | K77: =SUM(F77:J77) -> 51281947 | L77: 20208444 | N77: 72881.642 | O77: 224291.62 | P77: 8795295.4 | Q77: =N77+O77+P77 -> 9092468.6 | R77: =SUM(L77:P77) -> 29300913 | S77: =IF(K77=0,0,R77/K77) -> 0.57136897
A78: 190 | E78: Telepon, fax dan komunikasi - gedung | F78: 47472760 | G78: 0 | H78: 973452 | I78: 1252858 | J78: 5512588 | K78: =SUM(F78:J78) -> 55211658 | L78: 15892719 | N78: 56214.684 | O78: 172999.43 | P78: 6783940.9 | Q78: =N78+O78+P78 -> 7013155 | R78: =SUM(L78:P78) -> 22905874 | S78: =IF(K78=0,0,R78/K78) -> 0.41487387
A79: 192 | E79: Telepon, fax dan komunikasi - rumah dinas | F79: 8594985 | G79: 0 | H79: 176244 | I79: 226831 | J79: 998059 | K79: =SUM(F79:J79) -> 9996119 | L79: 2266571.8 | N79: 7676.0103 | O79: 23622.75 | P79: 926334.49 | Q79: =N79+O79+P79 -> 957633.25 | R79: =SUM(L79:P79) -> 3224205 | S79: =IF(K79=0,0,R79/K79) -> 0.32254568
A80: 193 | E80: Bensin dan parkir | F80: 25765958 | G80: 0 | H80: 528343 | I80: 679992 | J80: 2991971 | K80: =SUM(F80:J80) -> 29966264 | L80: 25241022 | N80: 90327.989 | O80: 277982.36 | P80: 10900706 | Q80: =N80+O80+P80 -> 11269016 | R80: =SUM(L80:P80) -> 36510038 | S80: =IF(K80=0,0,R80/K80) -> 1.2183714
A81: 204 | E81: Beban pemeliharaan kendaraan | F81: 140735718 | G81: 0 | H81: 2885854 | I81: 3714170 | J81: 16342382 | K81: =SUM(F81:J81) -> 163678124 | L81: 37904004 | N81: 125588.47 | O81: 386495.7 | P81: 15155911 | Q81: =N81+O81+P81 -> 15667995 | R81: =SUM(L81:P81) -> 53571999 | S81: =IF(K81=0,0,R81/K81) -> 0.32730091
A82: 194 | E82: Beban penggunaan Data Center | F82: 0 | G82: 0 | H82: 0 | I82: 0 | J82: 0 | K82: =SUM(F82:J82) -> 0
A83: 195 | E83: Beban jaringan dan konektivitas | F83: 0 | G83: 0 | H83: 0 | I83: 0 | J83: 0 | K83: =SUM(F83:J83) -> 0
A84: 196 | E84: Beban penyewaan peralatan IT | F84: 0 | G84: 0 | H84: 0 | I84: 0 | J84: 0 | K84: =SUM(F84:J84) -> 0
A85: 197 | E85: Beban pemeliharaan peralatan IT | F85: 0 | G85: 0 | H85: 0 | I85: 0 | J85: 0 | K85: =SUM(F85:J85) -> 0
A86: 198 | E86: Beban pemeliharaan perangkat lunak IT | F86: 0 | G86: 0 | H86: 0 | I86: 0 | J86: 0 | K86: =SUM(F86:J86) -> 0
A87: 202 | E87: Beban pemeliharaan gedung | F87: 71636919 | G87: 0 | H87: 1468950 | I87: 1890577 | J87: 8318556 | K87: =SUM(F87:J87) -> 83315002 | L87: 61194034 | N87: 208268.72 | O87: 640942.33 | P87: 25133695 | Q87: =N87+O87+P87 -> 25982906 | R87: =SUM(L87:P87) -> 87176940 | S87: 1.0463535
A88: 203 | E88: Beban pemeliharaan rumah dinas | F88: 4048690 | G88: 0 | H88: 83020 | I88: 106849 | J88: 470138 | K88: =SUM(F88:J88) -> 4708697 | L88: 2777286.6 | N88: 8092.1497 | O88: 24903.41 | P88: 976553.84 | Q88: =N88+O88+P88 -> 1009549.4 | R88: =SUM(L88:P88) -> 3786836 | S88: =IF(K88=0,0,R88/K88) -> 0.80422163
A89: 205 | E89: Beban pemeliharaan mesin dan peralatan | F89: 43463197 | G89: 0 | H89: 891234 | I89: 1147041 | J89: 5046993 | K89: =SUM(F89:J89) -> 50548465 | L89: 31710347 | N89: 111979.47 | O89: 344614.31 | P89: 13513589 | Q89: =N89+O89+P89 -> 13970182 | R89: =SUM(L89:P89) -> 45680529 | S89: =IF(K89=0,0,R89/K89) -> 0.90369765
A90: 206 | E90: Beban pemeliharaan renovasi dan instalasi | F90: 0 | G90: 0 | H90: 0 | I90: 0 | J90: 0 | K90: =SUM(F90:J90) -> 0 | L90: 12169453 | N90: 37772.93 | O90: 116245.35 | P90: 4558405.5 | Q90: =N90+O90+P90 -> 4712423.8 | R90: =SUM(L90:P90) -> 16881877 | S90: =IF(K90=0,0,R90/K90) -> 0
A91: 244 | E91: Beban aset bernilai rendah | F91: 6463194 | G91: 0 | H91: 132531 | I91: 170571 | J91: 750513 | K91: =SUM(F91:J91) -> 7516809 | L91: 5423522.9 | N91: 10165.208 | O91: 31283.199 | P91: 1226728.7 | Q91: =N91+O91+P91 -> 1268177.1 | R91: =SUM(L91:P91) -> 6691700 | S91: =IF(K91=0,0,R91/K91) -> 0.89023148
A92: 213 | E92: Beban pemeliharaan lainnya | F92: 0 | G92: 0 | H92: 0 | I92: 0 | J92: 0 | K92: =SUM(F92:J92) -> 0
A93: 207 | E93: Beban pemeliharaan gedung sewa | F93: 0 | G93: 0 | H93: 0 | I93: 0 | J93: 0 | K93: =SUM(F93:J93) -> 0
A94: 208 | E94: Beban pemeliharaan gudang sewa | F94: 0 | G94: 0 | H94: 0 | I94: 0 | J94: 0 | K94: =SUM(F94:J94) -> 0
A95: 209 | E95: Beban pemeliharaan rumah dinas sewa | F95: 0 | G95: 0 | H95: 0 | I95: 0 | J95: 0 | K95: =SUM(F95:J95) -> 0
A96: 211 | E96: Beban pemeliharaan peralatan sewa | F96: 0 | G96: 0 | H96: 0 | I96: 0 | J96: 0 | K96: =SUM(F96:J96) -> 0
A97: 212 | E97: Beban pemeliharaan aset sewa lainnya | F97: 0 | G97: 0 | H97: 0 | I97: 0 | J97: 0 | K97: =SUM(F97:J97) -> 0
A98: 214 | E98: Sewa kantor | F98: 125008360 | G98: 0 | H98: 2563357 | I98: 3299108 | J98: 14516105 | K98: =SUM(F98:J98) -> 145386930 | L98: 77187145 | N98: 308787.07 | O98: 950285.31 | P98: 37264165 | Q98: =N98+O98+P98 -> 38523238 | R98: =SUM(L98:P98) -> 1.1571038e+08 | S98: =IF(K98=0,0,R98/K98) -> 0.79587885
A99: 215 | E99: Sewa gudang | F99: 0 | G99: 0 | H99: 0 | I99: 0 | J99: 0 | K99: =SUM(F99:J99) -> 0
A100: 216 | E100: Sewa kendaraan | F100: 60618036 | G100: 0 | H100: 1243002 | I100: 1599776 | J100: 7039031 | K100: =SUM(F100:J100) -> 70499845 | L100: 27281751 | N100: 96444.717 | O100: 296806.46 | P100: 11638868 | Q100: =N100+O100+P100 -> 12032119 | R100: =SUM(L100:P100) -> 39313870 | S100: =IF(K100=0,0,R100/K100) -> 0.55764477
A101: 210 | E101: Beban pemeliharaan kendaraan sewa | F101: 0 | G101: 0 | H101: 0 | I101: 0 | J101: 0 | K101: =SUM(F101:J101) -> 0
A102: 217 | E102: Sewa peralatan | F102: 118481720 | G102: 0 | H102: 2429525 | I102: 3126862 | J102: 13758224 | K102: =SUM(F102:J102) -> 137796331 | L102: 92315552 | N102: 314924.18 | O102: 969172.11 | P102: 38004786 | Q102: =N102+O102+P102 -> 39288882 | R102: =SUM(L102:P102) -> 131604434 | S102: =IF(K102=0,0,R102/K102) -> 0.95506486
A103: 218 | E103: Sewa rumah dinas | F103: 21347985 | G103: 0 | H103: 437751 | I103: 563397 | J103: 2478951 | K103: =SUM(F103:J103) -> 24828084
A104: 219 | E104: Biaya service charge | F104: 0 | G104: 0 | H104: 0 | I104: 0 | J104: 0 | K104: =SUM(F104:J104) -> 0
A105: 220 | E105: Sewa lainnya | F105: 0 | G105: 0 | H105: 0 | I105: 0 | J105: 0 | K105: =SUM(F105:J105) -> 0
A106: 0 | E106: Beban CKPN | F106: 0 | G106: 0 | H106: 0 | I106: 0 | J106: 0 | K106: =SUM(F106:J106) -> 0
A107: 225 | E107: Beban pengumpulan informasi dan pengelolaan data | F107: 0 | G107: 0 | H107: 0 | I107: 0 | J107: 0 | K107: =SUM(F107:J107) -> 0
...

Sheet MADIUN
D1: PT JAMKRINDO KANWIL SURABAYA
D2: LABA RUGI RKA TAHUN 2026
D5: URAIAN | F5: KANCA MADIUN | L5: REALISASI KANCA MADIUN | S5: %
F6: KUR | G6: PEN | H6: KBG/SURETYSHIP | I6: KONSUMTIF | J6: PRODUKTIF | K6: TOTAL | L6: KUR | M6: PEN | N6: KBG/SURETYSHIP | O6: KONSUMTIF | P6: PRODUKTIF | Q6: NON KUR | R6: TOTAL | S6: %
F7: (a) | G7: (b) | H7: (c) | I7: (d) | J7: (e) | K7: (f) | L7: (g) | M7: (h) | N7: (i) | O7: (j) | P7: (k) | Q7: (l)=i+j+k | R7: (m) | S7: (n)=m/f
C9: X1 | D9: VOLUME | F9: 4373360134287 | G9: 0 | H9: 596979491872 | I9: 429946561406 | J9: 797362922440 | K9: =SUM(F9:J9) -> 6197649110005
C11: X2 | D11: PENDAPATAN PENJAMINAN
A12: 7 | B12: 8 | E12: Imbal Jasa Penjaminan Bruto | F12: 158130782723 | G12: 0 | H12: 1945528854 | I12: 4173244726 | J12: 18113455973 | K12: =SUM(F12:J12) -> 182363012276 | L12: 9.1722602e+10 | M12: 400000 | N12: 2.6199678e+08 | O12: 4.9517541e+08 | P12: 3.5692503e+10 | Q12: =N12+O12+P12 -> 3.6449675e+10 | R12: =SUM(L12:P12) -> 1.2817268e+11 | S12: =IF(K12=0,0,R12/K12) -> 0.7028436
A13: 12 | B13: 10 | E13: Restitusi penjaminan kredit | F13: 0 | G13: 0 | H13: 0 | I13: 0 | J13: 0 | K13: =SUM(F13:J13) -> 0
A14: 9 | B14: 9 | E14: Premi Penjaminan Ulang | F14: 14239056917 | G14: 0 | H14: 236222877 | I14: 622763053 | J14: 10794828562 | K14: =SUM(F14:J14) -> 25892871409 | L14: 9.8884319e+09 | N14: 25513308 | O14: 83337808 | P14: 4.521923e+09 | Q14: =N14+O14+P14 -> 4.6307741e+09 | R14: =SUM(L14:P14) -> 1.4519206e+10 | S14: =IF(K14=0,0,R14/K14) -> 0.56074144
C15: Y2 | E15: IMBAL JASA PENJAMINAN BERSIH | F15: =F12-F13-F14 -> 143891725806 | G15: =G12-G13-G14 -> 0 | H15: =H12-H13-H14 -> 1709305977 | I15: =I12-I13-I14 -> 3550481673 | J15: =J12-J13-J14 -> 7318627411 | K15: =K12-K13-K14 -> 156470140867 | L15: =L12-L13-L14 -> 8.183417e+10 | M15: =M12-M13-M14 -> 400000 | ... R15: =R12-R13-R14 -> 1.1365347e+11 | S15: =IF(K15=0,0,R15/K15) -> 0.72635884
C16: 22
C17: X2 | D17: BEBAN KLAIM
A18: 22 | B18: 13 | E18: Beban Klaim | F18: 114016714018 | G18: 862699986 | H18: 65000000 | I18: 681243458 | J18: 6355201369 | K18: =SUM(F18:J18) -> 121980858831 | L18: 2.4497858e+10 | M18: 1050000000 | P18: 2.5627569e+10 | Q18: =N18+O18+P18 -> 2.5627569e+10 | R18: =SUM(L18:P18) -> 5.1175427e+10 | S18: =IF(K18=0,0,R18/K18) -> 0.41953654
A19: 24 | B19: 14 | E19: Kenaikan (Penurunan) Cadangan Klaim | F19: 1226655107 | G19: -1050000000 | H19: 17700890 | I19: 0 | J19: 7006457653 | K19: =SUM(F19:J19) -> 7200813650 | L19: 37858644394 | M19: -1050000000 | N19: 0 | O19: 0 | P19: 0 | Q19: 11324597939 | R19: =SUM(L19:Q19) -> 48133242333 | S19: =IF(K19=0,0,R19/K19) -> 6.6844172
A20: 32 | B20: 15 | E20: Pendapatan Subrogasi | F20: 14796402193 | G20: 1780216045 | H20: 10434947 | I20: 21292932 | J20: 6451123904 | K20: =SUM(F20:J20) -> 23059470021 | L20: 9.4424025e+09 | M20: 42441861 | O20: 52995287 | P20: 3.499947e+09 | Q20: 3.1137272e+09 | R20: 1.2598572e+10 | S20: =IF(K20=0,0,R20/K20) -> 0.54635131
A21: 37 | B21: 16 | E21: Beban Komisi Netto | F21: 2246928935 | G21: 0 | H21: 41053154 | I21: 95186607 | J21: 1647108492 | K21: =SUM(F21:J21) -> 4030277188 | L21: 1.6269396e+09 | N21: 3896173.4 | O21: -8205515.9 | P21: 6.7255415e+08 | Q21: =N21+O21+P21 -> 6.6824481e+08 | R21: =SUM(L21:P21) -> 2.2951844e+09 | S21: =IF(K21=0,0,R21/K21) -> 0.56948549
C22: Y2 | E22: JUMLAH BEBAN KLAIM | F22: =F18+F19-F20-F21 -> 98200037997 | G22: =G18+G19-G20-G21 -> -1967516059 | H22: =H18+H19-H20-H21 -> 31212789 | I22: =I18+I19-I20-I21 -> 564763919 | J22: =J18+J19-J20-J21 -> 5263426626 | K22: =K18+K19-K20-K21 -> 102091925272 | L22: =L18+L19-L20-L21 -> 5.128716e+10 | M22: =M18+M19-M20-M21 -> -42441861 | ... R22: =R18+R19-R20-R21 -> 8.4414913e+10 | S22: =IF(K22=0,0,R22/K22) -> 0.82685201
C24: X1 | D24: PENJAMINAN BERSIH | F24: =F15-F22 -> 45691687809 | G24: =G15-G22 -> 1967516059 | H24: =H15-H22 -> 1678093188 | I24: =I15-I22 -> 2985717754 | J24: =J15-J22 -> 2055200785 | K24: =K15-K22 -> 54378215595 | L24: =L15-L22 -> 3.054701e+10 | M24: =M15-M22 -> 42841861 | ... R24: =R15-R22 -> 2.9238557e+10 | S24: =IF(K24=0,0,R24/K24) -> 0.5376888
B26: 19 | C26: X1 | D26: PENDAPATAN INVESTASI BERSIH | F26: 0 | G26: 0 | H26: 0 | I26: 0 | J26: 0 | K26: 0
C28: X1 | D28: BEBAN USAHA
C29: X2 | E29: BEBAN KARYAWAN
A30: 94 | E30: Beban gaji karyawan | F30: 1050396120 | G30: 0 | H30: 21538880 | I30: 27721105 | J30: 121973122 | K30: =SUM(F30:J30) -> 1221629227 | L30: 4.5728931e+08 | N30: 1438833.2 | O30: 2719403 | P30: 1.9601599e+08 | Q30: =N30+O30+P30 -> 2.0017423e+08 | R30: =SUM(L30:P30) -> 657463540 | S30: =IF(K30=0,0,R30/K30) -> 0.53818583
A31: 95 | E31: Beban lembur karyawan | F31: 20238850 | G31: 0 | H31: 415007 | I31: 534125 | J31: 2350157 | K31: =SUM(F31:J31) -> 23538139 | L31: 13343676 | N31: 37993.617 | O31: 71808.153 | P31: 5175969.2 | Q31: =N31+O31+P31 -> 5285771 | R31: =SUM(L31:P31) -> 18629447 | S31: =IF(K31=0,0,R31/K31) -> 0.79145794
A32: 96 | E32: Beban asuransi kesehatan karyawan | F32: 132339791 | G32: 0 | H32: 2713691 | I32: 3492592 | J32: 15367438 | K32: =SUM(F32:J32) -> 153913512 | L32: 6261080 | N32: 18249.515 | O32: 34491.686 | P32: 2486178.8 | Q32: =N32+O32+P32 -> 2538920 | R32: =SUM(L32:P32) -> 8800000 | S32: =IF(K32=0,0,R32/K32) -> 0.057174967
A33: 97 | E33: Beban asuransi jiwa karyawan | F33: 6063239 | G33: 0 | H33: 124330 | I33: 160016 | J33: 704070 | K33: =SUM(F33:J33) -> 7051655
A34: 100 | E34: Beban dana pensiun | F34: 96099909 | G34: 0 | H34: 1970575 | I34: 2536182 | J34: 11159224 | K34: =SUM(F34:J34) -> 111765890
A35: 101 | E35: Beban kompensasi kinerja karyawan | F35: 1386873266 | G35: 0 | H35: 28438506 | I35: 36601106 | J35: 161045208 | K35: =SUM(F35:J35) -> 1612958086 | L35: 5.1392862e+08 | N35: 1622190.4 | O35: 3065949 | P35: 2.2099521e+08 | Q35: =N35+O35+P35 -> 2.2568335e+08 | R35: =SUM(L35:P35) -> 7.3961197e+08 | S35: =IF(K35=0,0,R35/K35) -> 0.45854382
A36: 102 | E36: Biaya jasa kini karyawan | F36: 0 | G36: 0 | H36: 0 | I36: 0 | J36: 0 | K36: =SUM(F36:J36) -> 0
A37: 103 | E37: Biaya jasa lalu karyawan | F37: 0 | G37: 0 | H37: 0 | I37: 0 | J37: 0 | K37: =SUM(F37:J37) -> 0
A38: 104 | E38: Bunga atas imbalan pasca kerja karyawan | F38: 145312835 | G38: 0 | H38: 2979710 | I38: 3834965 | J38: 16873882 | K38: =SUM(F38:J38) -> 169001392
A39: 105 | E39: Beban BPJS kesehatan karyawan | F39: 36880463 | G39: 0 | H39: 756252 | I39: 973316 | J39: 4282599 | K39: =SUM(F39:J39) -> 42892630
A40: 106 | E40: Beban BPJS jaminan hari tua karyawan | F40: 52318588 | G40: 0 | H40: 1072818 | I40: 1380745 | J40: 6075290 | K40: =SUM(F40:J40) -> 60847441
A41: 107 | E41: Beban BPJS jaminan kecelakaan kerja dan jaminan kematian karyawan | F41: 7593140 | G41: 0 | H41: 155701 | I41: 200391 | J41: 881724 | K41: =SUM(F41:J41) -> 8830956
A42: 108 | E42: Beban BPJS jaminan pensiun karyawan | F42: 17593861 | G42: 0 | H42: 360771 | I42: 464321 | J42: 2043018 | K42: =SUM(F42:J42) -> 20461971
A43: 109 | E43: Beban tunjangan hari raya karyawan | F43: 292490206 | G43: 0 | H43: 5997653 | I43: 7719137 | J43: 33964276 | K43: =SUM(F43:J43) -> 340171272 | L43: 1.5523123e+08 | N43: 510329.71 | O43: 964526.04 | P43: 69523542 | Q43: =N43+O43+P43 -> 70998398 | R43: =SUM(L43:P43) -> 2.2622963e+08 | S43: =IF(K43=0,0,R43/K43) -> 0.66504624
A44: 110 | E44: Beban tunjangan PPh 21 karyawan | F44: 1385260694 | G44: 0 | H44: 28405440 | I44: 36558548 | J44: 160857955 | K44: =SUM(F44:J44) -> 1611082637 | L44: 1.3047696e+08 | N44: 455582.63 | O44: 861053.75 | P44: 62065205 | Q44: =N44+O44+P44 -> 63381842 | R44: =SUM(L44:P44) -> 1.9385881e+08 | S44: =IF(K44=0,0,R44/K44) -> 0.12032828
A45: 111 | E45: Beban tunjangan transportasi karyawan | F45: 29986962 | G45: 0 | H45: 614897 | I45: 791389 | J45: 3482118 | K45: =SUM(F45:J45) -> 34875366 | L45: 26393900 | N45: 83423.539 | O45: 157670.96 | P45: 11365005 | Q45: =N45+O45+P45 -> 11606100 | R45: =SUM(L45:P45) -> 38000000 | S45: =IF(K45=0,0,R45/K45) -> 1.0895943
A46: 112 | E46: Beban tunjangan jabatan | F46: 613431411 | G46: 0 | H46: 12578707 | I46: 16189127 | J46: 71232312 | K46: =SUM(F46:J46) -> 713431557 | L46: 269971130 | N46: 851255.42 | O46: 1608877.6 | P46: 1.1596874e+08 | Q46: =N46+O46+P46 -> 118428870 | R46: =SUM(L46:P46) -> 388400000 | S46: =IF(K46=0,0,R46/K46) -> 0.54441102
A47: 113 | E47: Beban tunjangan cuti besar | F47: 12078166 | G47: 0 | H47: 247669 | I47: 318756 | J47: 1402530 | K47: =SUM(F47:J47) -> 14047121
A48: 114 | E48: Beban tunjangan cuti tahunan | F48: 115883291 | G48: 0 | H48: 2376243 | I48: 3058287 | J48: 13456492 | K48: =SUM(F48:J48) -> 134774313
A49: 115 | E49: Beban tunjangan makan | F49: 167824019 | G49: 0 | H49: 3441313 | I49: 4429060 | J49: 19487905 | K49: =SUM(F49:J49) -> 195182297 | L49: 73784923 | N49: 227792.44 | O49: 430529 | P49: 31032756 | Q49: =N49+O49+P49 -> 31691077 | R49: =SUM(L49:P49) -> 105476000 | S49: =IF(K49=0,0,R49/K49) -> 0.54039737
A50: 124 | E50: Beban Tunjangan Pakaian Kerja | F50: 34805248 | G50: 0 | H50: 713698 | I50: 918549 | J50: 4041623 | K50: =SUM(F50:J50) -> 40479118
A51: 143 | E51: Beban kompensasi PKWT/PKWTT | F51: 0 | G51: 0 | H51: 0 | I51: 0 | J51: 0 | K51: =SUM(F51:J51) -> 0 | L51: -867581.56 | N51: 6236.0935 | O51: 11786.252 | P51: 849559.21 | Q51: =N51+O51+P51 -> 867581.56 | R51: =SUM(L51:P51) -> 0 | S51: 0
A52: 0 | E52: Beban tunjangan lainnya | F52: 67100921 | G52: 0 | H52: 1375937 | I52: 1770867 | J52: 7791831 | K52: =SUM(F52:J52) -> 78039556 | L52: 47158270 | N52: 149448.97 | O52: 282459.4 | P52: 20359822 | Q52: =N52+O52+P52 -> 20791730 | R52: =SUM(L52:P52) -> 67950000 | S52: =IF(K52=0,0,R52/K52) -> 0.87071228
B53: 21 | C53: Y2 | E53: Total Beban Karyawan | F53: =SUM(F30:F52) -> 5670570980 | G53: =SUM(G30:G52) -> 0 | H53: =SUM(H30:H52) -> 116277798 | I53: =SUM(I30:I52) -> 149652584 | J53: =SUM(J30:J52) -> 658472774 | K53: =SUM(K30:K52) -> 6594974136 | L53: =SUM(L30:L52) -> 1.6929715e+09 | N53: =SUM(N30:N52) -> 5401335.5 | O53: =SUM(O30:O52) -> 10208555 | P53: =SUM(P30:P52) -> 7.3583797e+08 | Q53: =SUM(Q30:Q52) -> 7.5144786e+08 | R53: =SUM(R30:R52) -> 2.4444194e+09 | S53: =IF(K53=0,0,R53/K53) -> 0.37064882
C54: 22
C55: X2 | E55: BEBAN ADMINISTRASI & UMUM
A56: 169 | E56: Imbal jasa profesional - akuntan publik | F56: 0 | G56: 0 | H56: 0 | I56: 0 | J56: 0 | K56: =SUM(F56:J56) -> 0
A57: 171 | E57: Imbal jasa profesional - konsultan hukum | F57: 0 | G57: 0 | H57: 0 | I57: 0 | J57: 0 | K57: =SUM(F57:J57) -> 0
A58: 175 | E58: Imbal jasa profesional - konsultan manajemen (SDM, SOP, Akuntansi dll) | F58: 0 | G58: 0 | H58: 0 | I58: 0 | J58: 0 | K58: =SUM(F58:J58) -> 0
A59: 176 | E59: Beban imbal jasa profesional IT | F59: 0 | G59: 0 | H59: 0 | I59: 0 | J59: 0 | K59: =SUM(F59:J59) -> 0
A60: 177 | E60: Imbal jasa profesional - lainnya | F60: 0 | G60: 0 | H60: 0 | I60: 0 | J60: 0 | K60: =SUM(F60:J60) -> 0
A61: 179 | E61: Air, listrik dan utilitas - gedung | F61: 90227999 | G61: 0 | H61: 1850169 | I61: 2381216 | J61: 10477372 | K61: =SUM(F61:J61) -> 104936756 | L61: 38766554 | N61: 121941.24 | O61: 230469.64 | P61: 16612372 | Q61: =N61+O61+P61 -> 16964783 | R61: =SUM(L61:P61) -> 55731337 | S61: =IF(K61=0,0,R61/K61) -> 0.53109453
A62: 180 | E62: Air, listrik dan utilitas - rumah dinas | F62: 12940196 | G62: 0 | H62: 265345 | I62: 341506 | J62: 1502629 | K62: =SUM(F62:J62) -> 15049676 | L62: 3499719.2 | N62: 10936.259 | O62: 20669.592 | P62: 1489875 | Q62: =N62+O62+P62 -> 1521480.9 | R62: =SUM(L62:P62) -> 5021200 | S62: =IF(K62=0,0,R62/K62) -> 0.33364174
A63: 181 | E63: Pemasaran | F63: 620815008 | G63: 0 | H63: 12730112 | I63: 16383989 | J63: 72089703 | K63: =SUM(F63:J63) -> 722018812 | L63: 3.3285731e+08 | N63: 1027729.4 | O63: 1942414.4 | P63: 1.4001025e+08 | Q63: =N63+O63+P63 -> 1.4298039e+08 | R63: =SUM(L63:P63) -> 4.758377e+08 | S63: =IF(K63=0,0,R63/K63) -> 0.65903782
A64: 134 | E64: Beban pelatihan manajemen | F64: 0 | G64: 0 | H64: 0 | I64: 0 | J64: 0 | K64: =SUM(F64:J64) -> 0
A65: 132 | E65: Beban pelatihan karyawan - insidentil | F65: 0 | G65: 0 | H65: 0 | I65: 0 | J65: 0 | K65: =SUM(F65:J65) -> 0
A66: 133 | E66: Beban pelatihan karyawan - leadership | F66: 0 | G66: 0 | H66: 0 | I66: 0 | J66: 0 | K66: =SUM(F66:J66) -> 0
A67: 182 | E67: Beban pelatihan karyawan - TNA | F67: 0 | G67: 0 | H67: 0 | I67: 0 | J67: 0 | K67: =SUM(F67:J67) -> 0
A68: 137 | E68: Beban sertifikasi | F68: 0 | G68: 0 | H68: 0 | I68: 0 | J68: 0 | K68: =SUM(F68:J68) -> 0
A69: 129 | E69: Beban perekrutan karyawan | F69: 0 | G69: 0 | H69: 0 | I69: 0 | J69: 0 | K69: =SUM(F69:J69) -> 0
A70: 5 | E70: Beban uang saku magang | F70: 0 | G70: 0 | H70: 0 | I70: 0 | J70: 0 | K70: =SUM(F70:J70) -> 0
A71: 183 | E71: Akomodasi dinas dalam negeri | F71: 88305142 | G71: 0 | H71: 1810740 | I71: 2330470 | J71: 10254088 | K71: =SUM(F71:J71) -> 102700440 | L71: 24192676 | N71: 69847.642 | O71: 132012.44 | P71: 9515525.8 | Q71: =N71+O71+P71 -> 9717385.9 | R71: =SUM(L71:P71) -> 33910062 | S71: =IF(K71=0,0,R71/K71) -> 0.33018419
A72: 184 | E72: Tranportasi dinas dalam negeri | F72: 8323041 | G72: 0 | H72: 170668 | I72: 219654 | J72: 966480 | K72: =SUM(F72:J72) -> 9679843 | L72: 9218749.2 | N72: 26385.524 | O72: 49868.79 | P72: 3594568.4 | Q72: =N72+O72+P72 -> 3670822.8 | R72: =SUM(L72:P72) -> 12889572 | S72: =IF(K72=0,0,R72/K72) -> 1.331589
A73: 185 | E73: Tunjangan perjalanan dinas dalam negeri | F73: 46865884 | G73: 0 | H73: 961008 | I73: 1236842 | J73: 5442117 | K73: =SUM(F73:J73) -> 54505851 | L73: 41098260 | N73: 124363.26 | O73: 235047.26 | P73: 16942329 | Q73: =N73+O73+P73 -> 17301740 | R73: =SUM(L73:P73) -> 58400000 | S73: =IF(K73=0,0,R73/K73) -> 1.0714446
A74: 186 | E74: Akomodasi dinas luar negeri | F74: 0 | G74: 0 | H74: 0 | I74: 0 | J74: 0 | K74: =SUM(F74:J74) -> 0
A75: 187 | E75: Tranportasi dinas luar negeri | F75: 0 | G75: 0 | H75: 0 | I75: 0 | J75: 0 | K75: =SUM(F75:J75) -> 0
A76: 188 | E76: Tunjangan perjalanan dinas luar negeri | F76: 0 | G76: 0 | H76: 0 | I76: 0 | J76: 0 | K76: =SUM(F76:J76) -> 0
A77: 189 | E77: Percetakan dan inventaris kantor | F77: 61078696 | G77: 0 | H77: 1252448 | I77: 1611934 | J77: 7092524 | K77: =SUM(F77:J77) -> 71035602 | L77: 24349065 | N77: 79035.299 | O77: 149377.16 | P77: 10767184 | Q77: =N77+O77+P77 -> 10995597 | R77: =SUM(L77:P77) -> 35344662 | S77: =IF(K77=0,0,R77/K77) -> 0.49756264
A78: 190 | E78: Telepon, fax dan komunikasi - gedung | F78: 29441016 | G78: 0 | H78: 603702 | I78: 776981 | J78: 3418722 | K78: =SUM(F78:J78) -> 34240421 | L78: 9120261.9 | N78: 28787.774 | O78: 54409.057 | P78: 3921833.3 | Q78: =N78+O78+P78 -> 4005030.1 | R78: =SUM(L78:P78) -> 13125292 | S78: =IF(K78=0,0,R78/K78) -> 0.38332741
A79: 192 | E79: Telepon, fax dan komunikasi - rumah dinas | F79: 6515788 | G79: 0 | H79: 133609 | I79: 171959 | J79: 756620 | K79: =SUM(F79:J79) -> 7577976 | L79: 1620975.2 | N79: 5116.5285 | O79: 9670.2678 | P79: 697037.96 | Q79: =N79+O79+P79 -> 711824.76 | R79: =SUM(L79:P79) -> 2332800 | S79: =IF(K79=0,0,R79/K79) -> 0.30783945
A80: 193 | E80: Bensin dan parkir | F80: 32673799 | G80: 0 | H80: 669992 | I80: 862297 | J80: 3794117 | K80: =SUM(F80:J80) -> 38000205 | L80: 48055618 | N80: 143754.65 | O80: 271697.11 | P80: 19584070 | Q80: =N80+O80+P80 -> 19999521 | R80: =SUM(L80:P80) -> 68055139 | S80: =IF(K80=0,0,R80/K80) -> 1.790915
A81: 204 | E81: Beban pemeliharaan kendaraan | F81: 178466894 | G81: 0 | H81: 3659550 | I81: 4709937 | J81: 20723767 | K81: =SUM(F81:J81) -> 207560148 | L81: 17321433 | N81: 57076.183 | O81: 107874.31 | P81: 7775636.6 | Q81: =N81+O81+P81 -> 7940587.1 | R81: =SUM(L81:P81) -> 25262020 | S81: =IF(K81=0,0,R81/K81) -> 0.12170939
A82: 194 | E82: Beban penggunaan Data Center | F82: 0 | G82: 0 | H82: 0 | I82: 0 | J82: 0 | K82: =SUM(F82:J82) -> 0
A83: 195 | E83: Beban jaringan dan konektivitas | F83: 0 | G83: 0 | H83: 0 | I83: 0 | J83: 0 | K83: =SUM(F83:J83) -> 0
A84: 196 | E84: Beban penyewaan peralatan IT | F84: 0 | G84: 0 | H84: 0 | I84: 0 | J84: 0 | K84: =SUM(F84:J84) -> 0
A85: 197 | E85: Beban pemeliharaan peralatan IT | F85: 0 | G85: 0 | H85: 0 | I85: 0 | J85: 0 | K85: =SUM(F85:J85) -> 0
A86: 198 | E86: Beban pemeliharaan perangkat lunak IT | F86: 0 | G86: 0 | H86: 0 | I86: 0 | J86: 0 | K86: =SUM(F86:J86) -> 0
A87: 202 | E87: Beban pemeliharaan gedung | F87: 35708449 | G87: 0 | H87: 732219 | I87: 942385 | J87: 4146503 | K87: =SUM(F87:J87) -> 41529556 | L87: 2774283.3 | N87: 6173.5455 | O87: 11668.036 | P87: 841038.15 | Q87: =N87+O87+P87 -> 858879.73 | R87: =SUM(L87:P87) -> 3633163 | S87: 0.087483791
A88: 203 | E88: Beban pemeliharaan rumah dinas | F88: 3069279 | G88: 0 | H88: 62937 | I88: 81002 | J88: 356408 | K88: =SUM(F88:J88) -> 3569626 | L88: 1909000 | N88: 4248.0516 | O88: 8028.8416 | P88: 578723.11 | Q88: =N88+O88+P88 -> 591000 | R88: =SUM(L88:P88) -> 2500000 | S88: =IF(K88=0,0,R88/K88) -> 0.70035348
A89: 205 | E89: Beban pemeliharaan mesin dan peralatan | F89: 37159693 | G89: 0 | H89: 761977 | I89: 980685 | J89: 4315023 | K89: =SUM(F89:J89) -> 43217378 | L89: 9900346.8 | N89: 28888.47 | O89: 54599.373 | P89: 3935551.4 | Q89: =N89+O89+P89 -> 4019039.2 | R89: =SUM(L89:P89) -> 13919386 | S89: =IF(K89=0,0,R89/K89) -> 0.32207845
A90: 206 | E90: Beban pemeliharaan renovasi dan instalasi | F90: 0 | G90: 0 | H90: 0 | I90: 0 | J90: 0 | K90: =SUM(F90:J90) -> 0 | L90: -176088.87 | N90: 1265.71 | O90: 2392.1991 | P90: 172430.96 | Q90: =N90+O90+P90 -> 176088.87 | R90: =SUM(L90:P90) -> 0 | S90: =IF(K90=0,0,R90/K90) -> 0
A91: 244 | E91: Beban aset bernilai rendah | F91: 7050757 | G91: 0 | H91: 144579 | I91: 186077 | J91: 818741 | K91: =SUM(F91:J91) -> 8200154 | L91: 1199274 | N91: 5604.5961 | O91: 10592.718 | P91: 763528.69 | Q91: =N91+O91+P91 -> 779726 | R91: =SUM(L91:P91) -> 1979000 | S91: =IF(K91=0,0,R91/K91) -> 0.24133693
A92: 213 | E92: Beban pemeliharaan lainnya | F92: 0 | G92: 0 | H92: 0 | I92: 0 | J92: 0 | K92: =SUM(F92:J92) -> 0
A93: 207 | E93: Beban pemeliharaan gedung sewa | F93: 0 | G93: 0 | H93: 0 | I93: 0 | J93: 0 | K93: =SUM(F93:J93) -> 0
A94: 208 | E94: Beban pemeliharaan gudang sewa | F94: 0 | G94: 0 | H94: 0 | I94: 0 | J94: 0 | K94: =SUM(F94:J94) -> 0
A95: 209 | E95: Beban pemeliharaan rumah dinas sewa | F95: 0 | G95: 0 | H95: 0 | I95: 0 | J95: 0 | K95: =SUM(F95:J95) -> 0
A96: 211 | E96: Beban pemeliharaan peralatan sewa | F96: 0 | G96: 0 | H96: 0 | I96: 0 | J96: 0 | K96: =SUM(F96:J96) -> 0
A97: 212 | E97: Beban pemeliharaan aset sewa lainnya | F97: 0 | G97: 0 | H97: 0 | I97: 0 | J97: 0 | K97: =SUM(F97:J97) -> 0
A98: 214 | E98: Sewa kantor | F98: 189495774 | G98: 0 | H98: 3885702 | I98: 5001001 | J98: 22004452 | K98: =SUM(F98:J98) -> 220386929
A99: 215 | E99: Sewa gudang | F99: 0 | G99: 0 | H99: 0 | I99: 0 | J99: 0 | K99: =SUM(F99:J99) -> 0 | L99: 6034287.8 | N99: 19046.216 | O99: 35997.457 | P99: 2594715.5 | Q99: =N99+O99+P99 -> 2649759.2 | R99: =SUM(L99:P99) -> 8684047 | S99: 0
A100: 216 | E100: Sewa kendaraan | F100: 43658332 | G100: 0 | H100: 895235 | I100: 1152191 | J100: 5069652 | K100: =SUM(F100:J100) -> 50775410 | L100: 10131818 | N100: 31980.584 | O100: 60443.485 | P100: 4356798 | Q100: =N100+O100+P100 -> 4449222.1 | R100: =SUM(L100:P100) -> 14581040 | S100: =IF(K100=0,0,R100/K100) -> 0.28716735
A101: 210 | E101: Beban pemeliharaan kendaraan sewa | F101: 0 | G101: 0 | H101: 0 | I101: 0 | J101: 0 | K101: =SUM(F101:J101) -> 0
A102: 217 | E102: Sewa peralatan | F102: 47392688 | G102: 0 | H102: 971810 | I102: 1250745 | J102: 5503290 | K102: =SUM(F102:J102) -> 55118533 | L102: 10563689 | N102: 33343.763 | O102: 63019.902 | P102: 4542507.5 | Q102: =N102+O102+P102 -> 4638871.2 | R102: =SUM(L102:P102) -> 15202560 | S102: =IF(K102=0,0,R102/K102) -> 0.27581576
A103: 218 | E103: Sewa rumah dinas | F103: 21347985 | G103: 0 | H103: 437751 | I103: 563397 | J103: 2478951 | K103: =SUM(F103:J103) -> 24828084
A104: 219 | E104: Biaya service charge | F104: 0 | G104: 0 | H104: 0 | I104: 0 | J104: 0 | K104: =SUM(F104:J104) -> 0
A105: 220 | E105: Sewa lainnya | F105: 255526064 | G105: 0 | H105: 5239685 | I105: 6743613 | J105: 29671960 | K105: =SUM(F105:J105) -> 297181322 | L105: 58917149 | N105: 188615.64 | O105: 356484.63 | P105: 25695599 | Q105: =N105+O105+P105 -> 26240699 | R105: =SUM(L105:P105) -> 85157848 | S105: =IF(K105=0,0,R105/K105) -> 0.28655182
A106: 0 | E106: Beban CKPN | F106: 0 | G106: 0 | H106: 0 | I106: 0 | J106: 0 | K106: =SUM(F106:J106) -> 0
A107: 225 | E107: Beban pengumpulan informasi dan pengelolaan data | F107: 0 | G107: 0 | H107: 0 | I107: 0 | J107: 0 | K107: =SUM(F107:J107) -> 0
...

Sheet BANYUWANGI
D1: PT JAMKRINDO KANWIL SURABAYA
D2: LABA RUGI RKA TAHUN 2026
D5: URAIAN | F5: KANCA BANYUWANGI | L5: REALISASI KANCA BANYUWANGI | S5: %
F6: KUR | G6: PEN | H6: KBG/SURETYSHIP | I6: KONSUMTIF | J6: PRODUKTIF | K6: TOTAL | L6: KUR | M6: PEN | N6: KBG/SURETYSHIP | O6: KONSUMTIF | P6: PRODUKTIF | Q6: NON KUR | R6: TOTAL | S6: %
F7: (a) | G7: (b) | H7: (c) | I7: (d) | J7: (e) | K7: (f) | L7: (g) | M7: (h) | N7: (i) | O7: (j) | P7: (k) | Q7: (l)=i+j+k | R7: (m) | S7: (n)=m/f
C9: X1 | D9: VOLUME | F9: 4664917476572 | G9: 0 | H9: 596979491871 | I9: 458609665500 | J9: 841910450602 | K9: =SUM(F9:J9) -> 6562417084545
C11: X2 | D11: PENDAPATAN PENJAMINAN
A12: 7 | B12: 8 | E12: Imbal Jasa Penjaminan Bruto | F12: 168672834906 | G12: 0 | H12: 1945528854 | I12: 4451461040 | J12: 19296133723 | K12: =SUM(F12:J12) -> 194365958523 | L12: 7.3404052e+10 | N12: 4.9906311e+08 | O12: 2.9969306e+09 | P12: 2.3901061e+10 | Q12: =N12+O12+P12 -> 2.7397055e+10 | R12: =SUM(L12:P12) -> 1.0080111e+11 | S12: =IF(K12=0,0,R12/K12) -> 0.51861503
A13: 12 | B13: 10 | E13: Restitusi penjaminan kredit | F13: 0 | G13: 0 | H13: 0 | I13: 0 | J13: 0 | K13: =SUM(F13:J13) -> 0
A14: 9 | B14: 9 | E14: Premi Penjaminan Ulang | F14: 15188327377 | G14: 0 | H14: 236222877 | I14: 664280590 | J14: 11511401008 | K14: =SUM(F14:J14) -> 27600231852 | L14: 7.1571834e+09 | N14: 66588099 | O14: 2.3777008e+08 | P14: 3.1571286e+09 | Q14: =N14+O14+P14 -> 3.4614868e+09 | R14: =SUM(L14:P14) -> 1.061867e+10 | S14: =IF(K14=0,0,R14/K14) -> 0.38473119
C15: Y2 | E15: IMBAL JASA PENJAMINAN BERSIH | F15: =F12-F13-F14 -> 153484507529 | G15: =G12-G13-G14 -> 0 | H15: =H12-H13-H14 -> 1709305977 | I15: =I12-I13-I14 -> 3787180450 | J15: =J12-J13-J14 -> 7784732715 | K15: =K12-K13-K14 -> 166765726671 | L15: =L12-L13-L14 -> 6.6246869e+10 | N15: =N12-N13-N14 -> 4.3247501e+08 | O15: =O12-O13-O14 -> 2.7591605e+09 | P15: =P12-P13-P14 -> 2.0743932e+10 | Q15: =Q12-Q13-Q14 -> 2.3935568e+10 | R15: =R12-R13-R14 -> 9.0182436e+10 | S15: =IF(K15=0,0,R15/K15) -> 0.5407732
C16: 22
C17: X2 | D17: BEBAN KLAIM
A18: 22 | B18: 13 | E18: Beban Klaim | F18: 151625659785 | G18: 1294117808 | H18: 156790885 | I18: 1592120829 | J18: 17171350143 | K18: =SUM(F18:J18) -> 171840039450 | L18: 5.0206005e+10 | M18: 297554420 | N18: 11167088 | O18: 7.0729641e+08 | P18: 3.6758729e+10 | Q18: =N18+O18+P18 -> 3.7477193e+10 | R18: =SUM(L18:P18) -> 8.7980753e+10 | S18: =IF(K18=0,0,R18/K18) -> 0.51199216
A19: 24 | B19: 14 | E19: Kenaikan (Penurunan) Cadangan Klaim | F19: 2087831866 | G19: -320525468 | H19: 573231291 | I19: 45281226 | J19: 3760153971 | K19: =SUM(F19:J19) -> 6145972886 | L19: 2.3003485e+09 | M19: -320525468 | N19: 0 | O19: 0 | P19: 0 | Q19: 1.491054e+09 | R19: =SUM(L19:Q19) -> 3.470877e+09 | S19: =IF(K19=0,0,R19/K19) -> 0.56474005
A20: 32 | B20: 15 | E20: Pendapatan Subrogasi | F20: 40935666622 | G20: 4443882066 | H20: 26048340 | I20: 53152695 | J20: 14103682420 | K20: =SUM(F20:J20) -> 59562432143 | L20: 1.3785695e+10 | M20: 1268095741 | P20: 8.5793597e+09 | Q20: 7.059753e+09 | R20: 2.2113544e+10 | S20: =IF(K20=0,0,R20/K20) -> 0.37126664
A21: 37 | B21: 16 | E21: Beban Komisi Netto | F21: 2396724198 | G21: 0 | H21: 41053155 | I21: 101532380 | J21: 1756397793 | K21: =SUM(F21:J21) -> 4295707526 | L21: 1.1876769e+09 | N21: 10057796 | O21: 21083656 | P21: 4.743248e+08 | Q21: =N21+O21+P21 -> 5.0546625e+08 | R21: =SUM(L21:P21) -> 1.6931432e+09 | S21: =IF(K21=0,0,R21/K21) -> 0.39414768
C22: Y2 | E22: JUMLAH BEBAN KLAIM | F22: =F18+F19-F20-F21 -> 110381100831 | G22: =G18+G19-G20-G21 -> -3470289726 | H22: =H18+H19-H20-H21 -> 662920681 | I22: =I18+I19-I20-I21 -> 1482716980 | J22: =J18+J19-J20-J21 -> 5071423901 | K22: =K18+K19-K20-K21 -> 114127872667 | L22: =L18+L19-L20-L21 -> 3.7532981e+10 | M22: =M18+M19-M20-M21 -> -1291066789 | ... R22: =R18+R19-R20-R21 -> 6.7644942e+10 | S22: =IF(K22=0,0,R22/K22) -> 0.59271185
C24: X1 | D24: PENJAMINAN BERSIH | F24: =F15-F22 -> 43103406698 | G24: =G15-G22 -> 3470289726 | H24: =H15-H22 -> 1046385296 | I24: =I15-I22 -> 2304463470 | J24: =J15-J22 -> 2713308814 | K24: =K15-K22 -> 52637854004 | L24: =L15-L22 -> 2.8713887e+10 | M24: =M15-M22 -> 1291066789 | ... R24: =R15-R22 -> 2.2537494e+10 | S24: =IF(K24=0,0,R24/K24) -> 0.42816134
B26: 19 | C26: X1 | D26: PENDAPATAN INVESTASI BERSIH | F26: 0 | G26: 0 | H26: 0 | I26: 0 | J26: 0 | K26: 0
C28: X1 | D28: BEBAN USAHA
C29: X2 | E29: BEBAN KARYAWAN
A30: 94 | E30: Beban gaji karyawan | F30: 1373594926 | G30: 0 | H30: 28166228 | I30: 36250676 | J30: 159503313 | K30: =SUM(F30:J30) -> 1597515143 | L30: 5.8618355e+08 | N30: 4688599.2 | O30: 28155570 | P30: 2.2454574e+08 | Q30: =N30+O30+P30 -> 2.5738991e+08 | R30: =SUM(L30:P30) -> 843573458 | S30: =IF(K30=0,0,R30/K30) -> 0.5280535
A31: 95 | E31: Beban lembur karyawan | F31: 43007556 | G31: 0 | H31: 881891 | I31: 1135017 | J31: 4994083 | K31: =SUM(F31:J31) -> 50018547 | L31: 13063149 | N31: 115856.7 | O31: 695732.63 | P31: 5548593 | Q31: =N31+O31+P31 -> 6360182.3 | R31: =SUM(L31:P31) -> 19423331 | S31: =IF(K31=0,0,R31/K31) -> 0.38832258
A32: 96 | E32: Beban asuransi kesehatan karyawan | F32: 192494242 | G32: 0 | H32: 3947187 | I32: 5080134 | J32: 22352637 | K32: =SUM(F32:J32) -> 223874200 | L32: 8343150 | N32: 66612.961 | O32: 400018.39 | P32: 3190218.7 | Q32: =N32+O32+P32 -> 3656850 | R32: =SUM(L32:P32) -> 12000000 | S32: =IF(K32=0,0,R32/K32) -> 0.053601532
A33: 97 | E33: Beban asuransi jiwa karyawan | F33: 8819257 | G33: 0 | H33: 180843 | I33: 232750 | J33: 1024102 | K33: =SUM(F33:J33) -> 10256952
A34: 100 | E34: Beban dana pensiun | F34: 139781686 | G34: 0 | H34: 2866291 | I34: 3688992 | J34: 16231599 | K34: =SUM(F34:J34) -> 162568568
A35: 101 | E35: Beban kompensasi kinerja karyawan | F35: 1320125564 | G35: 0 | H35: 27069812 | I35: 34839561 | J35: 153294394 | K35: =SUM(F35:J35) -> 1535329331 | L35: 7.175736e+08 | N35: 5740037.8 | O35: 34469578 | P35: 2.7490109e+08 | Q35: =N35+O35+P35 -> 3.1511071e+08 | R35: =SUM(L35:P35) -> 1.0326843e+09 | S35: =IF(K35=0,0,R35/K35) -> 0.6726142
A36: 102 | E36: Biaya jasa kini karyawan | F36: 0 | G36: 0 | H36: 0 | I36: 0 | J36: 0 | K36: =SUM(F36:J36) -> 0
A37: 103 | E37: Biaya jasa lalu karyawan | F37: 0 | G37: 0 | H37: 0 | I37: 0 | J37: 0 | K37: =SUM(F37:J37) -> 0
A38: 104 | E38: Bunga atas imbalan pasca kerja karyawan | F38: 211364124 | G38: 0 | H38: 4334123 | I38: 5578131 | J38: 24543828 | K38: =SUM(F38:J38) -> 245820206
A39: 105 | E39: Beban BPJS kesehatan karyawan | F39: 53644310 | G39: 0 | H39: 1100002 | I39: 1415732 | J39: 6229235 | K39: =SUM(F39:J39) -> 62389279
A40: 106 | E40: Beban BPJS jaminan hari tua karyawan | F40: 76099765 | G40: 0 | H40: 1560462 | I40: 2008356 | J40: 8836786 | K40: =SUM(F40:J40) -> 88505369
A41: 107 | E41: Beban BPJS jaminan kecelakaan kerja dan jaminan kematian karyawan | F41: 11044568 | G41: 0 | H41: 226474 | I41: 291478 | J41: 1282507 | K41: =SUM(F41:J41) -> 12845027
A42: 108 | E42: Beban BPJS jaminan pensiun karyawan | F42: 25591071 | G42: 0 | H42: 524757 | I42: 675376 | J42: 2971663 | K42: =SUM(F42:J42) -> 29762867
A43: 109 | E43: Beban tunjangan hari raya karyawan | F43: 208448745 | G43: 0 | H43: 4274342 | I43: 5501191 | J43: 24205291 | K43: =SUM(F43:J43) -> 242429569 | L43: 2.1674183e+08 | N43: 1805775.6 | O43: 10843887 | P43: 86481954 | Q43: =N43+O43+P43 -> 99131618 | R43: =SUM(L43:P43) -> 3.1587345e+08 | S43: =IF(K43=0,0,R43/K43) -> 1.3029494
A44: 110 | E44: Beban tunjangan PPh 21 karyawan | F44: 1636557381 | G44: 0 | H44: 33558400 | I44: 43190544 | J44: 190038795 | K44: =SUM(F44:J44) -> 1903345120 | L44: 3.0354231e+08 | N44: 2656169 | O44: 15950596 | P44: 1.2720887e+08 | Q44: =N44+O44+P44 -> 1.4581564e+08 | R44: =SUM(L44:P44) -> 4.4935795e+08 | S44: =IF(K44=0,0,R44/K44) -> 0.23608853
A45: 111 | E45: Beban tunjangan transportasi karyawan | F45: 32713050 | G45: 0 | H45: 670797 | I45: 863333 | J45: 3798674 | K45: =SUM(F45:J45) -> 38045854 | L45: 27000827 | N45: 216147.43 | O45: 1297989.9 | P45: 10351703 | Q45: =N45+O45+P45 -> 11865840 | R45: =SUM(L45:P45) -> 38866667 | S45: =IF(K45=0,0,R45/K45) -> 1.0215743
A46: 112 | E46: Beban tunjangan jabatan | F46: 754992506 | G46: 0 | H46: 15481486 | I46: 19925080 | J46: 87670538 | K46: =SUM(F46:J46) -> 878069610 | L46: 3.4695236e+08 | N46: 2780013.2 | O46: 16694294 | P46: 1.3314e+08 | Q46: =N46+O46+P46 -> 1.5261431e+08 | R46: =SUM(L46:P46) -> 4.9956667e+08 | S46: =IF(K46=0,0,R46/K46) -> 0.56893743
A47: 113 | E47: Beban tunjangan cuti besar | F47: 17568241 | G47: 0 | H47: 360245 | I47: 463645 | J47: 2040043 | K47: =SUM(F47:J47) -> 20432174
A48: 114 | E48: Beban tunjangan cuti tahunan | F48: 168557514 | G48: 0 | H48: 3456353 | I48: 4448418 | J48: 19573079 | K48: =SUM(F48:J48) -> 196035364
A49: 115 | E49: Beban tunjangan makan | F49: 193643098 | G49: 0 | H49: 3970745 | I49: 5110454 | J49: 22486044 | K49: =SUM(F49:J49) -> 225210341 | L49: 1.1794857e+08 | N49: 917344.38 | O49: 5508757.1 | P49: 43933329 | Q49: =N49+O49+P49 -> 50359431 | R49: =SUM(L49:P49) -> 168308000 | S49: =IF(K49=0,0,R49/K49) -> 0.74733691
A50: 124 | E50: Beban Tunjangan Pakaian Kerja | F50: 45514555 | G50: 0 | H50: 933298 | I50: 1201179 | J50: 5285199 | K50: =SUM(F50:J50) -> 52934231
A51: 143 | E51: Beban kompensasi PKWT/PKWTT | F51: 0 | G51: 0 | H51: 0 | I51: 0 | J51: 0 | K51: =SUM(F51:J51) -> 0
A52: 0 | E52: Beban tunjangan lainnya | F52: 97601340 | G52: 0 | H52: 2001363 | I52: 2575806 | J52: 11333572 | K52: =SUM(F52:J52) -> 113512081 | L52: 63692204 | N52: 513679.73 | O52: 3084705 | P52: 24601078 | Q52: =N52+O52+P52 -> 28199463 | R52: =SUM(L52:P52) -> 91891667 | S52: =IF(K52=0,0,R52/K52) -> 0.80953204
B53: 21 | C53: Y2 | E53: Total Beban Karyawan | F53: =SUM(F30:F52) -> 6611163499 | G53: =SUM(G30:G52) -> 0 | H53: =SUM(H30:H52) -> 135565099 | I53: =SUM(I30:I52) -> 174475853 | J53: =SUM(J30:J52) -> 767695382 | K53: =SUM(K30:K52) -> 7688899833 | L53: =SUM(L30:L52) -> 2.4010415e+09 | N53: =SUM(N30:N52) -> 19500236 | O53: =SUM(O30:O52) -> 1.1710113e+08 | P53: =SUM(P30:P52) -> 9.3390258e+08 | Q53: =SUM(Q30:Q52) -> 1.0705039e+09 | R53: =SUM(R30:R52) -> 3.4715455e+09 | S53: =IF(K53=0,0,R53/K53) -> 0.45150094
C54: 22
C55: X2 | E55: BEBAN ADMINISTRASI & UMUM
A56: 169 | E56: Imbal jasa profesional - akuntan publik | F56: 0 | G56: 0 | H56: 0 | I56: 0 | J56: 0 | K56: =SUM(F56:J56) -> 0
A57: 171 | E57: Imbal jasa profesional - konsultan hukum | F57: 0 | G57: 0 | H57: 0 | I57: 0 | J57: 0 | K57: =SUM(F57:J57) -> 0
A58: 175 | E58: Imbal jasa profesional - konsultan manajemen (SDM, SOP, Akuntansi dll) | F58: 0 | G58: 0 | H58: 0 | I58: 0 | J58: 0 | K58: =SUM(F58:J58) -> 0
A59: 176 | E59: Beban imbal jasa profesional IT | F59: 0 | G59: 0 | H59: 0 | I59: 0 | J59: 0 | K59: =SUM(F59:J59) -> 0
A60: 177 | E60: Imbal jasa profesional - lainnya | F60: 0 | G60: 0 | H60: 0 | I60: 0 | J60: 0 | K60: =SUM(F60:J60) -> 0
A61: 179 | E61: Air, listrik dan utilitas - gedung | F61: 62905579 | G61: 0 | H61: 1289909 | I61: 1660147 | J61: 7304663 | K61: =SUM(F61:J61) -> 73160298 | L61: 41076053 | N61: 326103.55 | O61: 1958288.8 | P61: 15617706 | Q61: =N61+O61+P61 -> 17902098 | R61: =SUM(L61:P61) -> 58978151 | S61: =IF(K61=0,0,R61/K61) -> 0.80614968
A62: 180 | E62: Air, listrik dan utilitas - rumah dinas | F62: 9390882 | G62: 0 | H62: 192565 | I62: 247836 | J62: 1090479 | K62: =SUM(F62:J62) -> 10921762 | L62: 4605260 | N62: 37673.114 | O62: 226231.33 | P62: 1804235.5 | Q62: =N62+O62+P62 -> 2068140 | R62: =SUM(L62:P62) -> 6673400 | S62: =IF(K62=0,0,R62/K62) -> 0.61101863
A63: 181 | E63: Pemasaran | F63: 446963084 | G63: 0 | H63: 9165194 | I63: 11795846 | J63: 51901832 | K63: =SUM(F63:J63) -> 519825956 | L63: 2.2815429e+08 | N63: 1944368.1 | O63: 11676151 | P63: 93119404 | Q63: =N63+O63+P63 -> 1.0673992e+08 | R63: =SUM(L63:P63) -> 3.3489422e+08 | S63: =IF(K63=0,0,R63/K63) -> 0.64424297
A64: 134 | E64: Beban pelatihan manajemen | F64: 0 | G64: 0 | H64: 0 | I64: 0 | J64: 0 | K64: =SUM(F64:J64) -> 0
A65: 132 | E65: Beban pelatihan karyawan - insidentil | F65: 0 | G65: 0 | H65: 0 | I65: 0 | J65: 0 | K65: =SUM(F65:J65) -> 0
A66: 133 | E66: Beban pelatihan karyawan - leadership | F66: 0 | G66: 0 | H66: 0 | I66: 0 | J66: 0 | K66: =SUM(F66:J66) -> 0
A67: 182 | E67: Beban pelatihan karyawan - TNA | F67: 0 | G67: 0 | H67: 0 | I67: 0 | J67: 0 | K67: =SUM(F67:J67) -> 0
A68: 137 | E68: Beban sertifikasi | F68: 0 | G68: 0 | H68: 0 | I68: 0 | J68: 0 | K68: =SUM(F68:J68) -> 0
A69: 129 | E69: Beban perekrutan karyawan | F69: 0 | G69: 0 | H69: 0 | I69: 0 | J69: 0 | K69: =SUM(F69:J69) -> 0
A70: 5 | E70: Beban uang saku magang | F70: 0 | G70: 0 | H70: 0 | I70: 0 | J70: 0 | K70: =SUM(F70:J70) -> 0
A71: 183 | E71: Akomodasi dinas dalam negeri | F71: 88305142 | G71: 0 | H71: 1810740 | I71: 2330470 | J71: 10254088 | K71: =SUM(F71:J71) -> 102700440 | L71: 22031578 | N71: 167096.81 | O71: 1003435.3 | P71: 8002577.2 | Q71: =N71+O71+P71 -> 9173109.3 | R71: =SUM(L71:P71) -> 31204687 | S71: =IF(K71=0,0,R71/K71) -> 0.3038418
A72: 184 | E72: Tranportasi dinas dalam negeri | F72: 8323041 | G72: 0 | H72: 170668 | I72: 219654 | J72: 966480 | K72: =SUM(F72:J72) -> 9679843 | L72: 15882731 | N72: 128731.01 | O72: 773044.34 | P72: 6165167.8 | Q72: =N72+O72+P72 -> 7066943.2 | R72: =SUM(L72:P72) -> 22949674 | S72: =IF(K72=0,0,R72/K72) -> 2.3708725
A73: 185 | E73: Tunjangan perjalanan dinas dalam negeri | F73: 46865884 | G73: 0 | H73: 961008 | I73: 1236842 | J73: 5442117 | K73: =SUM(F73:J73) -> 54505851 | L73: 54589570 | N73: 446480.53 | O73: 2681166.2 | P73: 21382783 | Q73: =N73+O73+P73 -> 24510430 | R73: =SUM(L73:P73) -> 79100000 | S73: =IF(K73=0,0,R73/K73) -> 1.4512203
A74: 186 | E74: Akomodasi dinas luar negeri | F74: 0 | G74: 0 | H74: 0 | I74: 0 | J74: 0 | K74: =SUM(F74:J74) -> 0
A75: 187 | E75: Tranportasi dinas luar negeri | F75: 0 | G75: 0 | H75: 0 | I75: 0 | J75: 0 | K75: =SUM(F75:J75) -> 0
A76: 188 | E76: Tunjangan perjalanan dinas luar negeri | F76: 0 | G76: 0 | H76: 0 | I76: 0 | J76: 0 | K76: =SUM(F76:J76) -> 0
A77: 189 | E77: Percetakan dan inventaris kantor | F77: 128875222 | G77: 0 | H77: 2642649 | I77: 3401158 | J77: 14965129 | K77: =SUM(F77:J77) -> 149884158 | L77: 64498559 | N77: 523437.62 | O77: 3143302.3 | P77: 25068401 | Q77: =N77+O77+P77 -> 28735141 | R77: =SUM(L77:P77) -> 93233700 | S77: =IF(K77=0,0,R77/K77) -> 0.62203839
A78: 190 | E78: Telepon, fax dan komunikasi - gedung | F78: 20525825 | G78: 0 | H78: 420892 | I78: 541699 | J78: 2383481 | K78: =SUM(F78:J78) -> 23871897 | L78: 26897370 | N78: 215539.72 | O78: 1294340.5 | P78: 10322598 | Q78: =N78+O78+P78 -> 11832478 | R78: =SUM(L78:P78) -> 38729848 | S78: =IF(K78=0,0,R78/K78) -> 1.6224034
A79: 192 | E79: Telepon, fax dan komunikasi - rumah dinas | F79: 4728599 | G79: 0 | H79: 96962 | I79: 124793 | J79: 549090 | K79: =SUM(F79:J79) -> 5499444 | L79: 1902806.4 | N79: 15284.88 | O79: 91787.44 | P79: 732021.36 | Q79: =N79+O79+P79 -> 839093.68 | R79: =SUM(L79:P79) -> 2741900 | S79: =IF(K79=0,0,R79/K79) -> 0.49857768
A80: 193 | E80: Bensin dan parkir | F80: 22095102 | G80: 0 | H80: 453071 | I80: 583114 | J80: 2565707 | K80: =SUM(F80:J80) -> 25696994 | L80: 34206029 | N80: 288295.27 | O80: 1731245.8 | P80: 13806997 | Q80: =N80+O80+P80 -> 15826538 | R80: =SUM(L80:P80) -> 50032567 | S80: =IF(K80=0,0,R80/K80) -> 1.9470202
A81: 204 | E81: Beban pemeliharaan kendaraan | F81: 106595790 | G81: 0 | H81: 2185798 | I81: 2813180 | J81: 12378017 | K81: =SUM(F81:J81) -> 123972785 | L81: 47577523 | N81: 383960.34 | O81: 2305725.4 | P81: 18388575 | Q81: =N81+O81+P81 -> 21078261 | R81: =SUM(L81:P81) -> 68655784 | S81: =IF(K81=0,0,R81/K81) -> 0.55379722
A82: 194 | E82: Beban penggunaan Data Center | F82: 0 | G82: 0 | H82: 0 | I82: 0 | J82: 0 | K82: =SUM(F82:J82) -> 0
A83: 195 | E83: Beban jaringan dan konektivitas | F83: 0 | G83: 0 | H83: 0 | I83: 0 | J83: 0 | K83: =SUM(F83:J83) -> 0
A84: 196 | E84: Beban penyewaan peralatan IT | F84: 0 | G84: 0 | H84: 0 | I84: 0 | J84: 0 | K84: =SUM(F84:J84) -> 0
A85: 197 | E85: Beban pemeliharaan peralatan IT | F85: 0 | G85: 0 | H85: 0 | I85: 0 | J85: 0 | K85: =SUM(F85:J85) -> 0
A86: 198 | E86: Beban pemeliharaan perangkat lunak IT | F86: 0 | G86: 0 | H86: 0 | I86: 0 | J86: 0 | K86: =SUM(F86:J86) -> 0
A87: 202 | E87: Beban pemeliharaan gedung | F87: 103898926 | G87: 0 | H87: 2130498 | I87: 2742007 | J87: 12064855 | K87: =SUM(F87:J87) -> 120836286 | L87: 46073841 | N87: 394572.01 | O87: 2369449.7 | P87: 18896788 | Q87: =N87+O87+P87 -> 21660809 | R87: =SUM(L87:P87) -> 67734650 | S87: 0.56054892
A88: 203 | E88: Beban pemeliharaan rumah dinas | F88: 2227419 | G88: 0 | H88: 45674 | I88: 58784 | J88: 258650 | K88: =SUM(F88:J88) -> 2590527
A89: 205 | E89: Beban pemeliharaan mesin dan peralatan | F89: 36237013 | G89: 0 | H89: 743057 | I89: 956335 | J89: 4207881 | K89: =SUM(F89:J89) -> 42144286 | L89: 23861073 | N89: 203202.13 | O89: 1220251.9 | P89: 9731728.3 | Q89: =N89+O89+P89 -> 11155182 | R89: =SUM(L89:P89) -> 35016255 | S89: =IF(K89=0,0,R89/K89) -> 0.83086602
A90: 206 | E90: Beban pemeliharaan renovasi dan instalasi | F90: 0 | G90: 0 | H90: 0 | I90: 0 | J90: 0 | K90: =SUM(F90:J90) -> 0
A91: 244 | E91: Beban aset bernilai rendah | F91: 9988572 | G91: 0 | H91: 204821 | I91: 263609 | J91: 1159884 | K91: =SUM(F91:J91) -> 11616886 | L91: 7847148.2 | N91: 72494.922 | O91: 435340.23 | P91: 3471916.7 | Q91: =N91+O91+P91 -> 3979751.9 | R91: =SUM(L91:P91) -> 11826900 | S91: =IF(K91=0,0,R91/K91) -> 1.0180783
A92: 213 | E92: Beban pemeliharaan lainnya | F92: 0 | G92: 0 | H92: 0 | I92: 0 | J92: 0 | K92: =SUM(F92:J92) -> 0
A93: 207 | E93: Beban pemeliharaan gedung sewa | F93: 0 | G93: 0 | H93: 0 | I93: 0 | J93: 0 | K93: =SUM(F93:J93) -> 0
A94: 208 | E94: Beban pemeliharaan gudang sewa | F94: 0 | G94: 0 | H94: 0 | I94: 0 | J94: 0 | K94: =SUM(F94:J94) -> 0
A95: 209 | E95: Beban pemeliharaan rumah dinas sewa | F95: 0 | G95: 0 | H95: 0 | I95: 0 | J95: 0 | K95: =SUM(F95:J95) -> 0
A96: 211 | E96: Beban pemeliharaan peralatan sewa | F96: 0 | G96: 0 | H96: 0 | I96: 0 | J96: 0 | K96: =SUM(F96:J96) -> 0
A97: 212 | E97: Beban pemeliharaan aset sewa lainnya | F97: 0 | G97: 0 | H97: 0 | I97: 0 | J97: 0 | K97: =SUM(F97:J97) -> 0
A98: 214 | E98: Sewa kantor | F98: 189495774 | G98: 0 | H98: 3885702 | I98: 5001001 | J98: 22004452 | K98: =SUM(F98:J98) -> 220386929 | L98: 13003081 | N98: 108670.35 | O98: 652577.75 | P98: 5204425 | Q98: =N98+O98+P98 -> 5965673.1 | R98: =SUM(L98:P98) -> 18968754 | S98: =IF(K98=0,0,R98/K98) -> 0.086070232
A99: 215 | E99: Sewa gudang | F99: 0 | G99: 0 | H99: 0 | I99: 0 | J99: 0 | K99: =SUM(F99:J99) -> 0
A100: 216 | E100: Sewa kendaraan | F100: 43884781 | G100: 0 | H100: 899879 | I100: 1158167 | J100: 5095948 | K100: =SUM(F100:J100) -> 51038775 | L100: 17980394 | N100: 139483.59 | O100: 837614.8 | P100: 6680128.8 | Q100: =N100+O100+P100 -> 7657227.2 | R100: =SUM(L100:P100) -> 25637621 | S100: =IF(K100=0,0,R100/K100) -> 0.50231654
A101: 210 | E101: Beban pemeliharaan kendaraan sewa | F101: 0 | G101: 0 | H101: 0 | I101: 0 | J101: 0 | K101: =SUM(F101:J101) -> 0
A102: 217 | E102: Sewa peralatan | F102: 110582938 | G102: 0 | H102: 2267557 | I102: 2918405 | J102: 12841009 | K102: =SUM(F102:J102) -> 128609909 | L102: 1.2015815e+08 | N102: 962555.9 | O102: 5780257.4 | P102: 46098593 | Q102: =N102+O102+P102 -> 52841406 | R102: =SUM(L102:P102) -> 172999557 | S102: =IF(K102=0,0,R102/K102) -> 1.3451495
A103: 218 | E103: Sewa rumah dinas | F103: 21347985 | G103: 0 | H103: 437751 | I103: 563397 | J103: 2478951 | K103: =SUM(F103:J103) -> 24828084
A104: 219 | E104: Biaya service charge | F104: 0 | G104: 0 | H104: 0 | I104: 0 | J104: 0 | K104: =SUM(F104:J104) -> 0
A105: 220 | E105: Sewa lainnya | F105: 0 | G105: 0 | H105: 0 | I105: 0 | J105: 0 | K105: =SUM(F105:J105) -> 0
A106: 0 | E106: Beban CKPN | F106: 0 | G106: 0 | H106: 0 | I106: 0 | J106: 0 | K106: =SUM(F106:J106) -> 0
A107: 225 | E107: Beban pengumpulan informasi dan pengelolaan data | F107: 0 | G107: 0 | H107: 0 | I107: 0 | J107: 0 | K107: =SUM(F107:J107) -> 0
...
